# -*- coding: utf-8 -*-
# SPDX-FileCopyrightText: 2025-2026 Yuchen Wang
# SPDX-License-Identifier: GPL-3.0-only

# Resource object code
#
# Created by: The Resource Compiler for PyQt5 (Qt v5.15.2)
#
# WARNING! All changes made in this file will be lost!

from PyQt5 import QtCore

qt_resource_data = b"\
\x00\x00\xbf\xba\
\xff\
\xd8\xff\xe0\x00\x10\x4a\x46\x49\x46\x00\x01\x01\x00\x00\x01\x00\
\x01\x00\x00\xff\xdb\x00\x43\x00\x08\x06\x06\x07\x06\x05\x08\x07\
\x07\x07\x09\x09\x08\x0a\x0c\x14\x0d\x0c\x0b\x0b\x0c\x19\x12\x13\
\x0f\x14\x1d\x1a\x1f\x1e\x1d\x1a\x1c\x1c\x20\x24\x2e\x27\x20\x22\
\x2c\x23\x1c\x1c\x28\x37\x29\x2c\x30\x31\x34\x34\x34\x1f\x27\x39\
\x3d\x38\x32\x3c\x2e\x33\x34\x32\xff\xdb\x00\x43\x01\x09\x09\x09\
\x0c\x0b\x0c\x18\x0d\x0d\x18\x32\x21\x1c\x21\x32\x32\x32\x32\x32\
\x32\x32\x32\x32\x32\x32\x32\x32\x32\x32\x32\x32\x32\x32\x32\x32\
\x32\x32\x32\x32\x32\x32\x32\x32\x32\x32\x32\x32\x32\x32\x32\x32\
\x32\x32\x32\x32\x32\x32\x32\x32\x32\x32\x32\x32\x32\xff\xc0\x00\
\x11\x08\x01\x90\x02\x58\x03\x01\x22\x00\x02\x11\x01\x03\x11\x01\
\xff\xc4\x00\x1f\x00\x00\x01\x05\x01\x01\x01\x01\x01\x01\x00\x00\
\x00\x00\x00\x00\x00\x00\x01\x02\x03\x04\x05\x06\x07\x08\x09\x0a\
\x0b\xff\xc4\x00\xb5\x10\x00\x02\x01\x03\x03\x02\x04\x03\x05\x05\
\x04\x04\x00\x00\x01\x7d\x01\x02\x03\x00\x04\x11\x05\x12\x21\x31\
\x41\x06\x13\x51\x61\x07\x22\x71\x14\x32\x81\x91\xa1\x08\x23\x42\
\xb1\xc1\x15\x52\xd1\xf0\x24\x33\x62\x72\x82\x09\x0a\x16\x17\x18\
\x19\x1a\x25\x26\x27\x28\x29\x2a\x34\x35\x36\x37\x38\x39\x3a\x43\
\x44\x45\x46\x47\x48\x49\x4a\x53\x54\x55\x56\x57\x58\x59\x5a\x63\
\x64\x65\x66\x67\x68\x69\x6a\x73\x74\x75\x76\x77\x78\x79\x7a\x83\
\x84\x85\x86\x87\x88\x89\x8a\x92\x93\x94\x95\x96\x97\x98\x99\x9a\
\xa2\xa3\xa4\xa5\xa6\xa7\xa8\xa9\xaa\xb2\xb3\xb4\xb5\xb6\xb7\xb8\
\xb9\xba\xc2\xc3\xc4\xc5\xc6\xc7\xc8\xc9\xca\xd2\xd3\xd4\xd5\xd6\
\xd7\xd8\xd9\xda\xe1\xe2\xe3\xe4\xe5\xe6\xe7\xe8\xe9\xea\xf1\xf2\
\xf3\xf4\xf5\xf6\xf7\xf8\xf9\xfa\xff\xc4\x00\x1f\x01\x00\x03\x01\
\x01\x01\x01\x01\x01\x01\x01\x01\x00\x00\x00\x00\x00\x00\x01\x02\
\x03\x04\x05\x06\x07\x08\x09\x0a\x0b\xff\xc4\x00\xb5\x11\x00\x02\
\x01\x02\x04\x04\x03\x04\x07\x05\x04\x04\x00\x01\x02\x77\x00\x01\
\x02\x03\x11\x04\x05\x21\x31\x06\x12\x41\x51\x07\x61\x71\x13\x22\
\x32\x81\x08\x14\x42\x91\xa1\xb1\xc1\x09\x23\x33\x52\xf0\x15\x62\
\x72\xd1\x0a\x16\x24\x34\xe1\x25\xf1\x17\x18\x19\x1a\x26\x27\x28\
\x29\x2a\x35\x36\x37\x38\x39\x3a\x43\x44\x45\x46\x47\x48\x49\x4a\
\x53\x54\x55\x56\x57\x58\x59\x5a\x63\x64\x65\x66\x67\x68\x69\x6a\
\x73\x74\x75\x76\x77\x78\x79\x7a\x82\x83\x84\x85\x86\x87\x88\x89\
\x8a\x92\x93\x94\x95\x96\x97\x98\x99\x9a\xa2\xa3\xa4\xa5\xa6\xa7\
\xa8\xa9\xaa\xb2\xb3\xb4\xb5\xb6\xb7\xb8\xb9\xba\xc2\xc3\xc4\xc5\
\xc6\xc7\xc8\xc9\xca\xd2\xd3\xd4\xd5\xd6\xd7\xd8\xd9\xda\xe2\xe3\
\xe4\xe5\xe6\xe7\xe8\xe9\xea\xf2\xf3\xf4\xf5\xf6\xf7\xf8\xf9\xfa\
\xff\xda\x00\x0c\x03\x01\x00\x02\x11\x03\x11\x00\x3f\x00\xf6\x81\
\x00\x27\xb5\x4c\xb0\x28\xe4\xd4\x4b\x2a\xd4\x8d\x28\x23\x8a\xd0\
\x81\x5b\x6a\x8e\x31\x50\xbc\x9d\xb3\x81\x4c\x66\x27\xbd\x57\x91\
\xf6\xe6\x8b\x03\x64\xac\xaa\xe0\x83\xcd\x66\xcb\xa4\x5b\xb6\xe7\
\x78\xd4\xe7\xda\xa5\x4b\x82\x09\xee\x29\xed\x7f\x19\x5d\x9b\x79\
\xc7\xad\x69\x16\xd6\xc6\x6e\xcc\xe7\x24\xf0\xed\xa9\xb8\x2d\x22\
\x1d\xa7\xa5\x6b\x45\xa6\x5b\x0b\x5f\x26\x14\xf9\x71\x82\x7b\xd5\
\x6b\xbb\xd9\x9d\x9f\x62\x6d\x03\x8c\x9a\xb9\xa7\x5c\xc8\x51\x43\
\x8e\x49\xeb\x8a\xd2\x4e\x56\xb9\x0a\x2a\xe6\x43\x78\x73\x7d\xc1\
\x67\x41\xb0\xb7\x43\xce\x6a\xdc\x7a\x3c\x50\xb0\x11\xc6\xb1\x91\
\xe9\x5d\x1a\x11\xbb\x9e\x45\x47\x75\x09\x95\xd3\x66\x01\x1d\x6a\
\x5d\x59\x3d\xca\x50\x4b\x63\x26\x64\x97\x0b\xe5\x29\x38\x38\x27\
\x1d\x05\x55\x83\x43\xb8\x9a\xe0\xc9\x2c\x84\x46\x4f\x18\xea\x6b\
\xa5\x86\x0f\x2d\x79\xeb\x56\x11\x40\x1d\x2a\x7d\xa5\xb6\x2b\x93\
\xab\x32\x93\x49\x84\x28\xc0\x2b\x8a\x1d\x92\xde\x40\x8a\xe1\x8f\
\xa6\x39\xad\x52\x33\x50\x8b\x54\xf3\x7c\xd2\xa3\x7f\xad\x4f\x3d\
\xf7\x2a\xc3\xed\xb3\xb7\x27\x23\x35\x64\x11\x8a\x87\x38\xa3\x7d\
\x43\x28\x98\x30\xcd\x3c\x11\x55\x84\x80\x53\xbc\xc0\x7b\xd2\x19\
\x39\xc5\x55\xb8\x4d\xc0\xd4\xbb\xc1\x14\xd6\x20\x8a\x04\xcc\xd7\
\x80\x67\xa5\x42\xf0\x0f\x4a\xbd\x26\x06\x4d\x42\xcd\x81\xc5\x5a\
\x25\x95\xd2\x10\x18\x71\x53\x9b\x65\xc7\x03\x14\x8a\xdc\xd5\x85\
\x60\x45\x02\x2b\x7d\x9b\x9e\x94\xb2\x43\x85\xf9\x7a\xd5\xc5\xc1\
\xa4\x78\xfd\x28\xb8\xec\x41\x1a\x9c\x0e\x05\x0e\x31\x56\x52\x22\
\x69\xe6\x15\xef\x48\x76\x33\xb6\x13\xda\x9a\x61\x3e\x95\xa7\xe5\
\xa8\xed\x41\x45\xc7\x41\x45\xc2\xc6\x4b\x41\x9a\x81\xa1\x2b\xd4\
\xd6\xb4\xab\x8a\xa7\x22\xf5\xaa\xb9\x2d\x14\xfc\xb1\xed\x4e\x45\
\xc3\x53\xa9\x40\xe6\x98\x89\x94\xf1\x45\x20\xe9\x52\x2a\xe6\xa4\
\x63\x2a\xcc\x4a\xcc\xa3\x8a\x41\x16\x6a\xc2\x29\x55\x19\xa4\x34\
\x42\xeb\x9a\x8b\x66\x6a\xce\x33\x9a\x15\x41\x34\xae\x3b\x15\xfc\
\xa3\x8f\x4a\x43\x0b\x28\xc9\x35\x72\x4f\xbb\x8c\x53\x19\x4b\x01\
\x8a\x77\x0b\x14\xc2\xd4\x13\xc2\xcc\x73\xd0\x56\x92\x40\x49\xe6\
\x92\x68\xd5\x63\x39\xa2\xe2\x66\x0b\x29\x53\x4a\xa7\x9a\xb9\x2c\
\x1b\x86\x40\xa8\x85\xb9\x35\x69\x91\x60\x52\xa4\x60\x8a\x6c\x91\
\xa9\x19\xc5\x49\xe5\x15\xa5\x0b\x4c\x65\x09\x63\xc7\x22\xa1\xe7\
\x35\xa3\x22\x67\xb5\x57\x31\xf3\xd2\x98\x88\xd5\x69\xe3\xa5\x3b\
\x65\x2e\xce\x29\x01\x13\xae\x45\x45\xb7\x15\x60\xa9\xa6\x11\x4c\
\x08\xfa\x50\x58\x01\x48\xc7\x15\x0b\x13\xcd\x00\x3d\xa4\x18\xa8\
\x5a\x4a\x69\xe6\x98\x46\x39\xa6\x20\x32\x1f\x5a\x61\x24\xd2\x1a\
\x69\x6c\x1a\x04\x2b\x1a\x61\x34\x16\xcd\x37\x3e\xd4\xd0\x09\xce\
\x29\x84\x54\xb8\xf6\xa6\xe3\x8a\x60\x43\xb4\xd3\x58\x66\xa7\x0b\
\x93\x4f\x58\x79\xcd\x00\x53\xf2\x9a\x9e\xb0\xb5\x68\xad\xb6\x6a\
\xe4\x36\xaa\xab\xc8\xe6\x95\xc2\xc6\x75\xb5\xb9\x2d\xc8\x35\xa0\
\x2d\x47\x70\x2a\xd2\xc6\xab\xc8\x14\x8c\x29\x5c\xa2\x93\x5b\x26\
\x7a\x0a\x89\xe2\x41\xfc\x22\xae\x35\x55\x94\xf3\x48\x0a\x92\xaa\
\x93\x8c\x55\x63\x0a\x92\x78\xab\x4f\xf7\xaa\x22\x45\x5a\x24\x87\
\xcb\x5f\x4a\x29\xf8\xc9\xa2\x98\x1d\xc7\x9b\xcf\x5a\x3c\xff\x00\
\x7a\x80\x02\x46\x69\x1b\x23\x8a\xc6\xc5\xdc\xb7\xe6\x8f\x6a\xaf\
\x2c\x9b\x89\x1d\xaa\x3c\x90\x39\xa8\x9d\xc0\x19\x26\xa9\x20\x6c\
\x8e\x47\x74\x8d\xb6\x72\x40\xaa\xdb\xd9\x55\x5b\xcb\x62\xcd\xd4\
\x54\xc2\x54\x70\x70\xd4\x9e\x62\xff\x00\x7b\x9a\xb4\x8c\xdb\x18\
\x22\x32\xe0\xb2\xe7\x27\x91\xde\xad\xa0\x08\xaa\xaa\x0a\x85\xe9\
\x9a\xac\x97\xb1\x42\xc0\x95\xcf\x3c\x1f\x4a\x92\x6d\x52\x26\x43\
\xb8\x53\x71\x6c\x4a\x49\x1a\x51\x4e\x08\xc6\x6a\xc2\x4c\x01\xc9\
\xae\x62\xdf\x53\x1b\xc8\x1f\x77\x34\xf6\xd6\x39\xf9\x5b\x02\xa7\
\xd9\x36\x35\x56\x27\x5a\x26\x52\xb9\x18\xa6\x9b\x8c\x7a\x57\x1e\
\x75\xb9\xb7\x7c\xad\x91\x53\x0d\x6d\xb1\xc9\x24\xd1\xec\x24\x3f\
\x6d\x13\xa7\x37\x60\x51\xf6\xb0\x4f\x50\x2b\x9e\x83\x54\x0f\x92\
\xfc\x0f\xad\x4a\x6f\xa2\x60\x76\x90\x0f\xae\x6a\x7d\x8b\x1a\xa8\
\x8d\xdf\x30\x9e\x49\xa3\x7e\x7a\x56\x2c\x1a\x89\xff\x00\x96\x98\
\xc7\xd6\xad\x47\x7f\x11\x3f\xeb\x50\xfe\x35\x2e\x9b\x1a\x9a\x66\
\x87\x26\x8d\xc4\x77\xa8\x92\x75\x7f\xba\x73\x51\xbb\x10\x7a\x9a\
\x9b\x15\x72\xcf\x9a\x40\xa6\x49\x39\x0a\x79\xaa\x66\x56\x07\xad\
\x21\x66\x3d\x69\xd8\x2e\x4c\x66\x27\xbd\x33\xcc\xed\x4d\x11\x3b\
\x74\x04\xd2\x15\x2b\xda\x80\x25\xa7\x2b\x62\x88\x22\x32\xb8\x1d\
\x07\x73\x57\x1e\xd1\x4e\x36\x70\x3d\x69\x5c\x2c\x42\x92\xd5\xb8\
\xce\xe1\x9a\xaa\x60\x60\x71\x8c\x01\xdf\xd6\x9c\x92\x32\xf0\x41\
\xc5\x21\xa2\xd8\x99\x54\x63\x22\x90\xcc\xa7\xb8\xaa\x72\x00\xc3\
\x23\x39\xaa\x85\x9d\x4f\x39\xeb\x40\xee\x6a\x99\x01\x3c\x52\x17\
\xaa\x71\xcb\x9c\x67\x35\x38\x7c\x8a\x01\x31\x25\x24\xe3\x15\x03\
\x21\x3d\xaa\xce\xdc\xd3\x95\x68\x0b\x14\xd2\xd7\x3d\x45\x48\x6d\
\x0e\x3a\x55\xe4\x50\x0f\x4a\x7e\xdc\xd2\xb8\x58\xc9\xf2\x88\x38\
\x3c\x55\xa8\xad\xf2\x33\x56\xfc\x85\x3e\x95\x20\x40\xa3\x8e\x28\
\xb8\x10\x08\xb6\x8e\x94\x8c\xbd\xaa\x56\xa6\x50\x32\x1d\x98\xa1\
\x57\x93\x52\xe3\x34\xaa\xb4\x01\x19\x5c\x8e\x69\xca\x9c\x73\x4e\
\x22\x93\x76\x05\x00\x3b\x6e\x0d\x45\x32\x8d\xbc\x8a\x53\x30\x53\
\xd3\x9a\x8d\x98\xb8\xa6\x22\xb3\x8c\xf4\xa6\x94\x06\xa7\x58\xfd\
\x69\xeb\x10\x1c\x9e\x94\xd1\x36\x2a\x79\x59\xf5\xa5\xfb\x30\x23\
\x23\x35\x6c\x84\x14\x1d\xa8\x32\x29\x85\x8a\x26\xd8\xe3\x9a\xae\
\xd0\x8c\xd5\xe9\x64\x27\xd3\x14\xcf\x2c\xb1\xc7\x19\xa6\x2b\x14\
\xbc\x80\x69\x7c\x92\x07\x35\xa6\xb6\xea\x8a\x4b\x11\x54\xe6\x2b\
\xb8\xe0\xf7\xa2\xe1\x6b\x15\x59\x3d\x45\x40\xeb\x56\x1c\x8f\x5a\
\xaf\x3b\x94\x82\x46\x52\x32\x14\x9e\x7e\x94\xc4\x40\xe9\x50\x3a\
\xe2\xac\x48\xe1\x46\x58\xe0\x77\x27\x8a\x89\xd4\x9e\xd4\xc4\x55\
\x63\x4c\x35\x60\xc2\xc4\xe7\x14\x2c\x07\xb8\xa6\x05\x4d\xb9\xa8\
\xd9\x71\x5a\x6d\x00\xdb\xc5\x45\xf6\x70\x4f\x14\x5c\x2c\x67\x6d\
\xc5\x3d\x53\x35\x78\xd9\x9e\xb8\xa4\x16\xa4\x1e\x29\xdc\x08\xe1\
\xb6\x12\xf1\xde\xad\x7f\x66\x9a\xb3\x67\x6e\xaa\x72\x7a\xd5\xea\
\x9b\x8e\xc6\x47\xd8\x08\xed\x47\xd9\x08\xed\x5a\xa6\xa3\x38\xa5\
\x71\xd8\xa7\x0c\x05\x4f\x22\xac\x30\x00\x74\xa7\x16\x51\xe9\x51\
\x3c\x83\x9e\x68\x01\x0b\x62\xa2\x79\x29\x92\xcb\x81\x55\x24\x9f\
\x9e\x4d\x34\x85\x72\x76\x93\x8a\xab\x2c\xa3\xd6\xa2\x79\xb8\xe2\
\xa2\x2a\xef\xc8\xaa\x48\x57\x19\x24\xb4\xc0\x4e\x6a\x41\x6e\xc4\
\xf2\x6a\x75\x81\x46\x33\x8a\x62\x20\x55\x26\x8a\xba\x11\x31\xd2\
\x8a\x2e\x07\x43\xe7\xa2\xae\x33\x55\xe4\xbe\x88\x31\xc9\xe6\x85\
\xf0\xee\xa0\xe7\xe7\x78\xd7\x9f\xef\x13\xc5\x2c\x5e\x16\xb8\x92\
\x6f\xdf\x4e\x8a\x83\xba\xe4\x93\x4a\xf0\x41\xef\xbe\x85\x2b\x8d\
\x50\x83\xb5\x08\xaa\x8f\x7a\xcf\xd7\x15\xb9\x7b\xe1\x88\xf2\x3e\
\xcb\x28\x56\x03\x95\x7e\x73\xef\x9e\xd5\x43\xfe\x11\xbb\xe3\x21\
\x52\xa8\x00\xfe\x3d\xdc\x56\x91\x94\x08\x92\x99\x8c\xd3\xc8\x09\
\xc1\x22\xa3\x33\xc9\xfd\xe3\x5b\xcd\xe1\x7b\xd0\xa4\xa9\x8d\x9b\
\xb0\x0d\x4b\x37\x86\x2e\xd2\x2d\xc8\x52\x46\x03\x95\x1d\x7f\x0a\
\xd3\xda\x41\x19\xf2\x4c\xe7\xcc\xd2\x13\xf7\xa9\x1a\x46\x61\x82\
\x6b\x59\xb4\x3b\xd5\x2a\x1a\xd9\xce\x46\x7e\x51\x9a\xab\x71\xa7\
\xcd\x00\x52\xf1\x3a\x06\xe8\x59\x71\x5a\x29\xc5\x91\x28\xcb\xa9\
\x40\x33\x29\xe0\xd3\x49\x63\xde\xa7\x31\x52\x79\x75\x66\x44\x4b\
\x9c\xd4\xaa\x0d\x39\x62\xe6\xb4\x2c\x56\x14\xcf\x9b\x18\x7c\xfa\
\x8a\x52\x95\x91\x51\x5a\x8c\x82\xc6\x69\x63\x2d\xb4\xa8\xed\x91\
\xd6\xab\x4b\x1c\xd6\xef\xb5\xd4\xa9\xae\x84\xde\x46\xea\xb1\xaf\
\x00\x55\x7b\x9b\x1f\xb4\x29\x64\x3c\x8e\xdd\xbf\x0a\xc3\xda\x77\
\x36\x70\x5d\x0c\x5f\x34\x90\x01\x35\x7e\xc2\xce\x49\xa4\x56\x24\
\x84\x07\x24\xd5\x9b\x3d\x21\x64\xe5\xc1\x54\x07\xbf\x7a\xdc\x82\
\xda\x38\x13\x0a\xbc\x54\xd4\xa8\xad\x64\x55\x3a\x4e\xf7\x63\xa0\
\x84\x45\x18\x0a\x31\x4d\x96\x45\x53\x83\x53\x96\xe2\xb3\x6f\xd9\
\xa3\x43\x20\x52\xc3\xda\xb9\x96\xac\xe8\x7a\x16\x15\xa3\x27\x8e\
\xb4\xf2\x03\x1a\xe7\xd6\x59\xa3\x9c\x48\xd9\x01\xb9\xc6\x6b\x56\
\xde\x77\x9b\xe6\x58\xce\xdf\x5a\xb9\x46\xc4\x46\x57\x35\x52\x45\
\x54\x00\x9e\x69\x0a\x6f\xe4\x0e\x0d\x32\x3c\x79\x79\x61\x83\x4a\
\x25\x0a\x38\xac\x99\xa2\x65\xa8\x53\xcb\x38\x5e\x95\x38\x65\xe9\
\x59\x8d\x76\x46\x46\x69\xa9\x70\x40\x3c\xd2\xb0\xee\x8d\x46\x60\
\x47\x5a\x8f\xcb\x56\xe7\x35\x40\xdc\x36\x7a\xd3\x96\x76\xa2\xc1\
\x74\x58\x75\x50\x4f\x35\x0c\xaa\x84\x71\x51\xb4\xa4\xd4\x65\x8f\
\xad\x08\x09\x14\x60\xd4\xc3\x8a\xad\xbc\xa8\xa5\x12\x1e\xe6\x9d\
\x82\xe5\xa5\x71\x52\x2b\x55\x25\x7c\x9a\xb0\xad\x48\x2e\x5a\x53\
\x4f\x12\x54\x28\x7d\x69\xfc\x7a\xd4\x94\x4b\xe7\x71\x51\xb4\xd9\
\xef\x51\xb1\xc0\xa8\xf7\x53\x15\xc9\x8b\xd0\xa7\x35\x5f\x79\xcd\
\x4d\x18\xcf\x5e\xd4\x0c\x9d\x46\x68\xc7\x14\xaa\xc0\x0a\xc6\xd7\
\xb5\x4b\x8d\x37\x4d\x79\xed\x82\x34\xbb\xd5\x57\x78\xc8\xe4\xe3\
\x9a\x10\xae\x6a\xb1\xe2\xab\x4b\x70\xb1\xf0\x46\x4d\x79\x3c\xff\
\x00\x18\x26\x12\x32\x32\x05\x2a\x4a\x90\x20\x1d\x47\xfc\x0a\xa8\
\xcb\xf1\x72\xe1\xcf\xca\xac\x7d\x40\x89\x73\x56\xa2\x4b\x91\xec\
\x71\x4f\x1c\xc9\xbb\x20\x73\x8e\x6a\x51\x2c\x63\xf8\x94\xfd\x0d\
\x78\x63\xfc\x53\xd4\x0f\x0b\x1c\xa0\x9f\x45\x8c\x7f\x4a\x88\xfc\
\x4a\xd6\x98\x1f\x2e\x2b\xac\xe7\x3f\x78\x0f\xe4\xb5\x5e\xce\xe4\
\xfb\x43\xde\xb2\x09\xc8\xa8\x26\x95\xd4\xf0\x8d\x8f\xa5\x78\x34\
\xbe\x3e\xf1\x2c\xaa\x48\x8a\xeb\x1d\x3f\xd7\x3f\xf4\xaa\x6f\xe2\
\x5f\x13\x4c\x3f\xd4\xb1\xed\xf3\x3b\x9f\xeb\x54\xa9\x3e\xc2\x75\
\x51\xef\x73\x5c\xaa\x00\x59\x94\x73\xdd\x80\xaa\x97\x3a\xad\xac\
\x6f\x08\x37\xf6\xea\xbb\x8e\xef\xde\xaf\x4c\x1f\x7a\xf0\x56\xbb\
\xf1\x15\xc6\xe5\x2b\x10\x19\xe4\x15\x5f\xeb\x9a\x51\x6d\xe2\x59\
\x07\x17\x0c\x80\x70\x04\x63\xfc\x05\x5a\xa5\x22\x1d\x55\xdc\xf6\
\xa9\x3c\x45\xa5\xa3\x1c\xea\x30\xb0\x1d\x97\x2d\xfc\x85\x56\x6f\
\x1b\xe9\x50\x36\x4c\xb3\x3f\xd2\x23\xfd\x6b\xc7\x97\xc3\xfa\xdd\
\xce\xd3\x35\xe4\xe0\x37\x7e\x7f\xc4\x53\x7f\xe1\x0d\x9c\x92\x66\
\xb9\x72\x06\x39\x2c\x3f\xc6\x9f\xb1\x90\xbd\xac\x57\x53\xd5\x6e\
\xfe\x29\xe9\x11\x02\xbe\x54\xa4\x8f\xef\xc8\x8b\xfd\x49\xae\x7e\
\xeb\xe2\xd5\xa2\x9f\xdc\xc3\x07\xe3\x23\x31\xfd\x00\xae\x34\x78\
\x32\x18\xdb\x0f\x38\x6c\x36\x0f\xcd\xfe\x02\xa5\xff\x00\x84\x6a\
\xc2\x24\x04\x82\x48\x7c\x64\x29\xfe\xa6\x8f\xab\xcc\x5f\x58\x82\
\x35\x6e\xbe\x2e\x5d\x3e\x04\x2a\x8a\x0f\xfc\xf3\x83\x27\xf3\x63\
\x58\x77\x5f\x12\xf5\x3b\x8d\xcb\xe7\xdc\x63\xa6\xdf\x30\x2f\xfe\
\x82\x2a\xed\xbe\x8b\x64\x65\x89\x12\x20\x59\x98\x8e\x8a\x3f\xa1\
\xac\x0b\x8d\x09\xe6\xd4\x2e\xbc\xa8\x9c\xe2\x52\x38\x53\x8f\xe5\
\x53\x3a\x4e\x28\xb8\x55\x8c\xcb\x5a\x66\xb9\x77\xac\xdf\x98\xae\
\x1d\xd9\x02\x17\xe5\xd9\x8e\x72\x07\x52\x6b\xde\x82\xfc\xa0\x01\
\xc0\x02\xbc\x23\x41\xd3\x24\xb4\xd4\x5d\x9a\x32\xb9\x8f\x68\x27\
\xd7\x70\xaf\xa0\xa3\x8e\x56\xc7\xee\xb8\xc5\x66\x68\x56\x11\xe7\
\xb5\x48\xb0\x12\x39\x15\xab\x69\x64\x1f\xe7\x90\x11\xcf\x4a\xb8\
\x6d\x23\xec\x05\x4b\x90\xf9\x4c\x45\xb5\x0d\xc1\xa7\xa5\x8a\x86\
\x1d\x2b\x60\x5b\xaf\x4d\xa2\x97\xc8\x1f\xdd\xa5\xcc\x34\x8a\x3f\
\x61\x8d\x87\x02\xa3\x36\x51\xa6\x72\x33\xef\x5a\x6c\xa2\x35\xc9\
\x15\x56\x66\x24\x1c\x0a\x2e\x33\x38\x46\xb1\xe7\x14\xc7\x35\x24\
\x80\xf3\x55\xdf\x38\xaa\x44\xb1\x8c\xf8\xa8\x5a\x42\x69\x5a\xa1\
\x72\x69\x8a\xe2\xb4\x9e\xf5\x03\xc9\xc1\xe6\x9b\x23\x73\x55\xdc\
\x93\x55\x62\x6e\x24\xb2\x13\xde\xab\xb1\xcd\x39\xaa\x26\xcd\x31\
\x0e\xc5\x58\x8c\x02\x31\x55\x01\x3c\x54\xf1\x3f\x34\xc0\x98\xc6\
\xc0\x74\xa4\x54\x66\x6c\x62\xb4\x2d\x95\x24\x0a\x0f\x35\xa2\x9a\
\x74\x63\x07\x9a\x86\xec\x52\x46\x44\x76\x92\x31\xc6\x28\xae\x85\
\x63\x55\xc6\x05\x15\x3c\xc5\x72\x9b\xb8\x1d\xea\x19\x5f\x6f\x0a\
\x39\xa6\x09\x99\xb0\x05\x3c\xa9\x2b\xb9\xba\xd6\x66\x84\x71\xa6\
\x1b\x2c\x72\x69\x5e\x55\x0d\xb4\x0a\x80\xcf\x82\x45\x43\x34\xc3\
\x3f\x2d\x3b\x12\xd9\x7c\x4a\x82\x98\x65\x0a\xd9\xe7\x15\x9e\xb7\
\x21\x78\x14\xe3\x70\xcd\xf4\xa7\x61\x5c\xd2\x8e\x55\x60\x71\xc5\
\x56\xd4\x2d\x12\xfe\xdd\xa2\x7f\x4f\x94\xfa\x1f\x5a\xae\x93\x14\
\x39\xcd\x49\xf6\x95\x23\x9e\xb4\x2d\x35\x42\xdf\x46\x73\x77\xda\
\x2c\xf6\x8c\x08\x53\x2a\x11\xf7\x94\x77\xfa\x56\x7f\x93\x83\x82\
\xb8\x35\xdb\x23\x79\x87\xa9\xc5\x35\xac\xed\xa4\xb8\xf3\x1e\x25\
\x27\xd7\xd6\xb7\x8d\x76\x96\xa6\x4e\x82\x6f\x43\x8c\xf2\x71\xdb\
\x14\xf1\x19\x1d\x05\x76\x8d\x65\x04\x8a\x51\xa2\x42\x87\xdb\x91\
\x51\x2e\x93\x66\xc0\x83\x17\xeb\x55\xed\xd7\x52\x7d\x81\xc9\x6d\
\xab\x36\xf3\x34\x64\x77\x1e\x95\xa7\x77\xa1\xf9\x20\xbc\x2e\x5c\
\x77\x53\xd4\x56\x7f\xd9\xdd\x47\xdd\x3f\x95\x52\x9a\x92\x17\x23\
\x45\xa1\x72\x32\x76\xe5\x57\xd2\xae\x8b\xa8\xd2\x31\x93\xcd\x65\
\xac\x52\x63\xee\x37\xe5\x4e\x4b\x79\x65\x6d\xaa\xa7\x35\x0d\x44\
\xa5\x29\x17\xfe\xd6\x84\xf0\x45\x28\x75\x7f\xa5\x67\xbc\x32\x45\
\xf2\xb2\x90\x7e\x94\x8e\xd2\xc6\x42\x30\x65\xc7\xad\x4a\x8a\x2b\
\x99\xf5\x2f\x48\x22\x1c\xec\x52\x69\xc9\x39\xc8\x50\x86\xb3\x04\
\xbb\x98\x72\x73\x5b\x36\xae\x82\x31\x9e\xb4\xa6\xac\x82\x2e\xec\
\xb8\xb0\x02\x9c\xf7\xaa\xb7\x30\x34\x5c\xaf\xdd\xab\x66\xe6\x3f\
\x5a\x47\x9a\x39\x41\x42\x70\x08\xef\x59\x23\x53\x2c\xd2\x82\x31\
\xd2\xa4\x96\x20\xa4\xe1\x81\x1e\xd5\x17\x7a\xa2\x18\xee\xa6\xac\
\x40\x9b\xb2\x4d\x56\x45\x2c\xdd\x6a\xea\x36\xde\x94\x98\xc5\x68\
\xc6\x3a\x0a\x81\x96\xac\x97\xe0\xee\x34\x28\x42\x7a\xd2\x19\x54\
\x46\x4f\x51\x41\x5e\x71\x57\x0b\x28\xe2\xa2\x2a\x0b\x50\x04\x4a\
\xb8\xa9\xd0\x70\x2a\x44\x8c\x1e\xb5\x22\xc4\x07\x4a\x18\xd0\xd1\
\x9c\x52\x16\x20\x75\xa9\x82\x81\x48\x51\x48\x3c\x52\x1b\x20\xc9\
\xa6\xf5\x34\xf2\xa3\xb0\xa6\x81\x40\x87\x6d\xf9\x72\x3a\xd4\xb0\
\x9e\xc4\x53\x10\xd3\xd8\xf1\x40\x0f\x76\xc0\xae\x7b\xc5\x6d\x9d\
\x11\xfd\xa5\x8f\xff\x00\x42\xad\xa2\xc7\x15\x85\xe2\xa0\xe7\x41\
\xb9\x28\x8c\xfe\x59\x0e\xca\x83\x27\x00\xe4\xe0\x7d\x29\xa4\x26\
\xee\x7c\xf3\x79\xa6\xf9\x97\xfb\x90\x31\x12\x26\xf2\x70\x4f\x24\
\x9a\xea\x3c\x17\xa1\x44\xd7\x77\x62\x78\x99\x80\x8d\x48\xce\x47\
\xad\x3d\xbc\x61\xa7\xda\xac\x4a\x92\xc8\x0c\x51\x84\x18\xb7\x3c\
\xe3\xf1\xa5\x8b\xe2\x2d\xbd\xb9\x26\x27\x90\x92\x49\x39\x87\xd7\
\xf1\xad\xa2\xd2\x66\x52\x8b\x92\xb1\xb6\x74\xc8\x88\x51\x15\xa1\
\x3f\x27\x3c\xb5\x3b\xfb\x2d\xb7\x38\x1a\x78\x6c\x28\xe7\x69\x3f\
\xd6\xb9\x96\xf8\x98\xa0\x70\x66\xc7\xa0\x85\x3f\xa9\xaa\xd3\x7c\
\x4c\x2e\x7e\x55\x9b\xd3\x80\x8b\x9f\xd0\xd7\x42\xc4\x24\x73\xfd\
\x5e\x67\x6b\x36\x96\xdf\xd9\x93\xca\xb6\xb1\x2b\xa4\x8a\x11\x4a\
\x8e\x9c\x7a\xd6\x33\x5b\xea\x61\x98\x2c\x16\xcb\x18\x6e\x72\xcb\
\x9e\xbe\xc2\xb9\xa9\x3e\x24\x4e\xd1\x32\x05\xb8\xd8\x4f\x20\xcc\
\xbc\x9f\xc1\x6a\x84\x9e\x3c\x9d\xb2\x16\xdc\x9c\x9c\x9d\xd3\xb7\
\xf4\xc5\x35\x89\x48\x3e\xac\xcf\x48\x96\xca\xf0\xa4\xd8\x92\x34\
\x25\x81\xff\x00\x59\xf4\xf6\xa4\xbd\xb0\x2a\x96\xec\x6e\x56\x36\
\xe7\x79\x39\x39\x38\xaf\x2d\x97\xc6\xd7\xb2\x67\xf7\x31\x73\xfd\
\xe2\xcd\xfc\xcd\x41\x2f\x8b\xb5\x16\x0a\x07\x90\x80\x8e\xd1\x0f\
\xd2\x93\xc5\x5f\x64\x0b\x0c\x7a\x5c\xd6\x90\x05\x89\x0e\xa9\xb0\
\xae\x49\x31\xed\xcf\x43\xef\x53\xc6\x34\xbb\x68\xdd\x4d\xec\xd2\
\xfc\xc0\xe4\xb6\xe2\x7a\x67\xa0\x35\xe4\xc7\xc4\xba\xa4\xa3\x3f\
\x6a\x61\xe9\xe5\xa8\x1f\xc8\x55\x76\xd4\x35\x49\xff\x00\xe5\xbd\
\xd3\xe4\x76\x2d\x8a\xcd\xe2\x24\x68\xb0\xcb\xab\x3d\x82\xf7\x52\
\xd3\x0c\xd2\x3f\x91\x23\xf3\x90\x48\x2a\x3f\x5c\x55\x09\x35\xcd\
\x32\x14\x42\x60\x81\x30\x72\x59\xdd\x47\x63\xee\x7d\x6b\xca\xfe\
\xc5\xaa\xce\xd8\xfb\x3d\xc3\xe4\x7a\x1a\xe8\x21\xf0\xa4\x32\xe9\
\x0b\x21\x96\xe1\x2f\x5d\x72\x63\x2a\x70\xbf\x5c\x0c\x7e\xb4\x2a\
\xb5\x1f\x41\xfb\x1a\x71\xdd\x9d\x43\x78\xbf\x4e\x81\xe2\x2b\x25\
\xb8\xd8\x73\xf2\x92\x79\xff\x00\x80\xad\x64\xbf\x8b\xac\x96\x42\
\xea\xf2\xb3\x16\x66\xca\xc7\xea\x7d\xcd\x66\x47\xe0\xb9\x0e\x0b\
\xc9\x70\xc1\x57\x24\x04\x55\x1f\x81\x24\xff\x00\x2a\x49\x7c\x3d\
\x6b\x6d\x24\x10\xb2\xc9\xe6\x4c\x40\x0c\xd2\xe7\x00\x9c\x74\x00\
\x73\xcf\x7a\xce\xa4\xaa\x25\x76\x69\x4e\x30\x6e\xc8\xd9\xd2\xf5\
\xa4\xd4\x75\x2b\x4b\x78\xad\x24\x67\x91\xd2\x25\x2e\xc0\x75\x6f\
\x40\x2b\xe9\x74\x89\x54\x05\xc0\xe3\x8a\xf9\xdf\x4a\xd0\xed\x34\
\x3b\xe8\x75\x28\x24\x77\xb8\x82\x60\xc9\xbf\x05\x72\x1b\xae\x3f\
\x00\x6b\xad\x9b\xc6\x1a\xdc\xa5\xbf\xd3\xdd\x70\xc4\x00\x8a\x14\
\x76\xf6\xfa\xd7\x9c\xf1\x71\x3d\x25\x81\x9d\x8f\x5f\xc0\x19\x03\
\x18\xa4\xc6\x0d\x79\xff\x00\x87\xfc\x5f\x3a\x32\xa6\xa3\x31\x92\
\x29\x0f\x12\x37\x54\xe9\xcf\xd3\x9a\xef\x11\xb2\x81\xd4\x82\xa7\
\x90\x41\xe0\xd6\xb0\x9a\x9a\xd0\xc6\xa5\x29\x53\x76\x64\xc2\x82\
\xca\xbd\x48\x15\x03\x5d\x05\x18\x1d\x6a\xab\x12\xe7\x24\xe6\xb4\
\x48\xca\xe4\x97\x33\x86\xf9\x47\x6e\xf5\x01\x7c\x8a\x0a\xe4\x8a\
\x1a\x26\xdb\x91\x4c\x44\x12\x62\xab\x4c\x32\x38\x15\x3b\xe7\xbd\
\x40\xf9\x35\x48\x96\x55\x65\xc5\x40\xe2\xac\xc9\xc6\x6a\xb3\x83\
\x54\x49\x52\x5f\xbd\x55\x8f\x7a\xb4\xe8\x59\xa9\x16\xd8\xb7\x5a\
\xab\x88\xa0\xfd\x69\xb8\x27\xb5\x69\x1b\x40\x3a\xd3\xfe\xc5\x88\
\x83\x63\x3f\x4a\x77\x15\x8c\xa0\xa4\x9e\x95\x3c\x71\x1e\x31\x56\
\xc5\xa6\x79\xc6\x2a\xd4\x16\x88\xa0\x64\xf3\x49\xb0\xb1\x1d\x8a\
\xb2\xc8\x3e\xb5\xd0\xaa\xfc\xa3\x35\x52\xdd\x62\x40\x06\xda\xbc\
\x24\x42\x3a\x8a\x86\x68\x86\xe2\x8a\x52\xcb\xd7\x22\x8a\x9b\x31\
\x89\x6d\x70\x50\x7c\xdf\x85\x5c\x49\x99\xf3\x9a\xc9\x52\xc4\x74\
\xce\x2a\x75\xb9\x2a\x31\x8e\x69\xd8\x2e\x49\x22\xf2\x6a\x12\xb9\
\xeb\x49\xe6\x92\x49\x26\x90\xca\x0d\x09\x08\x89\xbe\x53\x40\x6c\
\x9a\x64\x8d\xc9\xa6\xab\xf3\x54\x4d\xc7\xbe\xfe\xa3\x34\xe8\xcb\
\x1e\x69\xf1\x9d\xc2\xa4\xc0\x5a\x43\x24\x89\xca\xd5\x90\xfc\x55\
\x20\xc3\x35\x3a\x37\x4a\x4d\x0d\x32\xd8\x52\x47\xde\xa7\x2a\xb0\
\xe9\xcd\x31\x5a\xa5\x56\x15\x05\x11\x98\xbb\x9a\x72\xc2\x8d\xc3\
\x28\x34\xf3\x48\x4e\x3a\x51\xb0\xd8\x79\x11\xf6\x51\x47\x92\x8a\
\x72\x07\x3e\xb4\xc3\x23\x76\x34\xd2\xed\xeb\x4e\xec\x56\x25\x31\
\xc6\xdf\x79\x41\x3e\xf5\x04\xd0\xc6\xeb\x82\xa0\xd4\x81\xce\x29\
\x39\x34\xd3\x06\x91\x8f\x2e\x9a\x43\xee\x43\xf8\x62\x98\x44\x91\
\xbe\xd2\xa7\x20\x7e\x15\xb2\x54\xd3\x5a\x1c\xf5\x19\xab\x53\xbe\
\xe4\x72\xd8\xc5\x32\x91\xd4\x54\x82\x5e\x3a\x56\x98\x80\x6e\xce\
\x00\xfc\x29\x4c\x0a\x7f\x86\x9f\x32\x17\x29\x96\xc6\x42\x99\x0b\
\x52\x42\x18\xaf\xcc\xbf\x8d\x69\x08\x57\xa1\x5a\x93\xca\x52\x30\
\x00\xa9\xb8\x72\x99\x2f\x26\xd2\x40\x5c\xe3\xda\xa3\x12\x4a\xe7\
\x81\x81\x5a\xed\x6c\x0f\x61\x42\xda\xa2\x8e\x83\x14\x73\xa1\xf2\
\x94\x11\xb0\x87\x71\xcd\x32\x49\xa4\x1c\xa0\xc8\x1e\xd5\x7d\xad\
\xd4\xb6\x70\x05\x0c\x51\x17\x1b\x87\x34\x27\x71\x34\xd1\x94\xd7\
\x2e\x70\xc7\x39\xa9\xe0\xb9\x2e\xa4\xb0\xe9\x4c\x9e\x48\xd5\x88\
\x18\x22\xab\xb4\xc0\x9c\x46\xbd\x6b\x4b\x26\x45\xec\x69\x24\xec\
\x0d\x4e\xb7\x03\xb9\xc5\x62\x7d\xa2\x4f\x71\x48\xd3\x3b\x0e\xb4\
\xb9\x2e\x0a\x66\xeb\x5d\xc6\x17\xef\x0a\x8c\x5d\x03\xce\x6b\x1a\
\x37\xda\x79\xe7\x35\x3f\x9d\xf2\xe3\x14\xb9\x0a\xe7\x66\xa8\x91\
\x58\x70\x45\x28\xc1\x3d\x45\x64\x2c\xb2\x13\xf2\x9a\x94\xb4\xe9\
\xce\x49\xfa\x52\x71\xb0\x73\x1a\x79\x0b\xdc\x53\x24\xbb\x8e\x3e\
\x18\x8a\xab\x0a\xc9\x28\x0c\xc4\x9c\xf6\x35\x64\xda\x23\x47\xf3\
\x01\x9a\x9b\x2e\xa5\x6e\x60\xeb\x9e\x28\xfe\xc9\x8a\x36\x5b\x75\
\x95\x9f\x3d\x5b\x18\x02\xb2\x9b\xc7\x32\xe1\xb1\x63\x09\x2a\x71\
\x8f\x30\xf3\x54\xfc\x78\x8b\x14\xd0\x46\xbc\xec\x51\xfa\x9c\xff\
\x00\x4a\xe4\x1e\xeb\xec\x0b\xe6\x79\x7e\x68\xde\x10\x28\x38\xfb\
\xb9\x39\xe6\xb8\x2b\xd6\x94\x67\xcb\x13\xd3\xc3\xd0\x83\xa7\xcd\
\x23\x2b\xc5\x3a\x05\xa4\x92\x5c\x6a\x51\x7f\xa3\x86\x95\x40\xb7\
\x8d\x8e\xd5\xc9\xe7\x07\xeb\x54\xad\xfc\x21\x61\x24\x71\x48\xda\
\x95\xb8\x2e\x9b\xb6\xb3\x72\x3a\x70\x79\xae\x87\xc4\x81\x07\x87\
\xd8\x83\x96\x32\xc6\x76\xfb\x67\x3f\xe1\x5c\xd4\x17\x6c\xb1\xc7\
\x86\x53\x84\xed\x9e\x07\x1e\x86\xba\xb0\x5f\xbc\x4d\xcc\xe4\xc7\
\xaf\x67\x2b\x40\x67\xfc\x21\x3a\x76\x4e\x75\xc5\xc6\xdd\xdf\x2e\
\xd3\xfd\x69\xe3\xc1\x7a\x22\xa9\xdd\xab\xcc\xe4\x00\x7e\x54\xff\
\x00\x01\x4d\x17\x8e\x78\x01\xd8\x94\xc7\xca\x1a\xa7\x2f\x76\xe1\
\x8a\xc1\x3e\x36\x81\xcc\x59\xfe\x95\xe8\xa8\x41\x74\x3c\xce\x79\
\xbe\xa2\x3f\x85\x74\x08\x52\x44\xfb\x5c\xee\x01\x52\x09\x53\x9f\
\xe5\x48\x3c\x3d\xe1\xd4\x62\x08\xb9\x7c\x30\x1c\xe6\x96\x45\xbd\
\x6c\x81\x6d\x3e\x18\x8c\x11\x11\x06\x9c\x34\xfd\x4e\x77\x2a\x96\
\x77\x4c\x4b\x0c\x0c\x75\xfc\xea\xb9\x63\xd8\x4e\x52\xee\x3f\xfb\
\x3b\x40\x84\x71\x63\x23\xfc\xf8\x19\x18\xe3\xf3\xa5\x09\xa3\x01\
\x1e\x34\xc8\xdb\x0c\x40\xde\xcb\xef\xf5\xa6\x45\xa2\x6a\x97\x17\
\x7f\x66\x4b\x29\x3c\xff\x00\x33\x95\x25\x41\xe3\xad\x3e\xe7\x42\
\xd5\x2d\x9d\x16\x68\x91\x49\x27\xe5\x79\x73\xea\x29\xa8\xa7\xb2\
\x15\xed\xbb\x1c\xb7\x76\x91\x6c\x31\xe9\xd0\x2e\x77\x7b\xff\x00\
\x4a\x41\xab\x9c\x26\xc8\xad\x94\x94\x23\xe5\x5c\xff\x00\x5a\x85\
\x34\x1b\xd7\x08\x41\x81\x31\x93\xc6\x49\x15\x2a\x78\x76\xe1\xe4\
\x89\x4d\xd4\x7f\x30\xc6\x76\x74\xfc\xea\xf9\x65\xd8\x9b\xc7\xb8\
\x36\xb5\x38\x65\x1b\xd1\x5b\x6e\x0e\x10\x0f\xe7\x55\xa4\xd6\x2e\
\x59\x40\xfb\x44\xd8\x11\x91\xc1\xdb\xfc\x85\x6a\xff\x00\xc2\x3d\
\x6d\x03\xec\xb8\xbe\x99\xd8\x44\x3f\xd5\x05\x03\x27\xdc\x93\x4c\
\xb9\xd1\x74\xd8\x96\x3f\x24\x5f\x4b\x98\xca\x92\xcc\x00\xdd\xf8\
\x03\x49\xa9\x8e\xf1\x31\x24\xbe\x96\x4c\xee\x69\x08\xf2\xfa\xbb\
\x93\xfd\x6a\x1b\x69\x18\xea\x36\xa7\x03\x0a\xc9\x8f\x7f\x9a\xba\
\x6b\x0d\x0f\x4f\xb7\x91\xa3\xbf\xd3\xae\x64\x92\x54\xc4\x45\x98\
\x80\x08\x07\x39\xc9\xfa\x56\x3c\xf6\x30\xda\xf8\x82\x08\x61\x8c\
\x46\xbe\x62\x82\x01\xc9\xea\x2b\x97\x13\x75\x4d\xdc\xe8\xc3\x34\
\xea\x2b\x1d\x0e\xab\x71\xf6\x15\xb5\xf2\xd0\x4c\x25\x38\x6c\xb8\
\x5d\xa7\xeb\xf8\x54\xce\x85\x99\xf6\x1f\x91\x94\x95\xfa\xe0\x13\
\xfc\xea\x96\xb5\x22\xc7\x6d\x6b\x93\xd2\x42\x4e\x47\x4e\xbf\xe3\
\x5a\x71\x00\x22\x20\x9c\xf0\x40\x1e\xd8\xc0\xfd\x00\xaf\x9d\x94\
\x6d\x04\xcf\xa9\x84\x9b\x9b\x8b\x2c\x24\xb1\x42\xb0\x19\x49\x0b\
\x2b\x14\x43\xf5\x19\xe7\xd0\x60\x1a\xec\xfc\x27\xad\xcc\xb2\xc3\
\xa6\xcb\x99\x21\x97\xfd\x59\x07\xee\x7e\x3d\xc5\x79\xee\xb2\xbf\
\xf1\x2e\xb6\xc7\x77\x90\x0f\xfb\xf6\xd5\xbb\xe0\x6b\xa9\x5b\xc4\
\x16\x70\x39\xdc\x8a\x58\x82\x7a\xae\x02\x80\x07\xb7\x26\xb7\xa1\
\x75\x66\x8e\x7c\x4a\x4d\x34\xcf\x59\xfb\x30\x23\x34\x79\x2a\x0e\
\x33\xcd\x3c\x38\xc5\x44\x67\x11\x9e\x99\x26\xbd\x13\xc8\x26\x58\
\x54\x0c\xf1\x43\x05\x0b\x8c\x52\x09\xb7\x0c\xd4\x6f\x27\x06\x80\
\x21\x92\xdc\x1c\x9a\xa5\x2c\x66\x36\xad\x44\x3b\x86\x69\x5a\x15\
\x7e\x18\x03\x54\x9d\x85\x63\x20\xec\x95\x4f\xcb\x83\x4c\x82\xc8\
\xbb\x7c\xc0\xe2\xb6\x12\xca\x30\x72\x00\xfc\xa9\xed\x11\x5e\x00\
\xa3\x98\x56\x32\x25\xb0\x40\x72\x06\x2b\x3a\x64\x65\x62\x14\x57\
\x43\x22\x1f\x4a\x88\xc6\xa4\xf2\xa3\xf1\xa6\x98\xac\x73\x82\x19\
\x1c\xe3\x69\x26\xaf\x43\x6d\x28\x40\xa5\x78\xad\x64\x8e\x31\xc8\
\x40\x29\x93\xce\x91\x0e\xb9\x3e\x94\xee\x2d\x8a\x4d\x6a\xa8\x32\
\xc7\x15\x13\x79\x68\x78\x22\x92\x59\x99\xd8\x9a\xae\xc7\x26\xb4\
\x51\x25\xca\xc5\x81\x28\xcf\x14\x79\x95\x54\x31\x53\xc5\x06\x6c\
\x75\xaa\xe4\x27\x98\x95\x9d\x83\xf0\x72\xbd\xe8\xaa\xad\x29\x3d\
\x0e\x28\xa7\xca\xc5\xcc\x8d\xc8\xbe\x48\xc1\x3d\xe9\x8c\x03\x73\
\x9c\x55\x0f\xb5\x1e\x85\x86\x29\xa6\xe8\xe0\x8c\xd6\x5c\xa6\x97\
\x2e\x17\x51\xc6\x6a\x36\x94\x76\x35\x48\xca\x4f\x5a\x5c\xe6\x8b\
\x0a\xe4\xe5\xb7\x1a\x7a\x29\x27\x8a\x8a\x30\x4f\x6a\xb5\x1a\xf4\
\x34\x3d\x01\x12\x46\xa5\x78\x35\x23\x2b\x7a\x53\xd0\x64\x73\x53\
\xac\x24\xfa\xd4\x5c\xbb\x14\xc2\xb6\x6a\x55\xcd\x59\xf2\x3d\xa9\
\x4c\x20\x74\x34\x5c\x2c\x08\x6a\xc2\x8a\x81\x57\x6d\x48\x18\x8a\
\x92\x89\x19\xb1\x4d\xdd\x9a\x63\x31\xcd\x20\xcd\x00\x4a\x00\x34\
\x6c\xa7\x22\x12\x32\x29\xc5\x48\x34\x86\x47\xb6\x9c\x12\x9d\x8a\
\x5e\xd4\xc4\x37\x00\x52\x10\x0d\x38\xad\x37\x18\xa4\xc0\x50\xa3\
\x14\xa0\x80\x79\x14\xaa\x09\xc5\x29\x8f\x8a\x06\x29\xdb\x4d\x20\
\x75\xa6\x90\x45\x1c\xd0\x00\xd4\xc6\x3c\x53\xf1\x9a\x70\x87\x3c\
\x9a\x04\x66\x4b\x24\xc1\xce\x14\xed\xaa\xb3\x47\x33\x2e\xe6\x53\
\xb6\xb7\x1a\x05\x22\xa3\x30\x0e\x95\x6a\x76\x21\xc5\xb3\x9f\x10\
\x3b\x74\x1c\x55\xc8\x61\x48\x46\x78\x2f\xeb\x8a\xd0\x68\x80\x1b\
\x76\xd5\x57\xb7\x72\x72\x2a\x9c\xee\x2e\x4b\x08\x4a\xfa\x0f\xca\
\xa0\x92\xda\x39\x1b\x38\xc1\xf6\xa7\xb4\x32\x2f\x50\x69\xca\xa4\
\x75\xa5\xcc\xc2\xc8\x44\xb5\x88\x0c\x6d\xe7\xd6\x9b\xf6\x35\xeb\
\xba\xa5\x0c\x05\x39\x0b\x48\x70\x05\x1c\xcc\x2c\x8a\xeb\x6b\xb2\
\x4d\xdf\x7a\xa4\x8c\xbb\x39\xdc\xa0\x20\xeb\x52\xb2\x6d\xef\x51\
\xbb\x60\x0a\x2e\x16\x27\x0e\xa3\xa5\x29\x94\x11\x55\x0b\x1a\x03\
\x9f\x5a\x4c\x7b\x1e\x79\xe3\x09\x7c\xef\x11\xdf\x81\xc9\x89\x20\
\x50\x3d\x4e\x09\xfe\xb5\xcb\xea\xa5\x63\xb1\x56\x38\x2a\x0a\x9e\
\x47\x72\x0f\xf5\xae\x8b\xc4\x44\x9f\x14\x6a\xcc\x3a\x83\x6e\x47\
\xfd\xf1\x5c\xf6\xab\x11\xb8\xb0\x44\x0e\xa8\xbb\xf9\x2c\x09\xe8\
\x09\xaf\x32\xa7\xf1\x8f\x62\x97\xfb\xb8\xef\x11\xf3\xa0\xc8\xe4\
\xe0\x89\x23\x51\xf4\x07\x8f\xe5\x57\x34\x8b\xbb\x38\x34\x50\x8c\
\xe9\xe6\x34\x23\x68\xf2\x1b\x27\xee\xf7\xaa\x3e\x23\x24\xe8\x0f\
\xb8\xf2\x65\x88\xd6\x25\x9d\xbd\xf4\x96\xd1\xb4\x76\xb3\xba\xaa\
\x1e\x44\x23\x1d\xbb\xd7\x7e\x5a\xf4\x67\x9f\x9a\xab\xc9\x7a\x1d\
\x44\x57\xd6\xc8\x41\x69\x76\xe1\x47\xdd\x8f\xb7\xaf\x26\x9f\x73\
\xac\xdb\x00\xfb\x64\x97\x1b\x41\xfb\xaa\x06\x3b\x7f\x15\x72\x66\
\x1d\x44\x2a\x83\x69\x70\x07\x97\xc7\x18\xfe\x54\xc7\xb6\xd4\x94\
\x30\xfb\x3d\xc7\xdd\xff\x00\x9e\x9f\x5f\x5a\xf5\x39\x99\xe4\x72\
\xae\xe7\x45\xaa\x78\x8e\x28\x6d\xad\xd1\x8b\x95\x63\xbc\x11\x19\
\x62\x71\x90\x7e\xe8\xfe\xb5\x98\xbe\x2d\x31\xb2\xbc\x31\xdd\x07\
\x56\xc8\x29\x6e\xd9\x06\xb5\x34\xeb\x32\xf6\x91\x8b\xb8\x67\xf3\
\x12\x07\x3b\x51\xc6\x46\x58\xe3\x35\x71\x6c\xac\xfe\x66\x16\xd7\
\x65\x04\x8a\x79\x95\x47\x1d\xfa\x52\x4a\x4d\x68\xcb\xe6\x84\x77\
\x47\x34\x3c\x4b\x76\xd7\x66\x58\xe0\xd4\x8c\xec\xdb\x8c\xbb\x02\
\x9c\x9e\x0f\x39\xad\x0b\xdd\x71\xe6\xbb\x68\xa6\x8c\x31\x85\xda\
\x3d\xc5\xd8\xe7\xa9\xcf\x5f\x7a\xd9\x4b\x5b\x42\xa1\xc5\x9b\x0f\
\xbe\x77\x3c\xe7\xd7\x8a\xe6\xaf\x74\x2b\xa9\x2f\xee\x2e\xc3\xc6\
\x12\x59\xdf\x1c\x12\x78\xf7\xa1\x73\x45\xee\x12\x94\x64\x87\xc5\
\xab\xa2\x85\x08\x90\x02\xc0\xe4\xed\x19\x1f\x9b\x53\x63\xd6\x9e\
\x39\x12\x45\x65\x53\xb7\x23\xf7\x63\x00\xe4\x7f\xb2\x69\xb6\xde\
\x1e\x92\x54\x4d\xf7\x68\x36\x83\xd1\x46\x7a\xfb\x9a\x92\x2f\x0d\
\x46\x26\x81\x5a\xf9\xc0\x7c\x82\x76\x83\x8f\xca\xb4\x6e\x66\x76\
\x82\x19\x3e\xb9\x71\x3b\x97\x69\x1c\x96\x41\x9f\x2f\x8e\xde\xd8\
\xaa\x72\xea\x92\xe0\x6e\x79\x09\x11\xe7\x97\x23\x9f\x5e\xb5\xd8\
\x69\xfe\x10\xd1\xa7\x90\xc6\x6f\x2f\x25\x91\x20\x0c\xf8\x52\x30\
\x4f\x6f\xbb\x55\xb5\xcf\x0b\x69\x96\xa9\x6c\x6d\xe0\xb9\x25\xe1\
\x25\x8b\x96\xeb\xdb\xd2\xa2\xf2\x7a\x14\xb9\x4e\x3a\x7d\x42\x59\
\x98\x34\x84\xbb\x6c\xc7\xcd\xd7\x3f\xad\x45\x69\x33\x49\xac\xda\
\xee\x38\x21\xd3\xa9\xce\x3e\x6a\xdd\xb2\xd1\xec\xfe\xda\x8b\x2d\
\xaa\x95\xc7\xf1\xb0\xe7\x83\xdc\x9a\xa3\x79\x69\x0d\xb7\x88\x20\
\x10\xc7\x12\x2f\x9a\x3e\x54\x70\xdd\x18\x7a\x57\x36\x26\x2d\x53\
\x77\x3a\x70\xd2\x8b\xa8\x92\x46\xa7\x88\x61\x2f\x15\xb0\x25\x54\
\x3b\xe5\xb7\x1c\x01\x81\x93\x5a\xd8\x05\x0a\x8c\xee\x3c\x27\xd3\
\x03\x15\x4b\x5c\x70\xbf\x65\x32\xb0\x55\xf3\x08\xe5\x4f\xf1\x2d\
\x6a\x79\x4b\xe5\xa1\x0a\x7c\xcd\x84\x03\xef\xc6\x2b\xe7\xa7\xfc\
\x38\xfc\xcf\xa7\xa7\xfc\x47\xf2\x29\x6b\x43\xfe\x25\xd6\x5d\x7e\
\xf4\x87\xff\x00\x21\xb9\xad\x6f\x02\x82\x7c\x55\x08\xed\x87\x00\
\x7f\xdf\x35\x9f\xaf\x80\x96\x56\xc0\x70\x33\x28\xfc\xa2\x6a\xd0\
\xf0\x2a\x91\xe2\x98\xbe\x6e\x8b\x21\xfe\x55\xbd\x0d\x91\xcf\x89\
\xdd\x9e\xb4\x4e\x05\x44\xf8\x2d\x9a\x0b\xf1\xcd\x44\xd2\x73\x5e\
\x92\x47\x90\xc9\xb7\x60\x75\xa4\xce\x4d\x43\xbe\x95\x64\x00\xf5\
\xa2\xc4\xdc\xd0\x88\x0e\x00\xe9\x52\x9a\xa9\x1c\xc0\x0a\x90\x4d\
\x9a\x9b\x15\x72\xc0\x38\xa5\xdd\x55\xfc\xd1\x9e\xb4\xbe\x70\x02\
\x8b\x0e\xe4\xac\x45\x56\x91\x43\x36\x69\x1a\x51\x9a\x85\xe6\xf5\
\x34\xec\x2b\xa0\x91\x4b\x21\x0a\x70\x7d\xaa\x8c\x96\x93\x37\x3d\
\x6a\xd0\x94\x6e\x18\xab\x3c\x1a\xb4\xec\x4b\x57\x30\x65\x46\x8c\
\xed\x61\xcd\x45\x5d\x0b\x5a\xc5\x30\xf9\xd6\x88\xf4\xf8\x15\xb2\
\x17\x8f\x73\x57\xed\x08\xf6\x6c\xe7\x4a\x93\xd0\x13\xf8\x53\x1a\
\x27\xfe\xeb\x7e\x55\xd7\x0b\x78\xd0\x7c\xa8\x05\x45\x22\xae\x0d\
\x0a\xa8\x7b\x23\x92\x2b\xce\x31\xcd\x15\xaf\xa8\x42\x02\x65\x54\
\x66\x8a\xd1\x54\x25\xd2\x31\x57\x25\xba\x1a\xb4\x6d\xd4\x26\xec\
\xe2\xa7\xf2\xf8\xe9\x4c\x68\xd8\xd6\x77\x1d\x8a\xbe\x5e\x07\x1c\
\xd4\xf1\x42\x49\x14\xe5\x8d\xb3\xc0\xab\xd1\x22\x05\xa5\x71\xa4\
\x32\x38\x09\x60\x2a\xf8\xb6\x20\x0a\x58\xd9\x06\x38\xa9\xc3\xf3\
\x50\xd9\x69\x0d\x8a\x2c\x0f\x98\x55\x81\xc0\xa6\xe7\x8c\xd4\x64\
\x9a\x92\x87\xb3\x53\x46\x5b\x81\x4d\x03\x3d\x6a\xc4\x65\x50\x75\
\xe6\x80\x18\xb0\x96\x3d\x2a\xca\xc4\xab\xd8\x66\x90\x4a\xbe\xb5\
\x14\x97\x38\xe0\x52\x02\x57\x54\xec\x05\x56\x3c\x1c\x54\x62\x57\
\x07\x39\xa9\x32\x08\xcf\x7a\x68\x2e\x48\xac\x71\x4e\xdd\x50\x02\
\x45\x48\x99\x34\x05\xc9\x72\x00\xc9\xa8\xd9\xc9\xe8\x31\x4e\x34\
\x98\xa0\x2e\x20\x73\x46\x72\x73\x4a\x31\x41\x5a\x40\x3b\x78\x14\
\xbe\x70\xc7\x4a\x8c\x8e\x69\x42\x16\xe9\x40\xee\x23\x33\x31\xcd\
\x27\x35\x28\x8d\x85\x3b\xcb\xf5\xeb\x48\x08\x97\x39\xa9\xb3\x4d\
\x0b\x8a\x70\x14\xc4\x1d\x69\x38\xa1\x86\x29\xb9\xc5\x20\x10\xae\
\x69\x36\x0f\x4e\x69\xd9\xcd\x39\x46\x69\x81\x03\xc4\x59\x71\x9a\
\x80\xdb\x36\x7d\xab\x40\x2d\x28\x00\x1a\x39\x82\xc8\xcd\x16\x5c\
\xfc\xdf\x77\xd2\xa5\xf2\x82\x0c\x20\xc5\x5d\x6e\x47\x4a\x85\xf0\
\x0f\x34\x5c\x2c\x8a\xde\x49\x6e\xa6\x98\xd0\x80\x6a\x63\x22\x83\
\x8a\x46\x6c\xf4\xa6\x2b\x14\xe4\x85\xb3\xc0\xa8\xc2\x30\xfe\x1a\
\xba\x5f\x9c\x0a\x72\xb8\x62\x73\x81\x8f\x5a\x2e\x23\xca\xb5\xe0\
\x07\x89\xf5\x7d\xc0\xe3\xf7\x03\x8f\x74\xc7\xf8\xd6\x15\xe4\xb1\
\xdb\x5a\xa3\x39\x60\x81\x88\x6c\x00\xdc\x90\x47\x7f\xc2\xba\x3f\
\x13\x8d\xfe\x28\xd6\x00\xc7\x3f\x67\xc6\x3d\x76\x71\x5c\xde\xab\
\x08\x9e\xd3\x61\x12\x0c\xc8\x0e\x50\x02\x78\x52\x7f\xa5\x79\x95\
\x3f\x8e\x7b\x14\xbf\xdd\x88\xfc\x52\xa1\x34\x26\x18\xc0\x2d\x11\
\x19\xab\x3a\x3e\xb3\x6b\x0e\x8b\x1c\x04\xcb\xb8\xc4\x00\xfb\xb8\
\xfe\x1c\xf6\xcf\x6a\xad\xe2\x93\xbb\xc3\xbb\xbb\x86\x88\x9f\x5e\
\xb8\xac\xab\x0d\x13\x57\x9e\xc5\x26\x48\x7f\x74\xa9\x9d\xcc\xfd\
\xb8\xff\x00\x1a\xf4\x32\xdf\x85\x9e\x7e\x69\xf1\x23\x74\x6a\x90\
\xb9\x04\x47\x31\x1e\x5f\xf7\xc7\xff\x00\x13\x50\xc9\xa9\x46\x0c\
\xa7\xcb\x72\x36\xe7\xef\x9f\x7e\x3e\xed\x63\x1d\x13\x50\x25\x41\
\xb6\x56\x05\x3b\xb0\xcd\x07\x42\xbe\x1b\xf8\x80\x61\x71\xc1\x63\
\x5e\xaa\x94\x99\xe3\xf2\xae\xe7\x59\xa6\x48\xd7\x21\x9a\x28\xb7\
\x79\x90\x30\xf9\x98\x9c\x60\xe3\xae\x39\xad\x08\xf4\xe9\xc1\xc7\
\x92\x3e\xfa\xf5\x73\x8e\xde\xd5\x9d\xa0\x5b\x4f\x0d\x83\xa9\x5d\
\xd3\xa5\xb3\xfd\xc7\x2b\xc9\x63\x56\xde\xda\x5d\xf1\x8d\xb2\x80\
\xd3\xc3\x9d\xd7\x6f\xd3\x1f\x37\xf1\x52\x52\xb0\xa5\x12\x57\xb0\
\xb9\x0b\x9f\x25\x36\x8d\xd9\xe0\xfb\xfb\xd7\x1f\x71\xaa\x98\x6f\
\xee\x60\xfd\xde\xd5\xb9\x7c\x06\x00\x9e\x9e\xf5\xd9\x41\x6e\x6d\
\xdc\x49\xb2\x1f\xf5\x73\x06\xdd\x2e\xe3\xf7\xf8\xeb\xed\x5c\x6e\
\xa3\xa2\xf9\x97\x72\xce\x2f\x36\x19\xa7\x73\xb4\x63\xe5\xc7\x1f\
\xd2\x87\x26\xd8\xe2\x92\x44\x51\xeb\x32\x22\x20\x56\x65\xdd\x9d\
\xc4\x20\xc7\x5f\x65\xa6\xc7\xae\xdc\x46\xf1\xba\xcb\x28\x21\x09\
\xc8\x24\x63\xa7\xd2\xa7\xd1\xf4\x2b\x16\x94\x35\xe5\xed\xca\x46\
\x15\xb9\x8d\x32\x73\x9f\xa5\x5e\x9f\xc3\xfa\x33\xc9\x67\x1d\xa4\
\xf7\xb3\x3b\x67\xcd\xdc\x08\xc7\x4e\x07\x14\xfd\xe0\xf7\x4c\x97\
\xd7\x6f\x9a\x43\x27\x9f\x39\x67\x4f\x9d\xb7\x30\xce\x3d\xf3\x55\
\x24\xd4\xe7\x95\x3f\x7b\xbd\xf1\x1f\x04\xb8\x6f\xe7\x5b\x57\x1a\
\x04\x16\xf3\xf9\x66\x3b\x86\x50\x8a\x3f\x7a\x08\xc1\x20\x1a\xaf\
\x2e\x93\x6c\x22\xde\xb0\x2e\x36\xed\xe5\xf1\xcf\xd0\x9a\x7c\x8c\
\x39\xa2\x62\xbd\xd3\x16\x24\x05\xce\xc1\x93\x9c\x1a\x8e\xde\x55\
\x9b\x5b\xb4\x56\x61\xc3\xaa\xf5\xcf\xf1\x57\x4b\x61\x67\x64\x97\
\x48\xb2\x47\x6b\xb3\xcb\x39\xf3\x19\x71\xd0\xfd\x6b\x33\x57\x86\
\x28\x3c\x49\x6c\x2d\x7c\x92\xa6\x41\x81\x13\x64\x7d\xef\xa0\xae\
\x5c\x52\x6a\x9b\xb9\xd5\x85\x6b\xda\xab\x1a\xde\x20\x8f\xed\x16\
\xd6\xc9\xe6\xa4\x6f\xbd\x8e\x5b\xa6\x14\x7f\xf5\x85\x6d\x31\x52\
\xca\xaa\x3e\x75\x55\x6f\xa7\x4a\xa9\xa8\xda\x86\x9e\x3c\x29\x70\
\x9b\x97\xee\xe4\x8c\x8c\x7f\x30\x79\xab\x44\x2a\xa2\xb9\xdd\xbc\
\xc6\xa5\x8f\xd0\x80\x7f\x98\xaf\x9b\x9b\x5c\x91\x47\xd4\xd3\x4f\
\xda\x4b\xe4\x53\xf1\x08\xdb\xa7\x59\x83\xd4\x19\x73\xf5\xf2\x9b\
\xfa\xd6\x87\x82\x72\x7c\x4c\x9f\x49\x3f\x9d\x51\xf1\x02\xbb\xe9\
\xf6\xe5\x54\x90\xa2\x62\x4e\x3a\x03\x1b\x75\xfc\xc5\x69\xf8\x11\
\x40\xf1\x62\x2f\xa2\xcb\x9f\xce\xba\x68\x3d\x11\xcd\x8a\x5b\x9e\
\x92\xea\xe4\x9c\x29\x35\x1b\x2c\x9f\xdd\x35\xaf\xbd\x14\x75\x15\
\x13\xc8\xa7\xa6\x2b\xd3\x4c\xf1\xac\x65\x1d\xc3\xa8\x35\x09\x76\
\xcd\x69\xb8\x04\xe7\x15\x1f\x94\xad\xfc\x20\x53\x4c\x56\x29\x79\
\xce\xb4\xa2\xf0\x8a\x6c\xc3\x07\x15\x5c\xa1\x63\xc5\x3b\x0a\xe5\
\xd1\x7f\x8a\x6b\x5e\x96\x3c\x55\x3f\x25\xf3\x4f\x10\x9e\xf5\x5c\
\xa2\xb9\x64\x5c\xb1\xa5\x32\x16\xeb\x50\x85\xc7\x41\x46\x69\x58\
\x0b\x0a\xc0\x0c\x8a\x99\x27\xc7\x52\x6a\x81\x76\xed\x4e\xde\x69\
\x34\x52\x35\xa3\xb8\x5d\xbd\x79\xa9\x92\x70\x4f\x04\x56\x2c\x7b\
\xe4\x3f\x28\xcd\x59\x48\x2e\x07\x38\x00\x7d\x69\x34\x17\x34\xcc\
\xdc\x75\xe2\xab\xb4\xa0\x66\xa0\xd9\x37\x42\xca\x3f\x1a\x8c\xc4\
\x59\xb0\x5a\x92\x43\xb8\x5c\xba\xb8\xc5\x14\xf5\xb4\x4d\xbc\x93\
\x45\x55\xc4\x51\xde\x28\xde\x0d\x55\x12\xe6\x97\xcc\x35\x64\x5c\
\xb2\x18\x54\x81\xaa\xa8\x6a\x93\xcc\xc5\x2b\x01\x65\x5e\xa6\x13\
\x1f\x5a\xa4\xb2\x64\xd4\xe9\x24\x4b\x8d\xdc\xfb\x52\x68\xa4\xcb\
\x22\x63\xd3\x26\xa5\x42\x48\xcf\x6a\xaf\x13\x23\xca\x09\x1f\x2f\
\xa5\x4d\x34\xc1\x4e\x10\x0c\x7b\x54\xb4\x3b\x8f\x67\xc5\x47\xe6\
\x7b\xd5\x57\x95\x8f\x63\x51\xf9\x8e\x3a\x03\x47\x28\xae\x5e\xf3\
\xbb\x66\x9c\xae\x49\xac\xdf\x31\xf3\xd0\xd4\x8b\x33\x2f\x63\x45\
\x82\xe6\xa2\x95\x23\x27\x83\x41\x61\xd8\xd6\x7f\xda\x1b\x1d\xe9\
\xcb\x2b\x1e\xc6\x8e\x50\xb9\xa3\x19\x52\xd8\x35\x69\x63\x00\x71\
\x59\x2b\x23\x67\x3c\xd5\x88\xe6\x93\xd4\xd4\xb4\x52\x65\xff\x00\
\x2c\x9a\x61\x84\xe7\x92\x69\xd0\xc8\x59\x32\xd4\xf6\x7f\x4a\x9b\
\xb1\x8c\x10\xf1\x4b\xe5\x8c\x52\x99\x06\x29\xbe\x60\x00\xd0\x03\
\xc2\xaf\xa5\x3b\x18\x35\x0a\x49\xbb\xa5\x06\x72\xad\x8c\x66\x8b\
\x31\x93\xd1\x51\x89\x0e\xdc\x9e\x29\x9e\x7e\x0f\x4a\x56\x1d\xc9\
\x88\xa8\x8b\xa8\x6c\x66\x98\xf3\x9c\x71\x55\x4b\xbe\x78\x53\x4d\
\x22\x59\x7c\x61\xbb\xd2\xec\x51\xd6\xa8\x09\x5c\x53\xc4\xed\x45\
\x82\xe5\xa6\x51\xda\x95\x45\x42\x27\x18\xe9\x43\x4b\xc7\x14\xc0\
\xb3\x51\xf3\xeb\x50\xac\xad\x9e\x7a\x53\xfc\xc1\x8a\x56\x18\xf3\
\x20\x5e\xb5\x0c\x84\x39\xc8\x34\xc6\x7c\xf4\xa4\xde\x7d\x29\xd8\
\x57\x11\x90\x67\xa5\x18\xa5\x07\x26\x9c\x07\x34\xee\x22\x30\x80\
\xd2\x14\x02\xac\x98\xf2\x38\xa8\xcc\x64\x75\xa0\x76\x3c\xb3\xc4\
\xf1\x31\xf1\x1e\xae\xc0\xe0\x11\x0e\x0f\xb8\x4f\xfe\xbd\x62\xa8\
\x5f\x37\x7b\x44\x8e\xa1\x8a\x6d\x62\x40\xc9\x04\x67\x23\x9e\xf5\
\xd2\xf8\xbe\x54\x6d\x6a\xfa\x18\xd1\x47\x96\x90\xbb\x9c\x72\xce\
\x41\x1f\xfa\x08\x15\xcd\xdd\x45\x2c\xd0\x34\x30\x07\x67\xcf\xfc\
\xb3\x62\x09\x01\x59\xbb\x7a\x62\xbc\xaa\xd7\xf6\xfa\x1e\xcd\x0b\
\x7d\x5f\x52\x97\x8a\x80\x6d\x11\x98\xfc\xbb\x4c\x5c\x76\xeb\x4c\
\xd3\x75\xf5\x83\x49\x8e\xdc\x47\x19\xdd\x16\x32\x65\x3f\x2e\x31\
\xdb\x3e\xd5\x37\x8a\x89\x1e\x1b\x27\xa9\x3e\x56\x73\xd4\x1c\x8c\
\xff\x00\x2a\xab\xe1\xdf\x0c\x5d\x6a\x91\x44\x56\xee\xde\x34\x11\
\x92\x03\x9e\xd8\x07\xfa\xd7\xa1\x96\xfc\x2c\xf2\xf3\x5b\x39\x21\
\x57\x58\x41\xb7\x11\xdb\x93\xe5\x64\x66\x43\xff\x00\xc5\x53\x26\
\xd5\xc1\xde\x44\x51\x92\x57\x3c\x72\x3b\xfb\xd5\xe8\x7c\x24\xf3\
\x83\xb3\x53\xd3\xc9\x48\x37\x9c\x0e\x9e\xc7\xde\xb2\xe5\xd1\x64\
\x88\x9f\xf4\xc1\x92\xbd\x90\x01\xfc\xeb\xd7\x4d\xf4\x3c\x8b\x24\
\x38\xf8\x86\xf2\x28\x8a\x47\x64\xa0\x15\xda\xcc\xb2\x15\x04\x67\
\x3d\x30\x7f\x9d\x56\xfe\xde\xd4\x09\xe2\xde\x22\x55\x86\x37\x4e\
\xfd\x7b\x76\x15\x75\xf4\x73\x6d\x0c\x73\x49\x7b\xb8\x3b\x80\xc1\
\x57\x9f\x5f\x5a\xbf\x69\xa5\xd9\xdd\xca\x91\x1b\xcb\x88\xda\x59\
\x47\x3b\x57\x00\x7f\x3a\xcd\xc4\xd3\x99\x18\x9f\xdb\x9a\xb8\xe4\
\x41\x6d\x82\xc5\x71\x97\x7e\xbc\x9e\xf4\xb1\xea\xb7\xce\xab\x24\
\xce\xea\xd2\x3b\x12\x91\xa1\x55\x1d\x4e\x07\x7a\xde\xd4\xbc\x35\
\x65\x6d\x64\xd3\x1b\xe9\xe5\x71\x72\x50\x0d\xb8\xe3\xd7\xa5\x37\
\x54\xf0\xfd\xa5\xb7\xd8\xe3\x86\xe2\xe0\xa3\x2b\x31\x24\x1f\x5c\
\x7a\x51\x14\xef\xa0\x9b\x4f\x73\x05\x35\x49\xc8\x8d\x3c\xc9\x4a\
\x90\x73\x87\x23\x3c\xfd\x6a\x24\xd4\x26\x1e\x59\xcc\xb9\xd8\x79\
\x6f\xff\x00\x59\xad\xbd\x2f\x49\xd2\xa1\x9b\x7e\xa1\x1d\xdc\x90\
\xa8\x23\xf7\x79\xfb\xc4\xd5\x08\xec\xb4\xf9\xf5\x45\x88\xc5\x21\
\x89\x24\x2a\x01\x3c\xf6\xc7\x53\x57\xef\x22\x7d\xd3\x39\xef\x25\
\x91\xb7\x95\x0c\x7c\xac\x65\x88\x24\xfe\x62\xa1\xfb\x4b\x80\x46\
\xf4\x0c\x22\xc6\x09\xcf\xf2\xae\x86\xeb\x4e\xb5\xb6\xba\x74\x8e\
\x14\x8a\x31\x1a\x8c\x3b\x83\xd8\x13\xde\x99\x25\xa5\x86\xd2\x44\
\x76\x87\x0b\xb7\x39\x51\xf8\xd3\xe5\x97\x70\xbc\x51\x83\xe7\xb9\
\x47\xf9\xd7\x1e\x58\x07\xe6\x3e\xf4\xc8\x26\x32\xeb\xf6\x5b\x9c\
\x1d\xae\x80\x7e\x75\xd6\xe8\x97\x5a\x7d\x8c\x57\x51\x4b\x6d\x6e\
\x5a\x68\xc0\x57\x23\x85\xe0\xe4\x9e\x2b\x12\xfd\x63\x3e\x2a\xb4\
\xf2\xbc\xb0\x86\x51\xc4\x79\xc6\x37\x7b\xd7\x36\x25\x35\x4d\xdc\
\xea\xc2\xb4\xea\xab\x1b\xfa\x96\xa1\x2d\xa4\xd6\xbb\x63\x47\x37\
\x04\xe7\x79\xc0\x07\x24\xe4\x63\xdd\xaa\xf9\x03\x66\x48\x38\x0b\
\x83\xfc\xff\x00\x98\x15\x47\x56\x68\x22\x9e\xca\x69\x16\x19\x15\
\x24\x28\x04\xdb\xb6\x8c\xaf\xfb\x3d\xfd\x2b\x44\x0f\x9f\x0d\x92\
\xa1\x88\x35\xf3\x53\x49\x41\x33\xea\x69\xc9\xb9\xb4\xfa\x09\x75\
\x7f\x15\x85\xad\xaf\x9a\x85\xd5\xf7\x89\x0f\x5c\x00\xa4\xe7\x1d\
\xfa\x62\xb5\xfc\x2a\xb6\x72\x78\x9e\x2b\x8b\x5d\xbb\xd8\x48\xac\
\xa0\xfd\x49\xe3\xeb\x5c\xcf\x88\x06\x74\xfb\x46\xec\x56\x5c\x67\
\xfe\xb9\x1a\xdb\xf0\x0e\x07\x8a\x81\xc6\x3e\x59\x47\xfe\x3e\xd5\
\xd1\x42\x2b\x46\x73\xe2\x65\xba\x3d\x4b\xc8\xc8\xe4\xd4\x06\x12\
\x0e\x73\x56\xcc\x83\xd4\x54\x2e\xe3\xa0\xaf\x4d\x1e\x28\xd5\x51\
\xd0\xd2\x90\xa0\x76\xa8\x89\xe4\x80\x6a\x39\x58\xaf\x00\xd5\x12\
\x36\x4b\x64\x91\xb3\x8a\x55\xb7\x45\x1d\x29\x8b\x23\x8e\xf5\x27\
\x9c\x71\xd0\xd3\xd4\x43\x1e\x25\xc6\x45\x27\xd9\x48\x5d\xcc\x00\
\x14\xf5\xdf\x23\x61\x57\x06\xae\xa8\x25\x36\xc9\x82\x69\x5d\x8e\
\xc5\x15\x8a\x30\xbc\x8a\x70\xb7\x8b\xfb\xb5\x60\xc2\xa3\xbd\x41\
\x21\x55\x53\x83\xcd\x09\xb0\xb0\xd6\x8d\x3a\x05\x14\xc6\x44\x03\
\xee\x8a\x63\x3b\x0e\x33\x51\xb1\x24\x75\x35\x48\x57\x1d\x1b\xac\
\x6b\x8c\x73\x4f\x17\x58\x18\x06\xaa\x9a\x4a\xab\x0a\xe5\x81\x2a\
\xe7\x93\x48\x64\x51\xd0\xd5\x72\x05\x00\x64\xe0\x51\xca\x82\xec\
\xb4\x2e\xc2\x8c\x66\x8a\x89\x6d\x4b\x72\x68\xa5\x64\x17\x66\x70\
\x86\x43\xda\x9c\x22\x90\x0e\x95\x7d\x63\x34\xf1\x11\x3d\x05\x3b\
\x93\x63\x37\xca\x98\xff\x00\x0d\x2f\x93\x31\xe8\x86\xb4\xc4\x4c\
\x3f\x86\x9a\xd1\xbf\xa6\x28\x4c\x76\x28\x08\x26\xfe\xe1\xa9\x62\
\xb6\x95\xdb\x1b\x48\xab\x22\x36\xf5\xa9\x91\x19\x7a\x31\xa1\xb1\
\xa4\x39\x2d\x56\x24\x19\x3c\xd4\xc1\x53\x1c\x81\x50\xb2\x93\xdf\
\x34\xd2\xaf\x50\x32\xc6\xd8\xc7\x40\x29\xc8\x15\xb8\x00\x62\xaa\
\xec\x63\x53\xc4\xee\x8b\x8d\xb9\xa1\x8d\x0e\x91\x10\x1e\x16\xa1\
\x25\x47\x45\xa9\x0e\xf3\xd4\x52\x04\xf5\x14\x09\x91\x86\x5f\x41\
\x52\x2b\x2f\xa0\xa6\x98\x89\xe8\x31\xf5\xa4\xf2\x9c\x77\x5f\xce\
\x98\x13\x86\x06\xa4\x56\x50\x2a\x9e\xd9\x29\x7f\x7a\x07\xdd\x34\
\xac\x05\xf1\x3f\x18\x14\x9e\x6e\x3a\x9a\xa5\xf3\xfd\x29\x09\x92\
\x8b\x05\xcb\xcd\x30\x2b\xc1\xa8\x99\xc9\xef\x55\xb3\x27\xa5\x2f\
\xce\x7f\x86\x95\x82\xe4\xea\xec\xa7\x83\x53\x09\x89\x3c\xe2\xa8\
\xfc\xc0\xf2\x0d\x39\x5d\x87\x5a\x4d\x05\xcb\xde\x69\x26\x9d\xbb\
\x23\x26\xa9\xf9\xd8\xa7\x89\xce\x31\xb6\x8b\x0d\x32\x56\x70\x0f\
\x1d\x68\xde\x58\x55\x46\x91\xf3\x9c\x53\x7c\xc7\xf4\xa1\x05\xc9\
\x9d\xb1\xd4\xd3\x7c\xc1\xd0\x55\x76\x62\x7a\xd2\x06\x22\x9d\x85\
\x72\xe2\xb5\x48\x1c\x77\xaa\x22\x43\xf4\xa7\x6f\x3e\xb4\x34\x17\
\x2e\xf9\x8a\x29\x3c\xd0\x07\x5a\xa6\x4f\x1d\x69\x41\xe2\x95\x82\
\xe5\x8f\x33\xd2\x93\x7d\x44\x1b\x1d\x29\x77\x66\x9d\x82\xe3\xfc\
\xd0\x29\xcb\x28\x3d\xea\x13\x4e\x51\xcd\x16\x0b\x96\x96\x6c\x2f\
\x06\xab\xde\xea\x31\xd8\xdb\xf9\xd2\x86\x65\xdc\x17\xe5\xeb\x93\
\x52\x28\xe2\xb2\xbc\x4c\xa3\xfb\x11\xf2\xec\x9f\xbc\x5e\x54\x64\
\xd2\x1d\xce\x13\x59\xbd\x4b\x9f\x13\xea\xf2\x46\x08\x5f\xf4\x7e\
\x18\x60\xfd\xc3\x58\x1a\xcc\xed\x69\x64\x25\x41\x92\x24\x19\x04\
\xe3\xef\x02\x2a\xdc\x69\xbb\x56\xd5\x15\x4b\xb9\x22\x0c\x96\xeb\
\xf7\x4d\x41\xab\x2a\xb5\xa6\xe0\x46\x18\x8d\xdb\x97\x20\x10\xa6\
\xbc\xba\xbf\xef\x07\xb5\x47\xfd\xd8\x8f\xc5\x4d\xff\x00\x14\xf3\
\xa8\xf5\x8c\x9f\x6e\x45\x67\xe9\x7e\x21\x92\xd2\xc6\x28\xa1\x74\
\x46\x31\xe1\x8a\xc6\x01\xe8\x3b\xed\xf6\xad\x3f\x16\x28\xff\x00\
\x84\x6d\xdc\x7d\xe6\x31\xf1\xed\x9a\xcd\xd2\x34\x45\x97\x47\x79\
\xa4\xbd\x75\xd8\x83\x08\xab\x8e\xbb\x7b\xe3\xde\xbb\xf2\xeb\xf2\
\xbb\x1e\x66\x69\x65\x28\xdc\x96\xd7\xc4\xf3\x59\x89\x0c\x1b\x7f\
\x79\x17\xcd\x98\xd4\x92\x7d\xbe\x5e\x2a\x8c\xba\xc4\xae\xcc\x7f\
\x79\x8d\xa0\x8c\x01\xc1\xab\x31\xe8\x08\xfb\x41\xbb\xb9\x3f\xbb\
\xcf\x43\xf9\x74\xa5\x7d\x06\xdd\x1e\x40\x1e\xe0\x9c\x63\x8c\xf6\
\xfc\x2b\xd6\x49\x9e\x4f\xba\x3d\xe7\xd4\x2e\xad\x2d\xcc\x05\x9d\
\x7c\xa6\x76\xdd\x19\x7c\x60\xe3\xb1\xc0\xa8\x21\x1a\xb2\xc8\xa1\
\x7e\x43\xb8\x2e\x52\xcf\x18\x26\xba\x0b\x28\x1e\xd6\xd1\xa2\x82\
\x59\x91\x45\xab\xf2\xd8\xc9\xcb\x1f\x6a\xce\x65\xbc\x19\x67\x96\
\x6e\xab\xcb\x3e\x07\x18\x02\x88\x43\x9b\x70\x73\xb6\xc5\x44\x87\
\x57\x9e\x45\xdf\x34\xec\xbb\x89\x61\xf6\x60\x01\x00\xf3\xd4\x55\
\x0b\xbb\xd9\x53\x50\xb8\x5c\xc8\xf1\xc3\x3c\x8a\xbb\x8f\x41\xe9\
\x8c\xf4\xab\xaf\x2b\x5b\xc9\x17\x9a\xf3\x30\x32\x63\x0b\x31\xe3\
\x27\xbf\x34\x9a\xd5\xbe\x9f\x0c\xe4\xbc\x59\x66\x9a\x56\x95\xb7\
\xf2\x7e\x62\x06\x06\x7d\x29\x4e\x29\x3d\x07\x19\x36\xb5\x32\xd6\
\xf5\x82\xc6\x1a\x38\xd8\x72\x4e\x71\xcd\x43\x1d\xc4\xd8\x45\x50\
\xaa\x31\xeb\xff\x00\xd6\xad\x28\x2d\xac\xe3\x81\x1c\x5b\xc1\xb9\
\x97\x80\xee\x0f\x5f\x6c\xd3\x6d\x24\xd3\x5a\xfa\x11\x2d\xac\x6c\
\xb9\x2b\x8e\x8b\x9f\x53\xc7\x4a\x56\x7d\xc7\x75\xd8\xae\xf7\x32\
\xe3\x1b\xd4\x7e\xeb\x8c\xb6\x71\x51\x3d\xe4\xc1\x58\x34\xb1\xe0\
\xc5\x8e\x5c\x8f\xd3\x35\xd1\xdd\x43\x63\x15\xcb\xac\x69\x6c\xa9\
\xe5\x2e\x16\x36\x0c\x07\x1d\x73\x8a\xce\x96\xde\xdf\x61\x3b\x62\
\xce\xde\x4e\xc2\x70\x3d\x7a\x55\x72\xbe\xe2\x72\x4b\xa1\x92\xd7\
\x4c\xdb\xb1\x2e\x48\x88\x2e\x07\x20\x8e\x7d\x68\xb4\x9b\xce\xf1\
\x15\x88\x32\x6e\xc3\xa8\xfb\xb8\xef\x5b\x36\x1e\x55\xb5\xe0\x92\
\x42\xa8\x02\x1c\x92\x87\x18\xda\xdc\x91\x55\x2e\xa4\x46\xf1\x6d\
\xb4\x8a\x54\x86\x98\x11\xb5\x70\x31\x93\x8a\xe6\xc5\x2b\x53\x7a\
\x9d\x38\x56\x9d\x58\xe8\x6b\xf8\x84\x2b\x41\x64\x9e\x66\xcd\xd3\
\x34\x9c\x8c\xe7\x01\x71\xfd\x6b\x71\xd5\xb1\xb7\x04\x39\x6d\xc7\
\x9e\xc4\x56\x0f\x89\x77\x42\xd6\x1f\x31\x5c\x96\x0a\x31\x9f\xa5\
\x6f\xb8\x79\x16\x37\x07\x9d\xff\x00\x37\x3d\xab\xe6\xea\x69\x4e\
\x27\xd4\xd2\x5f\xbc\x91\x9f\xe2\x2e\x2c\x2d\x40\x1f\x75\x25\x18\
\xff\x00\xb6\x4d\x5a\xfe\x07\x24\xf8\xa9\xb0\x3a\x09\x7f\xf4\x26\
\xac\xaf\x13\x60\x59\xdb\x10\x3e\xf2\xcd\xd3\xfe\xb9\x1a\xd7\xf0\
\x37\xcb\xe2\xb6\x18\xe3\x12\xff\x00\xe8\x6d\x5d\x38\x6d\x91\xcd\
\x8a\xea\x7a\x71\x57\x6e\xe0\x51\xe4\xfa\xb5\x3b\x75\x46\xf9\x1d\
\x0d\x7a\x69\x1e\x20\x18\x86\x7a\xd4\x72\x2f\xbd\x21\x63\x9e\xb4\
\xd2\x7d\x6a\x81\x88\x87\x69\xe6\xa5\xf3\x53\xd2\xa2\xc8\x15\x1b\
\x1e\x78\xa7\x61\x13\x99\xf1\xd3\x8a\x43\x39\x3d\xea\xa9\xce\x69\
\x7a\x51\x61\x5c\x9d\xa7\x72\x38\x15\x06\x5c\x9e\x45\x2e\x4f\xad\
\x34\xb9\xa6\x90\x5c\x53\xc0\xa8\xc9\xa7\x12\x4f\x5a\x6f\x5a\x76\
\x15\xc6\x9a\x50\xa4\x9a\x31\x4f\x57\xda\x3a\x50\x03\x4a\x36\x7a\
\x0a\x6e\xc6\x04\x11\x8a\x79\x94\x9e\xd5\x19\x76\x34\x01\x20\x9d\
\xc7\x53\x45\x57\x2c\xd9\xa2\x8b\x01\x7c\x2d\x48\x1b\x03\x02\x8d\
\xc3\xda\xa2\xb8\xb9\xb7\xb5\x44\x7b\x9b\x88\xa0\x47\x3b\x55\xa4\
\x70\xa0\x9f\x4c\x9e\x2a\x46\x4d\x93\xeb\x41\xdc\xfd\x4d\x55\x5b\
\xfb\x23\xd2\xf6\xd8\xff\x00\xdb\x55\xff\x00\x1a\xb5\x13\xc7\x32\
\xee\x86\x45\x91\x73\x8c\xa1\x04\x7e\x94\x0c\x67\x94\xd9\xa7\x2c\
\x6e\x3b\xd4\x98\x34\xa0\xa9\x24\x6e\x5c\x83\x83\xcf\x4a\x00\x68\
\x53\x4a\x41\xc6\x31\x59\x9e\x24\xd5\x65\xd1\x74\x39\xb5\x0b\x75\
\x8d\xda\x36\x51\x87\x3c\x72\x40\xed\xf5\xaf\x3b\x6f\x8a\x3a\xb3\
\x60\xad\xb5\xa0\x07\x1c\xec\x63\xfd\x68\x03\xd6\x79\xda\x33\x40\
\x1e\x95\xe4\x47\xe2\x5e\xb7\x20\x66\x5f\xb2\xa6\x10\x9e\x21\xf7\
\xfa\xd5\x77\xf8\x8f\xaf\x1c\xe2\xe6\x35\xc6\x7a\x42\xbd\xa8\xb0\
\xb9\x8f\x65\x21\xb3\xd2\x9b\xc8\x35\xe3\x67\xc7\xde\x20\x76\xc0\
\xd4\x1b\x1b\x87\xdd\x89\x7d\x3e\x95\x11\xf1\xb6\xbe\x4a\x93\xa9\
\x4f\xc8\xcf\x00\x0f\xe9\x4f\x94\x5c\xc7\xb5\x65\x8f\x51\x49\x83\
\xe9\x5e\x2d\x17\x8c\xbc\x45\x2c\xd0\xc3\x1e\xa5\x70\xd2\x48\x70\
\x14\x11\xc9\xa9\xae\xbc\x51\xe2\x8b\x05\x83\xed\x57\xf3\xa7\x98\
\xe5\x46\x59\x4e\x71\xd7\xf9\x8a\x39\x42\xe7\xb2\x05\x3e\x94\xf0\
\x71\xc6\x2b\xc3\x87\x8e\x75\xe1\xff\x00\x31\x49\xbe\xfe\x3a\x0f\
\xf0\xa5\xff\x00\x84\xeb\x5f\xc3\x1f\xed\x39\x78\x60\x39\x0b\xfe\
\x14\x72\x8e\xe7\xb8\x63\x34\x6d\x00\x57\x8a\xc7\xe3\x7d\x78\x89\
\x01\xd4\xa5\xf9\x48\xfe\xef\xf8\x55\x88\x7c\x71\xaf\x05\x07\xfb\
\x41\x9b\x24\xfd\xe4\x43\xe9\xed\x47\x2b\x15\xcf\x65\x00\x63\x26\
\x97\x22\xbc\x92\x2f\x88\x5a\xe2\xaa\x83\x2d\xbb\x71\xfc\x51\x0a\
\xb3\x1f\xc4\xad\x48\x8f\x9e\x1b\x46\x39\xfe\xe9\x1f\xc8\xd4\xd9\
\x8d\x33\xd4\x58\x8c\x71\x4c\x23\x3d\xab\x9d\xf0\x8f\x88\xe7\xf1\
\x1a\x5c\x34\xd0\xc5\x17\x95\xb7\x1e\x59\x27\x39\xfa\xd7\x4f\xb3\
\x34\x8a\x21\x0a\x3d\x29\x42\xfb\x51\x3c\xb1\x5a\xc4\x66\x9e\x45\
\x8e\x21\xf7\x9d\xba\x0a\xa6\x75\xdd\x29\x5c\xa1\xd4\x2d\x81\x07\
\x07\xe7\xa4\xe4\x96\xec\x6a\x2d\xec\x5e\xdb\x41\x4a\x65\xb5\xe5\
\xad\xe2\xee\xb6\xb9\x8a\x61\xdf\xcb\x6c\xe2\xac\x62\x8b\x83\x56\
\xd1\x90\x88\x54\xf5\x5a\x63\x42\xb9\xe0\x55\x83\x9a\x69\x1e\x94\
\x5c\x56\x2b\x98\x01\xed\x49\xe4\x55\x90\xbe\xa2\x94\x2e\x7d\x68\
\xd4\x56\x2b\x79\x23\xd4\xd2\x79\x47\xb5\x59\xdb\x46\xdc\x50\x16\
\x2b\x79\x46\x97\x61\xa9\xf6\xd3\x71\xcd\x34\x22\x3d\xa4\x52\x81\
\x4e\xc5\x28\x14\x0c\x55\xac\xef\x11\x9d\xba\x3b\x12\xc1\x7f\x78\
\x9c\x9f\xad\x6a\x28\xac\xdf\x11\xb0\x4d\x21\xb3\x22\xc7\x97\x5c\
\x16\x3c\x50\x81\x9e\x61\x0e\x4e\xb7\xab\x6d\x60\xcc\x44\x1b\x48\
\xe0\x7d\xd3\x54\xf5\xf7\x36\xba\x6b\x98\x99\xd0\x99\x17\x04\x7a\
\x1c\xe7\xf4\xc5\x5f\x0c\x4e\xb9\xaa\x3e\xed\xc4\x7d\x9c\x92\x0f\
\x6d\xb5\x4f\x5e\x78\xe2\xd2\x89\x9b\x78\xda\x57\xe6\x4e\x4f\x21\
\xbf\xad\x79\x35\x7f\xde\x0f\x72\x87\xfb\xb0\xdf\x16\xe0\x78\x65\
\xc0\xc9\x00\xc6\x00\xf6\xcd\x73\xf6\x5a\xad\xda\xd8\x45\x0a\x49\
\x20\x8c\xc7\xb5\x94\x13\xf3\x1e\x3d\xeb\x7f\xc5\x24\x37\x86\xa6\
\x3c\xf3\xe5\x10\x4f\xd6\xb3\x74\xbd\x33\x4f\x83\x41\x96\xf6\xea\
\x37\xca\x20\xc1\xdd\xc0\x27\x6f\x6c\xfb\xd7\xa1\x96\xfc\x2e\xc7\
\x99\x9a\xd9\x49\x5f\xb1\x4c\x6a\x57\x23\x0c\x03\xff\x00\xaa\xe4\
\xef\x3f\x9d\x35\xee\xae\x24\x2f\x85\x20\x04\x04\xe5\xf3\xeb\xcd\
\x5f\x4b\x0b\x36\x64\x0b\x1b\x10\x53\x1c\xca\x31\xff\x00\xa1\x55\
\xfd\x47\xfb\x2c\xb3\xa5\xa6\x9f\x14\x49\xe5\x61\xcb\xc8\x18\xe7\
\x9e\x41\xdd\xc5\x7a\xb6\x91\xe4\x5e\x24\xba\x50\x8e\x6d\x3a\x36\
\xb9\x0e\x11\x6d\xa4\x62\x54\xff\x00\xb6\x7f\x3a\x8b\x51\xba\xd2\
\xe3\xb7\x95\xc4\x73\xfd\xf8\xc0\xcc\x63\x1c\xe2\x8c\x98\x74\x74\
\x8a\xde\x22\xc8\xf0\x95\x07\xef\x63\xe6\x39\xe6\xb2\xee\xac\xee\
\x6e\x6d\x9a\x31\x04\xa7\x2e\x84\xe0\x1e\xc0\x7b\x52\x52\xb2\x1b\
\x8d\xd9\x5e\x7b\x9b\x59\xef\x61\x52\x19\x0a\x48\x46\xd3\xb4\x0c\
\xee\xe9\xc5\x65\xea\x97\x12\x26\xbf\x7a\x43\x28\xff\x00\x48\x7c\
\x64\xe2\xb4\x1b\x44\xb9\x9b\x51\x13\xfd\x8e\x5c\x09\xf7\xee\x3d\
\x2a\x1f\x11\xc1\x0b\x6a\xee\xf1\xc4\xad\x2e\xf9\x77\xec\x39\x24\
\xee\x3d\x47\xd2\xb1\x93\x6d\x9b\x41\x59\x58\xcc\x5b\xc9\x23\x54\
\xfd\xe2\xe7\x04\x1f\x98\xd2\x25\xf4\x83\x68\x33\x0e\x10\xa8\x19\
\xa8\xd2\xd1\x8c\x2e\x0d\xa4\x99\xcf\x1d\x06\x46\x7a\xfd\x2a\xcd\
\x8d\x92\xa5\xf4\x26\x48\x06\xcc\xe4\xef\x1c\x01\xeb\x53\x67\xdc\
\xaf\x74\xb4\xb3\xbb\x48\xdf\xbf\x53\xfb\x90\xa4\x05\x27\xfa\xd3\
\xa5\x9d\xfe\x6c\xbb\x7f\xab\xc7\xdc\xad\x56\x10\xda\xde\x4b\x24\
\x20\x3a\xc9\x12\x9c\xc7\x19\x00\x60\x60\xd3\x66\x9b\x28\xd8\xda\
\x08\x19\x6c\x83\xc0\x3d\xfa\xd7\x44\x21\xa6\xac\xc1\xcb\x5d\x11\
\x90\x59\xe5\x2c\x3c\xc6\xc9\x8c\x0f\xf5\x60\xfa\xfb\x52\x59\x86\
\x93\xc4\x96\x69\x97\x6f\xde\x2a\x8c\x8c\x77\x35\xb7\x67\x70\xd6\
\xb7\xcb\x2b\xe3\x62\xc6\x77\x30\x00\xe0\x15\x38\xc0\xcf\x35\x52\
\x57\x12\x78\xca\xd5\xa1\x72\xc5\xa6\xdc\xac\x54\x0e\xe7\x1c\x57\
\x36\x2a\x36\xa6\xce\x8c\x2b\xbd\x58\xe8\x68\xf8\xac\x49\xe6\x69\
\xab\x21\xf9\xb7\xb6\x73\xe8\x08\xff\x00\xeb\xd7\x47\x2a\x90\xe5\
\x13\x85\x63\xc0\xf7\xc0\x26\xb2\xbc\x41\xa7\x5d\x6a\x73\xd8\x34\
\x0a\xad\xe5\xb1\x67\xdc\xd8\x38\xc8\xff\x00\x03\x5b\x52\x44\x7c\
\xb4\x72\x3a\x9c\x8e\x7b\x01\xcf\xf2\xaf\x9b\xa9\x24\xe1\x14\x7d\
\x5d\x24\xd4\xe4\xd9\x95\xe2\x6c\x7d\x8e\xdf\x1c\x0f\x2e\x62\x33\
\xe9\xe5\x9a\xd8\xf0\x2e\x4f\x8a\x24\x3e\xd2\x7f\xe8\x6f\x54\x75\
\x8d\x36\xe6\xf6\xce\xd9\x20\x55\x62\xb1\x48\x0e\x5b\x1f\x79\x08\
\x1f\xcc\x56\xbf\x81\xec\x6e\x6d\xfc\x4c\xc6\x68\x8a\x86\x12\x11\
\xc8\x39\xf9\xdc\xff\x00\x22\x2b\xa7\x0c\xd6\x88\xe5\xc4\xa7\xab\
\x3d\x14\xf1\x51\x39\x24\xd5\xa6\x8c\xf3\xc1\xfc\xaa\x16\x8d\xbf\
\xba\x7f\x2a\xf5\xcf\x09\x95\xf1\x48\x45\x4d\xe5\xb7\xa5\x21\x4f\
\x71\xf9\xd3\x11\x03\x0e\x29\x84\x54\xe4\x28\xea\xea\x3e\xa4\x54\
\x26\x6b\x70\x9b\x9a\xe6\x10\xb9\xc6\x77\x8a\x60\xc6\xed\xa3\x14\
\x86\xe6\xcd\x7a\xde\x5b\xff\x00\xdf\xd5\xff\x00\x1a\x61\xd4\x2c\
\x01\xe6\xfe\xd8\x7f\xdb\x51\x40\x89\x71\x4c\x2b\x4a\x97\x56\x92\
\x43\xe6\xa5\xdc\x2d\x1f\x76\x56\xc8\x1f\x95\x44\xb7\x56\xf2\xbf\
\xee\xae\x63\x60\x3a\x80\x7f\xc6\x98\xc7\xed\xa6\x3c\x91\xc7\xf7\
\xdd\x57\xea\x71\x4a\xf7\x76\xb1\xff\x00\xac\xba\x85\x0f\x5f\x9a\
\x45\x1f\xd6\xb2\xf5\x68\xe3\x9e\xe2\x19\x23\x60\xe8\xd1\xfc\xac\
\xa7\x20\xfd\x29\xad\x49\x6c\xd6\xdb\x91\x9a\x4d\xb9\xab\x05\x00\
\x0b\x82\x71\x81\xfc\xab\x23\x51\xd4\xe7\xb3\xba\x30\xc7\x12\x30\
\x00\x1c\xb1\x34\x0c\xbd\xb2\x93\x66\x6a\x5b\x66\xfb\x4d\xb4\x73\
\x6d\xda\x1c\x67\x04\xf4\xa5\x9a\x12\xd6\xd3\x63\x8f\x90\xff\x00\
\x2a\x57\xb0\x15\x8a\x0c\xf5\xa2\xbc\xe4\x5e\x4f\x15\x94\xd2\xee\
\x67\xdb\x70\xa3\x2d\xf3\x1d\xa4\xb6\x7f\x90\xa2\x8b\x80\xc4\xf1\
\x16\xb4\x11\xa4\x37\xf7\x1c\x0c\xfd\xee\x9c\x13\xe9\xed\x55\xb5\
\x39\x27\xd5\x0c\x69\xa9\x4d\x35\xc2\x63\x21\x5a\x42\x06\x77\x11\
\x9c\x0f\x6a\xf3\x95\xd5\x2f\x63\x42\x1c\xdc\x9c\x93\x9f\xde\xb7\
\x4a\x7c\x7a\x8d\xfc\xc6\x38\x9a\x7b\xa5\x72\x42\x87\x32\x36\x79\
\x35\xe7\x7d\x5a\xb7\xf3\x1e\xa7\xd6\xa8\x7f\x21\xdf\x41\x6e\xea\
\x8f\x14\x52\xca\x8a\x99\x0b\x97\x27\x1c\x90\x3a\xd5\xcd\x37\x55\
\xd5\x34\xf6\xff\x00\x46\xbb\x74\x8e\x42\x72\x8d\x86\x19\x03\xaf\
\x22\xae\x68\x1e\x0b\x59\x4b\xbd\xed\xcd\xe3\x02\x0e\x00\x99\x87\
\x39\x15\xca\x78\xfe\xce\x6f\x0e\x6a\x96\xd6\xda\x6b\x5e\x6d\x9a\
\x30\xc3\xf7\xcc\x70\x77\x60\xd3\xf6\x15\xbf\x98\x5f\x5a\xa1\xfc\
\x87\x62\xbe\x2a\xd6\x80\xdc\x6e\x94\x80\x70\x7f\x74\x99\xeb\xf4\
\xac\xb9\x84\xb3\xea\xb2\xdf\xc9\x24\x82\xe2\x53\x96\x2a\xc0\x02\
\x70\x47\x2b\x8c\x7f\x0d\x79\xc1\xd5\xf5\x47\x50\x51\x6f\x76\x8c\
\xb6\xdd\xed\xc8\x1d\x45\x74\xfe\x0f\xd3\xf5\x1f\x10\x49\x33\xcf\
\x3d\xe4\x2a\x98\xf9\x4c\x8d\xc7\x5a\x5f\x57\xad\xfc\xc1\xf5\xac\
\x3f\xf2\x1d\x23\x4b\x2c\xf6\xf2\xc3\x2c\xac\x63\x72\x57\x1b\x57\
\xa7\xe5\x55\xda\xc2\x15\xb2\x36\x18\xfd\xcc\x32\x34\x8a\x36\xaf\
\x07\x8f\x6f\x7a\xdc\xd7\xfc\x27\x06\x99\xe1\x3b\xeb\xeb\x56\xbd\
\x37\x11\x5b\x19\x50\xf9\xcc\x7e\x61\x5c\x2e\x91\x67\x7d\x7d\xa4\
\x0b\xab\x8b\xbb\xd0\xec\xac\xcd\x99\x08\xf5\xa7\x1c\x3d\x77\xf6\
\x89\x96\x33\x0d\x1d\xe0\x6b\xa6\x87\x6c\xd0\x87\x20\x94\xc6\x1c\
\xed\x5c\xe0\xe3\xdb\xd4\xfe\x55\x31\xf0\xf5\xa3\x12\x10\x30\xe7\
\x92\x55\x3a\x11\x93\xda\xa4\x8b\x49\x89\x74\x02\xed\x2d\xe3\x4c\
\xc8\x08\xdb\x33\x7b\x75\x15\x62\xcb\x47\x80\xdd\x4e\xb3\x5c\xdc\
\x90\xa5\x76\xe6\xe0\x8e\xaa\x3d\xeb\x4f\xaa\xd7\xfe\x73\x27\x98\
\x61\x7f\x90\x84\x78\x7e\xd1\xb1\xb4\x36\xe5\x62\x39\x55\xec\x09\
\xf4\xf4\xc5\x03\x41\xb2\x69\x15\x42\xb8\xed\xf7\x57\xd4\x8f\x4f\
\x6a\xc7\xd6\x24\x1a\x4c\x12\x4f\x12\xdd\x5c\x6d\xb9\x29\xb0\x5c\
\xb7\x20\xf1\xd7\x35\x88\xda\xd4\x97\xa5\x44\x76\x57\xd6\xcc\xa3\
\x6f\xcb\x74\xcc\x0f\xb9\xc9\xe2\x93\xc2\xd6\x5f\x6c\xa8\xe3\x70\
\xcd\x5f\x90\xee\xa2\xd0\xad\x62\x98\xba\x06\x0f\x01\x04\x70\x07\
\x24\x91\xe9\x53\x5c\xe9\x91\x5e\x47\x1b\xcd\xb9\xd2\x37\x66\x00\
\xe0\x9c\xe0\x7b\x57\x0d\xaa\x2e\xab\x17\x89\xae\xa1\xb4\x9a\xe5\
\xad\x95\xf6\x8d\xb7\x04\xe3\xe5\xc8\xef\xeb\x5a\x9e\x1b\xb6\xbc\
\xba\xd5\xd5\x6f\xa7\x9a\x38\x22\xfd\xe0\x57\x97\x89\x7a\x65\x7e\
\xf7\x1d\x7f\x4a\x95\x85\xae\xfe\xd0\xde\x33\x0c\x97\xc0\x74\x5f\
\xf0\x8d\xd9\x82\x81\xa3\x27\x71\x27\x80\x3a\xe0\x9f\x4a\x8f\xfb\
\x02\xc9\x32\x5a\x36\x2a\x4e\xec\x64\x76\x23\xdb\xde\xa0\xd5\x23\
\xb3\xb7\xb9\x46\x0c\xed\x14\xd6\xab\xe5\xaa\xdc\x9c\x23\x8e\x09\
\xfb\xdc\xd7\x39\x04\x72\xaf\x88\xde\x19\xe6\x9c\xda\xfd\x9e\x46\
\x0a\x66\x25\x4b\x79\x64\x8e\xfe\xa0\x55\xfd\x56\xb7\xf3\x89\x63\
\xb0\xef\x68\x1d\x8f\xf6\x15\x94\x65\xc9\x46\xc3\x60\xf5\x1e\xb8\
\xf4\xa7\x0d\x16\xc8\x3b\xc7\xe5\xbe\x04\x85\x47\x23\xd0\x1f\x4a\
\xf3\xa8\x9f\x50\xbb\x2b\xe5\x79\xe1\x93\x01\x96\x49\x4a\xe7\xdb\
\xaf\x5e\x2b\xb2\xd1\x74\x98\x2e\x74\x7f\x32\xee\xe3\x6d\xc5\xc6\
\xec\xe6\x60\x4c\x3c\x30\x04\x73\xeb\x83\x47\xd5\x6b\x7f\x38\x7d\
\x77\x0e\xbe\xc1\xa4\x34\x7b\x50\xcc\x02\xb0\x28\xdb\x47\x23\x9f\
\x9b\x1e\x9e\x84\x52\x8d\x1e\xd4\x2a\xbe\xd6\xc1\x6c\x1e\x47\x39\
\xe9\xdb\xd6\xbc\xde\xe6\x0d\x42\x0b\xd2\x3e\x79\x22\x12\x95\x0c\
\xb3\x64\x10\x3d\x71\xf9\xfe\x35\x6e\xf2\x59\x97\x4b\xd2\xe4\x8e\
\xd7\x74\xce\xb2\x99\x13\x24\x75\x71\x83\xef\xc5\x2f\xaa\xd5\xfe\
\x61\xfd\x76\x87\xf2\x1e\x9b\xa7\x4f\x71\xa1\xf9\xe2\xc5\xc2\x23\
\x0f\x98\x15\x07\x38\xcf\xa8\xab\xdf\xf0\x91\xea\xa2\x45\x06\xe5\
\x40\x3c\xff\x00\xab\x5f\xf0\xaf\x30\xd2\x34\xa9\x6f\xf5\x78\x2d\
\xef\x25\x44\x89\x49\x67\x51\xc3\x65\x46\x70\x47\xa7\xad\x32\x59\
\xa6\xd2\xf5\x6d\x40\x8d\x2a\xda\xfe\x13\x21\x11\xfc\xc4\x2a\x0c\
\x9c\x76\xef\x47\xd5\x2a\x7f\x31\x0f\x1d\x4b\xa4\x0f\x49\x9f\x5c\
\xd4\x6f\xad\xd2\xde\x7b\xb5\xf2\xe6\xe1\x80\x44\x1d\xfe\x95\x91\
\x9c\xe5\xb7\x64\x3b\x91\xd4\x75\xf5\xfa\x72\x6b\x91\x87\x50\x81\
\x0c\x13\x4f\xa1\xc5\xba\x42\xe7\xca\x09\xf2\x80\x4e\x01\x0c\x7e\
\xf6\x30\x7b\x57\x4f\x69\x2d\xad\xa2\x49\x6c\x41\x8a\x54\x77\xdb\
\x12\xc4\xd8\xcb\x37\xca\x3a\x77\x18\x3f\x8d\x73\xe2\x70\xd2\x8c\
\x79\x93\xb9\xd5\x85\xc6\x53\x9b\xe5\xe5\xb1\xa9\x6b\x7b\x79\xa6\
\xce\xe2\x09\x42\x96\x5c\xf0\xa0\xf4\xfa\xfe\x35\x64\xf8\x93\x58\
\x24\x29\xbc\x1c\xa9\xc1\xf2\xd7\x82\x3f\x0a\xc6\x8a\xfe\xce\xe2\
\x16\x10\x4a\xd2\xba\xb3\x02\x12\x36\x38\x20\x82\x47\x4e\xd8\xa5\
\x59\xe2\xba\x56\x28\x26\x60\x92\x12\x36\xc2\xdd\x7a\x63\xa7\xad\
\x71\xa9\x56\x5a\x6a\x77\x38\x51\x93\xbb\x35\x8f\x89\xf5\x6c\xae\
\x2e\xbf\xf1\xc5\xf6\xf6\xf7\xa4\x6f\x14\xeb\x3b\x19\xbe\xd7\xd3\
\x03\xfd\x5a\xff\x00\x85\x65\x24\xd1\xc8\xc8\x36\xcd\xb1\xb7\x2a\
\x91\x11\xe7\x91\x52\xf9\x4b\x21\x04\x37\x0a\x3f\xad\x27\x56\xaa\
\xdd\xb2\x95\x0a\x2d\x68\x91\xde\x78\x6b\x50\xba\xbd\xd3\xaf\x66\
\xba\x97\xcd\x78\x64\x21\x4e\x00\x04\x01\x9e\xd4\xdb\xc9\x2e\xa5\
\x97\xcd\x59\xe5\x85\x18\x67\x6c\x6f\x90\x38\xae\x5f\x4e\xd5\xef\
\xf4\xcd\x3e\x58\xe0\x8c\x9b\x76\x6f\x9d\xfc\xb0\x41\xc8\xc6\x32\
\x4f\x5a\x9e\x4d\x5b\x52\x4b\x78\xdc\x46\x59\x41\x09\x81\x1a\x9c\
\x71\x9f\x5f\x7f\xce\xbd\x7c\x3c\xef\x04\xd9\xe1\xe2\xa2\xa3\x51\
\xa4\x76\xb6\x97\xf1\xcc\x22\x89\xc1\x13\x67\x61\x1d\x7a\x0e\xa7\
\xf2\x35\x05\xee\xaa\xd6\x93\x3a\x08\x43\x6c\xea\x77\x75\xae\x1a\
\xe3\xc5\xd2\xd8\xcf\xba\x02\xa6\x50\x32\x15\xd5\x40\xdc\x38\x20\
\xfe\x66\x96\x4f\x16\x89\xff\x00\xd2\xd9\xd1\xcb\x81\xe6\xa0\x40\
\x08\x1c\x72\x0d\x5b\xa9\x13\x9b\x99\x1e\x83\x25\xec\x31\x08\x7c\
\xc6\xda\xd3\x28\x65\x5e\xbd\x68\x9e\xea\xde\xda\x51\x1c\xb2\x05\
\x62\x33\x8f\x6a\xe1\xb5\x0f\x1a\xd9\xbc\xb6\x33\xc1\x0e\x44\x6b\
\xb1\x84\x8f\xce\x07\x52\x31\x57\x35\x2f\x12\xe9\x32\xea\x71\x49\
\xe6\x07\x12\xc1\x90\x47\x38\xec\x69\xaa\x91\xee\x2e\x64\x76\x7c\
\x1c\x11\xc8\x23\x22\x8e\xf5\xc7\xda\xf8\xdc\x4d\x0c\x6c\x3e\xcd\
\x18\xda\x3e\x47\xce\x40\x02\xa2\x8b\xe2\x25\xb7\x99\x72\x93\x42\
\xa1\x94\x13\x0e\xc3\xc3\x11\xeb\xe9\x4f\xda\x47\xb8\x73\x23\xba\
\x02\xa3\xba\x31\x2d\xa4\xa6\x6f\x2f\x66\xd2\x3e\x7c\x60\xf0\x6b\
\x8c\xd3\xbc\x70\xf7\x33\xc6\x64\xb7\x5f\x2a\x46\xc2\xec\x27\x83\
\xf8\xd5\xdf\x12\xdc\x8b\xbd\x28\xae\xc4\xca\x48\xae\xaa\x30\x4f\
\x5e\xb8\x34\x94\x93\xd8\xab\x9c\x74\x06\xc8\xc1\x70\xb1\x85\xfb\
\x58\x65\x59\xf1\x9e\x80\x7c\x9f\xa5\x3a\xe1\xe2\x8a\x04\x79\xa3\
\xdc\xa8\x40\xc6\xdd\xd9\xef\xd3\xe8\x0d\x52\xb0\x60\x35\x9d\x55\
\x42\x90\x01\x87\xae\x3f\xb8\x7d\x29\xda\xec\xa9\x63\xa5\xbc\xcf\
\x09\x99\x56\x51\xfb\xb0\x71\x9c\x86\x1f\xa6\x41\xaf\x26\xba\xbd\
\x7b\x1e\xf5\x07\x6c\x3a\x68\xad\xe3\x00\x23\xf0\xd4\xa0\x1c\x80\
\xe8\x03\x63\xb6\x6b\x8d\xb7\xbc\x9c\x59\x42\x15\x97\x21\x08\xc8\
\x19\xf4\xeb\x5d\x87\x8b\x09\xff\x00\x84\x66\x4e\x38\x3e\x5a\x9f\
\x61\x90\x73\xfc\xeb\x98\xf3\xed\xae\x3c\x3d\x2c\x51\xd8\xaa\x5c\
\xaa\x00\xaf\x91\xb9\xfe\xef\x2a\x3f\x03\x5d\xf9\x76\x90\x68\xf3\
\x73\x4f\x7a\x69\xf9\x0d\x6b\xa9\xda\x30\x0c\x91\xf1\x0e\x09\xc9\
\x1f\xd6\x9c\x6e\x9d\xd6\x52\xcf\x0a\x8d\x80\x6d\x2c\xdc\xd6\x4c\
\x46\xed\x70\x82\xd9\xd1\x0f\x0d\xf2\x2f\x2b\xeb\x52\xa5\xa3\xc2\
\x25\x5d\xaf\xb5\x8e\xec\x06\x18\x23\x15\xe9\x73\xb3\xcb\xe5\x44\
\xd7\x06\x59\x55\x8c\x77\xee\x8b\x9e\x15\x64\x20\x0f\xa5\x56\x68\
\x67\x07\x6f\xdb\xe6\xc9\x7c\x7f\xac\x35\xbe\x23\xb8\xfe\xc4\x88\
\x59\x7d\x9e\x16\x91\xb7\x33\x12\x01\x01\x7e\xbe\xf5\x5e\x33\xab\
\x45\x7a\xb3\xb5\xe5\xbb\xaa\xb6\xed\xae\xea\xc0\x9f\x71\x8a\xcd\
\xee\x5a\x6f\xb1\x90\x2d\x24\x91\xc1\x37\x93\x1c\xbe\x30\x24\x3f\
\xe3\x4e\x54\x68\xca\x2f\x9c\x43\x6e\x3d\x79\x27\xad\x6e\x5b\x5c\
\x6a\x91\xea\x2b\x72\x97\x96\x6a\x77\x97\xd8\x18\x10\x09\xeb\x85\
\xe9\x52\xea\xba\x93\xa6\xa1\x0c\xba\x7b\xc7\xf6\xa8\x44\x91\xb9\
\xd8\x07\x25\x8e\x78\x3c\x1a\x07\xaf\x63\x99\x33\x18\x96\x32\x66\
\x1d\x0a\x8f\x97\xaf\xeb\x4e\xb7\x91\xa7\x2a\xb1\x6f\x90\x84\xdb\
\xf2\x21\x24\x0a\xd5\xd5\x2f\xe7\xd4\xf4\xab\x4b\x33\x6f\x0e\xe8\
\x01\xc3\x64\x0d\xde\xa7\x83\x50\xe8\xb7\x77\x3a\x5d\xda\xc8\x89\
\x6e\xa8\xe3\xe6\x3f\x78\xed\x1d\xc0\xa7\x1b\xdc\x1a\x49\x0e\x95\
\x6e\x71\xfe\xa2\xe5\x3f\x73\x9e\x63\x23\x23\xd7\xa7\x4a\xcf\x9b\
\x36\xcd\x89\xe4\x92\x3d\xd1\xf0\x1d\x71\x9f\xd2\xba\x6f\xf8\x4a\
\xf5\x04\xb8\x98\x94\x86\x68\xde\x01\x1a\x93\x95\x2a\xb8\xe7\x03\
\x9a\xc3\xd6\xaf\x6f\xf5\xa9\x22\x92\xe5\x2d\xd1\xa2\x8f\x68\x0a\
\x4e\x36\xfa\xfd\x69\xcb\xd4\x95\xe6\x8a\x3f\x69\x49\xa5\x11\xc5\
\x34\x8e\x4a\xe3\x68\x19\xce\x39\xf4\xad\x0b\x07\x76\xf1\x4d\x98\
\x22\x45\xc4\x80\x0f\x30\x63\xd7\xa5\x50\xb1\xb7\x96\xd6\xf4\x4d\
\x23\x20\xda\x8d\xf3\x21\xc9\x00\xa9\x03\x15\x72\xcc\x93\xe2\xcb\
\x76\xdd\x9d\xf7\x21\x81\xee\x41\xcf\x5a\xc2\xaf\xf0\xd9\xd1\x87\
\xb7\xb5\x5e\xa7\x6d\xaa\xea\x33\x69\xe6\xc1\x63\x11\x13\x2c\xa2\
\x37\x67\x07\x8c\x73\xc6\x3d\x6b\x56\x40\xec\xbb\x32\x49\x0e\x40\
\xf6\xe7\xff\x00\xd7\x5c\xb7\x8a\xd1\xa5\xfe\xcc\x2c\xdf\x72\xe4\
\xb1\xf7\xc6\x2b\xa9\x8d\xd6\x3b\x92\xd2\x82\x55\xb2\x57\xf1\xe9\
\x5f\x3f\x52\x29\x41\x34\x7d\x34\x1b\x73\x92\xec\x56\xd6\xb5\x29\
\xf4\xc8\x21\x11\x85\x24\xa4\xa4\xee\x19\xe8\xa4\x8f\xe9\x49\xa5\
\x78\x8a\x51\xa9\x4c\xf3\xcd\x14\x11\xc0\xac\x3c\xd0\x08\xc7\xce\
\xcb\xef\xe8\x2a\x97\x8b\x24\x12\x43\x6e\x72\x7f\xd5\x4c\x39\xf5\
\x09\x8a\xcb\x82\xe1\x6d\xce\xa3\x33\x3b\x2a\x2a\xf2\x55\x72\x79\
\x99\xbb\x57\x56\x1a\x2b\x46\x72\xe2\xa4\xd2\x68\xeb\xdf\xc5\x5a\
\x7b\x23\x39\xd7\xc9\x51\x90\x5b\x73\x90\x0f\xbe\x05\x55\x7f\x11\
\x58\xb4\x81\x1b\x5a\x97\x71\x00\xaa\x85\x93\x27\xf4\xae\x15\x5a\
\x55\xd3\x67\xb0\x12\xdc\x1b\x89\x1f\xcc\x45\x11\x28\x52\xbf\x5a\
\x49\xae\xa7\x92\x64\xbf\x49\x2e\x22\x58\x97\xcb\x2e\x63\x0c\x43\
\x63\x1d\x38\xf5\xaf\x64\xf9\xd7\x26\x76\xaf\xe2\x2d\x2c\x46\xd2\
\x1d\x56\x77\x54\x6c\x31\x09\x21\x00\xfe\x55\x01\xd7\xf4\xa4\x2a\
\xa6\xe6\xed\x9a\x51\x94\xc4\x2d\xcd\x72\x91\x2c\x86\xce\x5b\x00\
\xd7\x7f\x68\xb8\x91\x64\x8b\x01\x4a\x90\x3d\x7d\x0d\x48\xcc\xd2\
\x4b\x6f\x74\xbf\x6f\x31\xd8\x85\x59\x8e\xd4\x05\x4f\x3f\x77\x9e\
\x94\x0b\x99\x9d\x20\xf1\x1e\x96\xed\x2a\xac\x77\x2c\xd1\x0c\xbf\
\xee\x5f\x80\x3f\x1a\xaf\x2f\x89\xb4\xe3\x1c\x72\x05\xba\x30\x16\
\x3b\x17\xc9\x38\x27\xf1\x6a\xe6\xfe\x75\x96\x59\x07\xdb\xb6\x5f\
\x02\x22\xc1\x5e\x73\xc8\xdc\x69\x1a\xde\x69\x6d\xd2\xc0\x47\x72\
\x26\xb7\x25\xdd\x8c\x83\x69\x1e\xd5\x44\xf3\x33\xa5\xfe\xde\xb4\
\x4b\xc8\xe0\x16\x93\x99\xb0\x48\x5f\x27\xa8\x3f\xf0\x2a\x87\xfb\
\x7e\xd2\xea\x29\xbf\xd0\x6e\x59\x20\x18\x6d\xb1\x81\x8f\xd6\xb1\
\x8c\x85\xae\x86\xb0\x91\xdf\x35\xbc\x78\x8d\x95\xa7\xc3\xe7\x18\
\xf5\xe9\x4d\x8e\xde\x5b\x60\xf6\xb2\x41\x72\xc7\x51\x00\xc7\xfb\
\xec\x63\x27\x8c\xf3\x40\x73\xb3\x6d\xbc\x45\x68\x96\x31\x4a\x34\
\xcb\xb6\x84\x9c\x20\xc8\x19\x3d\x09\xfb\xde\xd5\x42\x59\xac\x05\
\xe4\x2a\x74\xc9\xd9\xae\x09\x65\x02\x51\xf9\x75\xaa\x2f\x67\x34\
\xd6\xeb\xa6\xfd\x96\xe1\x65\xb5\x2c\xcd\x21\x9f\xe5\x23\xda\xaa\
\xc7\x0a\x45\xf6\x49\x96\x09\x98\xc0\x58\xb2\xc9\x30\x25\xc9\xed\
\xc5\x2b\x8e\xf7\x36\xa3\xb8\xd3\xcd\xec\xf6\xe9\xa1\xcd\xbd\x57\
\x04\x34\xa0\xe2\xae\xc1\xe2\x99\x06\x9c\xef\x06\x9b\x74\x20\x85\
\x44\x7b\x45\xe6\x14\x72\x0f\x00\x2f\x15\xcf\xed\x30\x39\xd4\x5e\
\xcd\xda\x3b\xa0\x42\x46\x26\xfb\xb9\xa8\x7e\xc8\xd6\xc0\xe9\xf2\
\x5a\x07\x7b\x82\x0a\xb9\x93\xee\xf7\xe9\xf8\x7e\xb4\xee\x17\x67\
\x5f\x61\xe2\xed\x4c\x7d\x9c\xdb\x93\x6a\x93\xb1\x2c\x4d\xc7\x98\
\x7f\x22\x38\xa9\x93\xc6\xf7\xd7\x0c\x66\x99\x62\x94\xb4\xc2\x04\
\x25\x40\xe8\x3e\xf1\xc7\xe3\x5c\x76\x91\x66\xab\xad\x47\x13\xa2\
\xa1\x83\xe6\x2c\x5b\x3b\xbb\x63\x1f\x8d\x4b\x69\xfb\xe8\x6d\xa3\
\x89\x62\x2c\x2f\x9f\x2a\x0f\x4c\x6e\x3d\x6b\x39\x3b\x33\xae\x11\
\x4e\x37\x3d\x23\x4f\xf1\xa5\xbb\xd9\xa3\xcf\x7a\xb6\xae\x49\x29\
\x08\x62\x48\x1d\x8e\x31\x57\x17\xc6\xd6\x57\x0e\xd1\xc7\xa8\xbc\
\x8c\xea\x54\x2a\x44\x4f\x3c\x8e\xc2\xb8\x6d\x2f\x4f\xbe\x9b\x4e\
\x11\x5b\xdc\x41\x1a\x8b\x65\x94\xa1\xb8\x50\xca\xa0\xe4\xb6\x36\
\xf1\xce\x6a\x48\x2d\xb5\x6d\x2e\x18\xee\xdb\x50\xb2\x75\x9d\x5d\
\x23\xf3\xee\x81\x56\x1d\xc8\xc2\xf5\x1c\x55\x27\x73\x39\x2d\x4b\
\x41\x0c\xba\x26\x72\x7f\x79\x72\x80\x9e\x79\xe5\xf3\x45\x25\xec\
\xf6\xda\x36\x9c\xb6\x37\xd7\x11\x0b\x88\x65\x8a\x66\x08\x09\x00\
\x15\x63\xc1\xef\xc9\xa2\x93\x95\x80\xab\x0e\x83\xa1\xdc\xdd\x3d\
\xa4\x97\x96\xe2\x48\x21\x5c\x39\x97\x01\xf2\x79\x2d\xef\x9c\x7e\
\x04\x54\xb0\x69\x1e\x1f\xfb\x55\x9d\xa3\x5f\xda\x30\xf9\xe4\x0f\
\x1c\xa7\x27\xd3\xfe\x03\xc7\xe7\x5c\x39\x96\xd6\xcb\xc4\x77\x12\
\x4b\x73\x16\xd9\xb8\x20\xe7\x95\x24\x8c\x74\xea\x08\x1f\x95\x58\
\xd4\x24\x83\x4b\xd6\xe0\x97\x7c\x4b\x0c\x28\x13\x72\x82\x47\x43\
\xb8\x63\xdf\x9f\xce\xaa\xe6\x36\x3d\x15\xef\xf4\xd5\x9e\xd6\xdd\
\x35\x68\x64\x59\x27\xda\xdb\x67\x6e\xc3\x24\x03\x9e\xdd\xfe\xb5\
\x06\xa9\x27\x87\xa6\xbb\xc8\xbd\xb5\x98\xb9\x5b\x72\x32\xc4\x82\
\x4e\x46\x1b\xb1\xe8\x7f\x0a\xe0\xf5\x99\x2c\xf4\xeb\x9b\x59\x05\
\xc6\x24\x8f\xf7\xca\xaa\x84\xee\x25\xb2\x4e\x7d\xc6\x29\x75\xb9\
\xec\x2d\x23\xb6\x90\x49\x22\xf9\xcf\xe7\xa9\x58\xc1\xc9\x00\x6d\
\xe7\x34\x07\x29\xd5\xcb\x69\xe1\x8b\x2b\xc2\xc9\xa8\xc1\x2e\x02\
\xc5\x2c\x05\x09\x00\xb9\x03\xa8\xef\xd6\x9f\x6e\xfa\x0e\x87\x2d\
\xc1\x4d\x55\x26\x63\xb4\x98\x9a\x26\xc2\x29\x7c\x0e\x7b\xe7\x38\
\xae\x53\x59\xb8\xb5\x36\xd6\xd2\xa7\x98\xb2\x5e\xc8\xaf\x1f\xca\
\x31\xc0\xe3\xf0\x1b\x8f\xfd\xf3\x4e\xd7\x6f\x2c\xe2\xb5\x4b\x97\
\x8e\x62\x6e\x99\x06\x62\x0b\xfc\x23\x38\x19\xed\x93\xfa\x53\xb8\
\x72\x9d\xdd\xde\xbb\xe1\xfb\x64\xbe\xb7\x59\x63\x69\x37\x96\x50\
\x61\x63\xb6\x36\x60\xa1\x79\xe3\xbe\x2a\xbd\xc6\xa9\xe1\x8b\x3b\
\x9b\xc8\x6d\xd5\x59\xa3\x08\xc9\x19\xb6\x6f\x90\x60\x21\x07\x3c\
\x72\x4f\xeb\x5c\x56\xa3\xa9\x5a\x47\xa7\xa5\xeb\x45\x33\x8b\xc6\
\x4c\x04\x60\x0e\x30\x5b\xd3\xd4\xf3\xef\x46\xa7\xa9\x41\x1d\x9f\
\xdb\x4d\xbc\xaf\xf6\xc1\x12\xe1\x5f\x04\xe0\x6e\x27\x81\xeb\x8a\
\x9d\x86\xe0\x99\xdd\xcb\xac\x68\x16\xfa\x8c\xc2\xd7\xcd\xc2\xa4\
\x69\xe5\xb5\xb9\x0a\xbb\xa4\xdb\xd4\xf0\x7e\xf6\x29\xaf\xad\x78\
\x74\x6b\xdf\xe8\xd1\xcc\x40\x0b\x04\xa8\xf6\xc0\x0c\x33\x64\x63\
\xf0\x53\x5c\x3e\xb1\xa8\xad\xbd\xb4\x77\xa2\xd9\xa5\x17\x65\x3e\
\x45\x93\x6e\xd0\x17\x76\x72\x07\xab\x0f\xca\xa4\xd5\x35\x64\xb3\
\xbf\xb6\x97\xec\x81\xbc\xf9\x83\x93\xe6\x1e\x8a\x06\x1b\xff\x00\
\x1e\xe9\x4f\x98\x5e\xcd\x76\x3a\xf5\xd5\xbc\x2f\x71\x7e\x62\x82\
\xd2\xe4\x87\x73\x14\xa1\xa1\x55\xc8\xc1\x63\xb7\x9e\xa3\x65\x57\
\xb1\xd4\x3c\x36\x64\x78\xe0\xb3\xbf\x78\x9f\x74\x72\x79\xea\x99\
\x3b\x57\x77\xcb\xe8\x73\x8a\xe5\xef\xb5\x33\xa7\x6b\x76\x4a\xb6\
\x91\x03\x25\xc3\x33\x1c\x9f\xef\x04\xcf\xe8\x6a\x68\xee\xde\xdf\
\x53\xb0\x51\x04\x48\xc6\x67\xca\x0d\xdb\x4e\xed\xca\x09\xe7\xfd\
\x91\x47\x30\x7b\x34\x8e\x96\x0d\x5f\xc3\xd7\x51\xcb\x20\xd2\xaf\
\x4c\x0e\x1d\xe4\x49\x0a\xee\x25\x00\x5f\x97\x1f\x77\xef\x7e\x94\
\x90\x6b\xda\x1c\x56\x26\x64\xd2\x2e\xcd\xb8\x22\x71\x1b\x4a\xa5\
\xc1\xc9\x52\x72\x47\x03\x81\x58\x11\x6a\x6a\xb7\x3f\x66\xfb\x2d\
\xb2\x5d\x7d\x9c\xb2\xa2\xa9\x2a\x77\x06\x72\x30\x4f\xfb\xb5\x5a\
\xda\xf6\xfa\x5b\xeb\xeb\x2f\x26\x00\x61\x85\x11\x54\x44\x08\x2c\
\x08\xc8\xc7\xa6\x49\xa3\x9b\xb0\x28\x23\xa9\xbb\xd7\x74\x7b\x8d\
\x32\x39\x27\xd1\x6e\x24\x8e\x27\x5f\x2d\x3c\xe0\xac\xb9\x4c\xe0\
\x9c\x73\xf7\x85\x25\xd6\xb5\xa5\xc5\x2e\x9c\x3f\xb0\xdd\xe5\xde\
\xd1\x47\x20\x9c\x28\x08\xb9\x5d\xa7\x8e\x71\x83\xcf\xb5\x60\x25\
\xfc\xb7\x1f\x6d\xf9\x61\x02\xda\xe9\x0a\x81\x10\x00\xa8\xce\x73\
\xc7\xa2\xd5\x31\xac\xde\x4d\xa2\x41\x7e\xce\x9b\xa3\xf3\x5b\x88\
\xd7\xef\x13\x81\xdb\xfd\xba\x77\x0e\x48\xf6\x3a\xc7\xd7\x74\xd3\
\xaa\x5b\xb8\xd1\xc2\xdd\x2a\x2c\xe6\xe7\xcf\xe1\x89\x18\x1f\x2e\
\x3b\xee\xab\x50\x78\xa6\xda\x2b\xab\x88\x6d\xf4\x54\x8a\x38\x9a\
\x44\x2b\xf6\x96\x3e\x6e\x14\xb6\x3d\xbb\x1e\x2b\x8c\xbf\xd6\x6f\
\x6d\xed\x6c\xee\x7e\xd2\xca\xaf\xf6\x75\xc8\x51\xc7\x52\xd8\xfc\
\x80\xfc\x6a\xe8\xbd\xba\xfe\xda\x89\x1e\x67\xdc\xd2\x4c\xeb\xcf\
\xdd\x04\x30\x18\xfc\x16\x80\xe5\x5d\x8d\x93\xe2\x2b\x69\x34\xd9\
\x67\x1e\x1e\xb6\x65\x77\xdf\xe4\x19\x5c\xae\x49\x2b\xb8\x9e\xb9\
\xe2\x9d\x75\xac\x82\xba\x7c\x4d\xa0\xd9\xbf\x2e\xaa\x18\xb9\x10\
\x81\x8c\x80\x3b\xe3\x9a\xe6\x6c\xef\x6f\x65\x9a\xe2\xd9\xae\xe5\
\x2d\x0a\xdb\x82\x77\x7b\xfc\xdf\x9f\x35\x03\xea\x57\xb7\x1a\x42\
\xde\xfd\xaa\x72\xca\xd7\x20\x36\xf3\xc1\x63\x80\x3f\x26\xa1\x8e\
\xc7\x6d\x16\xb9\x27\xfc\x24\x03\x6e\x91\x6a\x92\xaa\x07\x33\x28\
\x7d\xef\xb8\x28\x39\xfe\x55\x51\x75\xdb\xd7\xb3\xbb\x99\x74\x0b\
\x05\x90\xe3\x11\x79\x2e\x43\x80\xc3\xe6\x20\xf2\x4f\x27\x15\x87\
\x1d\xd5\xca\xdd\xd8\x39\x92\x6f\xdf\x3c\x3f\x31\x73\x9d\xa2\x3e\
\x47\xd3\x2d\xfa\x53\x44\x77\x32\x5c\xcd\x6c\x64\x98\x96\xb5\x43\
\x9d\xcd\xf2\x83\x2e\x4f\xe5\xba\x95\xc2\xc7\x41\x36\xab\xa9\xf9\
\x76\x89\x0e\x87\xa7\xb9\x76\x2a\xe1\xed\x49\x11\xf4\xfb\xa3\xb0\
\xe4\xfe\x34\xc9\x75\xdd\x4f\xed\xc5\x56\xc2\xcf\xcb\x11\xa3\x34\
\xaf\x6d\x99\x07\x03\x6f\x3e\xbc\x8f\xd2\xb9\xf6\x13\x4d\x01\xbb\
\xdb\x21\x31\xbd\xc1\x03\x04\xf5\xfb\xbf\xfa\x16\x69\x6e\xa1\xc6\
\x8e\xf2\xb7\x0e\xd1\x5b\x28\xcf\x5e\x30\xc7\xfa\x52\x6c\xa5\xa1\
\xbb\xa7\x6b\x04\x5d\xdc\x48\xb6\xd6\xe9\x29\xba\x64\x6f\x2a\x32\
\x06\x49\x3e\xfd\x48\x5e\x6a\xce\x95\xae\xc8\x74\xf7\x9b\xc8\x55\
\x7c\x92\x15\x23\xf9\x70\x1f\x19\xe4\xf5\xeb\x5c\xf4\x0c\x6d\xf5\
\x14\x05\x40\xf3\x2f\x9e\x42\xb9\xed\x92\xa3\xff\x00\x66\xfc\xea\
\xde\x92\x83\xc9\xf2\x81\x19\xf2\xd4\x32\xe7\xbb\x30\x27\xff\x00\
\x42\xae\x39\xad\x4e\xea\x4d\xec\xce\x86\xd6\xfd\xcc\x56\x88\xe8\
\x54\xab\x33\x1c\x46\x06\xd3\xc1\x23\xdb\xad\x5f\xc0\x12\x12\x0f\
\xde\x6e\x78\xac\x3b\x39\xe3\x7b\x61\x70\x64\x19\x69\x88\x04\xfa\
\x33\x0f\xe8\x2b\x6e\x3f\x9a\x42\x09\x18\x0d\x9f\xd2\xbc\xfc\x56\
\xc8\xf4\xf0\xbd\x4c\x1f\x11\x6a\x2f\x6f\x62\x96\x4b\x18\x3b\x95\
\x64\xdc\x38\xc1\x07\x90\x7d\x7b\x56\x55\xbe\xaf\x7d\x0c\x05\x44\
\x51\x28\x61\xc9\x91\x17\x00\x1f\x73\xde\xaf\x78\xa5\xa7\x44\x8c\
\xdb\x44\x0c\x8e\x8a\x7c\xdd\xd8\x29\x9c\xe7\x1e\xbd\x2b\x91\xbe\
\xb8\xba\x96\x2d\xfe\x51\x95\x5b\x18\xca\x74\xed\x90\x3b\xfd\x6b\
\x5a\x52\x7c\xa8\xf1\xf1\xdf\xc6\x66\xb3\x38\x92\x1f\x3e\x47\x4d\
\xcd\xc3\xb6\xfc\x8f\x5f\xcc\xd4\x50\xad\xd9\xfd\xda\xc0\xe7\x7f\
\x00\x29\x04\xe0\x9e\x2a\x26\xb0\x79\x2c\xd6\x66\x8a\xe8\x48\xc4\
\x06\x89\x54\x63\x3d\xf3\x55\xec\xee\x7c\x9f\x39\xdd\xca\x90\x46\
\xf2\x5b\x04\x7b\x9e\xfc\x71\xd2\xaf\x7d\x8e\x43\x42\x5b\x7b\x88\
\x19\x51\x95\xd1\xb6\xee\xea\x0f\x1f\x87\x4a\x6c\xf3\x49\x24\xb1\
\xba\xef\x53\x18\x39\xf2\xc6\xfe\xbe\xf5\x06\x9b\x10\xbf\xbe\x97\
\xce\x94\xcf\x10\x21\x30\x4e\xde\x08\x3c\xfe\x75\x25\xad\x85\xd5\
\xd5\xc4\x89\x63\x6f\x2c\x76\xb6\xef\xb7\x3b\x8b\x64\x83\xc9\xe9\
\xce\x7d\xb9\xa9\xbd\xb7\x10\xff\x00\xb4\xcf\x14\x41\x8f\xfa\xb1\
\xd7\x82\x7f\x3a\x6a\xce\x01\x05\x87\x96\xd8\x24\x29\x07\x9a\x9e\
\xd7\x4e\xd4\xee\xd9\xe5\x55\x58\xa3\x5e\x23\x91\xa4\x0a\xaf\xf9\
\xf2\x7f\xfa\xd5\x34\x56\x37\xee\x85\xe4\xda\x58\x1c\x33\x18\x8c\
\x99\x3e\x83\x1c\x75\xa4\xea\x20\x56\x24\xd2\xef\x0c\x04\x3c\xa4\
\xac\x6a\x37\x12\x06\x71\xef\x57\x6d\xf5\x29\x26\xd4\xc4\xb3\x5c\
\x61\x8a\xe3\xcb\x96\x40\xa7\x1e\xb4\xcd\x2f\x4f\xb8\x91\x2f\x20\
\xbd\x85\xa0\x97\x08\x48\x0a\x3b\x8c\xf1\xfe\x15\x45\x3c\x37\x13\
\x4f\xba\xf6\xec\xee\xe4\x09\x22\x4f\x4e\x9d\x4f\x4a\x88\xe2\x22\
\x9b\x6c\xa3\xa2\xb1\x31\x8d\x63\x55\xf2\x59\xd9\x18\xdb\xb0\x2c\
\x9b\x4f\xdd\xf4\xc9\xef\x55\xfc\x57\x3b\x0d\x04\x7c\x9b\x87\x98\
\x84\x9f\xcc\x54\x3e\x19\x49\x62\xd4\x75\x58\xa6\x9d\xe6\x29\x24\
\x43\xcc\x73\x92\x54\x72\xb9\xab\x1e\x2c\x42\x7c\x3d\x28\x4c\x6e\
\xde\x8d\xc9\xe3\xa9\xa9\x9c\xb9\xab\xdc\xfa\x0a\x1f\xee\xc4\x3e\
\x2f\x97\x1e\x18\x70\xa4\x10\xde\x52\x9f\x6e\xf5\xc4\x5a\x17\x95\
\x11\x50\x93\x84\x20\x80\x99\xc7\x4a\xee\x3c\x5d\x1e\xdf\x0c\xb7\
\x1f\x30\x64\x27\xf3\x00\x57\x2d\xa4\xea\x17\x3a\x6d\x8c\xcd\x6b\
\x70\x91\xdc\x30\x26\x2c\xf2\x08\x38\x07\x39\x1c\x57\x7e\x03\xe0\
\x67\x9f\x99\x69\x34\x53\x29\x28\x5e\x37\x63\xca\xcf\x11\xf6\xa9\
\x1a\x1b\x90\xb2\x1f\x2e\x6c\x04\x04\x9f\x2b\x18\xa9\x13\x57\xd7\
\x57\x69\xfb\x5c\x45\x7c\xaf\x2c\xf3\xff\x00\x2c\xfd\x3a\x54\x77\
\x1a\xce\xba\xcb\x2c\x32\xdf\xbb\xa4\xaa\x03\x2f\x98\x48\x29\xd0\
\x03\xc7\x4a\xee\x3c\xdd\x49\xaf\xac\xc5\xc6\x91\x64\xf2\x17\x56\
\x48\x66\x38\xdb\xd4\x86\x35\xcf\x45\x6b\x6d\x2c\x40\x8f\x30\x10\
\xe0\x80\x47\x51\xde\xba\x73\x33\xc3\xa1\x59\x44\xc7\x0c\xd0\xca\
\xa4\xa2\x83\x8f\x98\xd6\x4c\xba\x58\xdc\x4a\xca\xc3\x95\x0b\x88\
\xfa\x71\xf5\xa6\x32\x96\x9f\x0c\x02\xf5\x3f\x77\x70\xb8\x71\xb7\
\x18\xc1\xe6\xb6\x35\x63\x2c\x1a\x85\xd4\xf2\x09\x96\x36\xba\x91\
\x55\xb0\x40\x27\xda\xa8\x45\x67\x22\x5d\x5b\x8f\x36\x42\x04\x83\
\x1f\x27\xfb\x43\xde\xb5\xf5\xcb\x89\x2f\x2e\xde\xce\x39\x88\x8a\
\x29\xe4\x62\xb2\x02\x57\x76\x7a\x8c\x7b\x52\x1d\xcc\xdb\x28\xe4\
\xbe\x91\x63\xb6\x13\xca\xea\x84\xb2\xa2\xe4\x81\xeb\x56\x97\x4d\
\xbf\xf9\x08\xb4\xbb\xc9\x84\xb8\x1b\x3f\x87\x8e\x6a\x0b\x3f\xb7\
\x58\x93\x25\xb5\xea\x40\xec\xbc\x34\x61\x86\x57\xb8\x35\x72\x2d\
\x47\x54\x37\x31\x19\xb5\x69\x1a\x24\x42\x36\x82\xc0\xec\xee\x3f\
\x95\x09\x04\x9b\x29\xc5\x6d\x71\x76\x65\x11\x43\x34\x8d\x14\x39\
\x90\x2a\xfd\xde\xfc\xd4\xb3\x69\x3a\x84\x6b\x21\x6b\x1b\x81\x88\
\x83\x1c\xa9\xe0\x7a\xfe\x94\x92\x49\x75\x1c\xd3\xbd\xae\xa2\xd0\
\x09\x14\x6e\xe0\xfc\xca\x07\x43\xea\x6a\x19\xa4\xd4\xa4\x46\x12\
\x6a\x6e\xdf\x28\x0d\xcb\x72\xbd\x87\x5a\x76\x27\x52\x77\xd2\x6f\
\x93\xce\x76\xb2\x9c\x6c\x40\x48\x6e\x08\x18\x27\xd6\x9b\xa4\x3f\
\x99\xe2\x7b\x55\xc3\x29\x49\x82\x90\x73\xc1\x19\xa8\xed\xbc\xd8\
\x6f\x4c\xd7\x37\x66\x6d\x88\x46\x0e\x77\x10\x41\x00\x02\x6a\xc6\
\x98\x9f\xf1\x57\x40\x77\xee\xdf\x3e\xfe\x9d\x88\x3c\x7d\x6b\x2a\
\xdf\xc3\x66\xf8\x7b\xfb\x55\x73\xa1\xf1\x6c\x8f\x0d\xc6\x98\x81\
\x57\x26\xeb\x69\xdd\xe9\xc0\xe3\xf1\xae\xb0\x20\x96\x54\x21\x7e\
\xf3\xe5\x7e\x9e\x95\xcb\xf8\xa6\x23\x24\xba\x53\x96\x03\xfd\x28\
\x9e\x46\x73\xf7\x6b\xa9\x20\x89\x08\x5f\x94\x79\xa1\x54\x03\xd3\
\xad\x7c\xfd\x5f\xe1\xc4\xfa\x5a\x5f\xc4\x91\x89\xe2\x95\x29\x6d\
\x6a\x78\xc1\x49\x8f\xfe\x3b\x59\x0f\x6e\xf7\x10\x6a\xb1\x47\x9d\
\xc7\x18\xda\x70\x7f\xd7\xbd\x6e\x78\xa5\x47\x97\x69\xe8\x63\x9f\
\xf9\x0a\xc1\xbf\x79\x16\xc3\x54\x30\xf0\xf9\x18\xff\x00\xbf\xd2\
\x57\x55\x07\x64\x99\xcb\x8b\xd6\xe6\x66\xe9\x99\x5e\xfd\xe7\xbb\
\x48\xe2\xf9\x0c\xac\xc0\xb0\x00\x74\xc5\x50\x17\xf6\x4d\x04\xab\
\x1e\xa3\x76\xc8\x0e\xe2\xaa\x5b\x00\x1e\x01\x22\x9d\x69\x25\xad\
\xc5\x94\x82\x4d\xe3\x78\xda\xdb\x0f\x03\x3e\xde\xbc\x54\xba\x74\
\x36\x36\x56\xed\x6d\xe6\x47\x2b\xbb\xf2\x59\x06\x4a\xfa\x13\xf8\
\x57\x7c\xf1\x36\x5a\x1e\x02\xb7\x62\x3b\x5b\xcd\x2d\x0a\x32\x6a\
\x37\x71\x6c\x6c\x9e\x48\x6f\xc3\xb5\x5c\xb6\xd4\x34\xd7\x49\x6c\
\xd2\xe2\x69\x1a\xe1\x81\x04\xb3\x76\xa6\xfd\x92\xde\xe2\xd8\xad\
\xdf\x91\x0b\x12\x4c\x63\x68\x56\xfb\xdd\x38\x39\xc1\xf7\xa6\x5b\
\x68\x76\xb6\xa5\xe4\xfb\x61\x6e\x76\xac\xaa\xc3\x03\xd6\xb3\xfa\
\xda\xb0\x7b\xbd\x85\xbe\xb9\xb0\xb3\x9e\x0b\x63\x71\x73\x23\xc4\
\xbf\x28\x04\xf0\x7b\x62\xa3\x37\x9a\x6c\xb3\x19\x9a\xea\xe6\x37\
\x61\xf3\x05\x2c\x0f\xd0\xd2\x88\x74\xdb\x5b\xb5\xbc\x91\xde\x4f\
\x2d\x80\x04\x80\xc3\x71\xe7\x93\x51\xce\xf1\x98\xa4\x9a\xd2\x38\
\x27\xcb\xe3\x08\xac\x42\x93\xf5\x1f\xa5\x5c\x71\x29\xa1\x5a\x3d\
\x85\x92\xef\x4a\x8a\xd5\x93\xed\x93\x84\x2d\x9c\x15\x6d\xa0\xfa\
\xf4\xa9\xed\x7e\xc2\xc9\x15\xcc\x49\x7b\x32\xc6\xc1\x89\x62\x4e\
\xe0\x3b\x0f\x41\xf4\xac\xc9\x2e\xe6\x51\x24\x7b\x63\xf9\x57\x90\
\xcb\xb7\xaf\xb7\xe1\x4b\xf6\xab\xe8\x6c\x63\x9e\x04\xfd\xd4\x85\
\x84\x72\x29\xc0\xc2\xe3\x39\x1e\x9c\x8e\x69\xba\xf2\xb6\x85\x24\
\xbb\x1a\x53\x5e\xe8\xf3\x5d\xcd\x3c\x86\xe2\x36\x94\x70\x88\x5d\
\x76\x9e\x3f\x31\xc7\x4a\xa3\x35\xc6\x91\x98\x46\x65\x20\x03\x86\
\xda\x47\x24\xf4\xa9\x8d\xf0\xf3\xa3\xb4\x93\x63\x93\x1a\xb3\x3b\
\x27\xaa\xe7\x19\x3d\x31\x4e\x7b\x0b\x49\xe2\x45\x79\x76\x3c\x4c\
\x59\x57\x80\x4e\x7d\x73\x55\x1a\xbd\xca\x49\x3e\x83\xc0\xb6\xbb\
\xd3\x47\x94\x0c\x89\x0b\x2a\xe4\xfc\xa4\x13\xec\x7b\x50\x6c\x04\
\xf6\xb2\x5c\xb5\xb6\x16\x33\x82\xa6\x72\x49\xf4\xe7\x1c\x55\x78\
\xe3\x10\x4b\x14\x72\xa2\x79\x6e\xdb\x33\xc1\x0d\x9e\x99\xfc\x69\
\xa9\x0c\x1e\x69\x8e\x4b\x68\xd4\x16\x2a\x5b\x79\x24\x1f\xf7\x40\
\xe7\xa5\x6c\xa4\x88\xa9\x0b\x6a\x8d\xdd\x16\xcc\x59\xef\xbc\x29\
\x14\x6a\xf0\x36\xd5\x2f\xb8\x8c\x11\xd3\xde\xa8\xd8\xdf\xb5\xb4\
\x76\xf2\x1f\x29\x77\x5e\xbb\xfc\xe3\x90\x48\x23\xa7\x7f\xa5\x45\
\x69\x24\x48\x93\xbb\x32\x2c\x76\x71\xf9\x88\x40\xfb\xdc\xe3\x18\
\xc7\x1d\x6a\xaa\xfc\xc6\x37\xb3\xbb\x8d\x59\x7e\xe0\x96\x36\x0c\
\xdd\x49\xcb\x76\xac\x2a\xd4\x51\x66\xf1\x92\x8c\x11\xd8\x68\x7a\
\xff\x00\xd8\x09\x8a\xf2\xea\xc9\x61\x7b\x23\x10\x7f\xb3\x86\x01\
\xf1\xfc\x44\x0c\x91\x9e\xd5\x16\xa7\xe2\x79\x2e\x2c\xec\x92\xc2\
\xf2\xd7\x75\xb2\xb2\xcc\xcd\x64\xa1\x41\x24\xf2\xa0\x82\x00\x23\
\x15\xc8\xad\xc0\x8e\xe0\xf9\xac\x01\x39\xdd\x82\x08\xe7\xaf\xd7\
\x15\x1c\xf0\xcd\x04\x51\xf9\xbe\x46\x24\x1f\xbb\x01\x87\x42\x7a\
\xe0\x74\xa8\x8d\x66\xf4\x33\x6e\xec\xdb\xd6\xb5\x6b\x6d\x7a\xe9\
\xd9\x1e\x59\x19\x23\xda\x4c\xa0\x02\x4f\x1f\x32\xe0\x70\x31\x45\
\x73\x82\x39\xe6\x99\x42\xc4\x25\x11\x90\x4e\xd3\xb7\xf0\xcf\xf4\
\xa2\x93\x93\x7d\x47\xa1\xa1\xf6\x18\xf5\x71\x69\x73\x22\xe5\xd1\
\xc0\x94\x7b\xff\x00\x17\xe6\x00\x3f\x5c\xd2\x6a\x38\xd5\xf4\x95\
\x91\x57\x32\xac\xfb\x18\x01\xdf\x1c\x7f\xe3\xa4\x7e\x55\x1e\x89\
\x72\xd2\x5d\x5e\x35\xbe\xe3\x1a\xdb\x1e\x08\x1c\xbf\x45\xef\xef\
\x49\xa2\x5c\xec\xbb\x90\x2a\x17\x46\xcb\x6c\xdd\xd0\xa0\x2c\x0f\
\x1e\xe3\x1f\x8d\x76\x19\xb4\x1a\xcf\x97\x7f\xa7\x4a\xd0\x2a\x96\
\xb3\x93\xc9\xef\xd1\x78\x07\xf2\xcf\xe5\x52\x6a\x76\x62\x6d\x15\
\x22\x50\x0c\x96\x48\xb1\xb6\x79\xc1\x03\x77\xfe\xcc\x7f\x2a\xce\
\xd0\x2e\xd5\xf5\x46\xb5\x91\x8e\xcb\xa3\xd3\x04\x90\x41\xcf\xf8\
\x8f\xc6\xb4\x34\xdb\x91\x75\xa9\xdd\xdb\xe4\xe2\xe8\x92\x3d\xdb\
\x39\x1f\x98\x24\x50\xc7\x62\x69\xed\x96\x4d\x02\xc9\x7a\xbd\xa2\
\x21\x20\xff\x00\x0e\xef\x9c\x7e\x8c\x7f\x2a\x96\xee\x03\x37\x87\
\x11\x55\xf2\x62\x2c\xe0\x7b\x31\x2c\x3f\x4a\x8a\xd2\xe5\x26\xd5\
\xb5\x0b\x51\x86\x49\xb2\x23\x50\x38\x3b\x7e\xe8\xcf\xd0\x11\x56\
\x21\x94\xb6\xa5\xa9\x41\xd5\x4a\x79\x71\x82\x3f\xb9\xc0\xfd\x33\
\x49\x89\x0c\x92\xd1\xe5\xf0\x9d\xb2\x19\x81\x92\x10\x58\x00\x31\
\xb4\x31\xc8\xc7\xe1\x4e\xba\xb4\x92\x5f\x0a\xd9\x11\x20\x06\x3d\
\xc7\xa7\x20\x13\xc7\xe9\x4e\xd3\x65\xf3\xef\x35\x3b\x1c\xa8\x44\
\x45\x45\x3f\xee\x0d\xa6\xa7\x50\xd2\x2e\xa7\x60\x0f\xfa\xa4\x8d\
\x10\x1e\xc5\x46\xd3\xfa\xd4\xea\xca\x4d\x15\xaf\xac\xda\x5f\x0d\
\xe9\xa4\xc9\xb4\xc5\x19\xdd\xdc\xe0\xb7\x1f\xa6\x29\x9a\xf5\x8c\
\x92\x5a\x69\x6c\xef\x86\x5b\x5c\x1c\x7f\x5a\xbe\x73\x79\xa7\xdd\
\xdb\x46\x79\x13\x2c\x69\x8f\x41\x84\xfe\x6b\x51\x5c\xbb\x6a\x08\
\x88\xae\x4a\xad\xe3\x27\xfc\x03\x23\x1f\xa0\x34\xb9\x64\x3e\x68\
\x95\xbc\x41\x66\x5e\xfa\xca\x56\x05\x1f\xc9\x43\x80\x78\xce\x32\
\x7f\x52\x6a\xd6\xad\x13\xa7\x88\x22\x6f\x2f\x3f\x3c\x2c\x06\xee\
\xfb\x4f\x4f\xc6\xa0\xb9\x91\xb5\x03\xa7\x5c\x79\x8c\x14\x4f\x26\
\xe3\x9f\xe1\x52\x5b\xf9\x52\xb4\xc6\xee\xca\xc3\x52\x76\xf9\x91\
\x7c\xd6\x3e\x9b\x43\x9f\xe6\x05\x38\xa7\xdc\x34\xec\x49\x3d\xb0\
\x4f\x1c\x42\xdb\x19\xb7\x5c\x05\x2a\x0f\x55\xc6\x3f\x90\xa3\x48\
\x93\x6f\x89\xa6\x72\x09\xdc\x25\x2c\x07\x5e\x32\xc0\xfe\x82\xa0\
\xbd\x98\x47\xa9\xc1\xa9\xee\xc7\x97\x6a\xb3\x0c\x9e\xec\x00\x1f\
\xa9\xa5\xb7\x83\xec\x9e\x27\xb9\x98\xb6\x03\xcc\x90\x83\xec\xed\
\xcf\xe8\x29\xa5\xa8\x9b\x45\x9b\x09\x2d\x51\x75\x24\x31\x31\x4f\
\xb3\xa9\x90\x79\x7d\x4e\xec\x0e\xfc\xf0\x4d\x09\x7d\xa6\x9d\x00\
\xac\x76\xed\xe5\xad\xe0\x42\xbb\x14\x76\xcf\xd3\xd2\x9e\x96\xed\
\x1b\xea\x71\xa4\x65\xa5\x9d\x18\x05\xdb\xd4\x22\xf1\x8f\xc4\x9a\
\x72\xe9\xf3\x2f\x86\x16\x18\xed\x1f\xcc\xde\x93\x95\xf2\xc8\x25\
\x98\x91\xf9\xe0\x0a\xd1\x23\x2b\x8d\xd4\x75\x0b\x05\xd2\x74\xc6\
\x6b\x73\xe5\xf2\xe0\x10\xa3\x68\x04\x8f\xe9\xda\xad\xcb\x74\x8f\
\xe2\xdb\x15\x44\x6d\xab\xb5\x09\xc0\xee\x0f\x3d\x3b\x64\xd5\x1d\
\x53\x47\xbd\xb9\xb1\xd2\xec\xc5\xbc\x84\x47\x28\x87\x95\xc7\x1c\
\x13\xfd\x6b\x4a\x2b\x6b\x86\xf1\x15\xb5\xd3\xc2\x55\x84\x2b\x29\
\x07\x1d\x47\x6f\xd4\x55\x58\x57\x16\xcb\x57\x89\xae\xaf\xd8\x5a\
\x6d\x65\x89\xdb\x3b\xba\x90\xc0\x01\xc0\xf7\xaa\xf3\x6b\xd1\xc3\
\xa4\x2b\x8b\x40\x01\xb8\xf2\x8c\x7b\xcf\x20\xa8\x39\xcf\xd6\xa6\
\xb2\xd3\x6e\x2d\x67\xbe\x8e\x45\x88\x7d\xa3\x7c\x4b\xfb\xd5\xe9\
\xcb\x7a\xf1\xd0\x54\x37\x9a\x1d\xc4\xfa\x1c\x56\xcb\xe4\x89\xfe\
\xd3\xe7\x7d\xfc\x8e\x84\x75\x1e\xc0\x52\x62\xb9\x1b\x6b\xac\x6f\
\x74\xab\x84\xb7\x52\xb2\x40\x80\xa9\x27\x08\x0b\x0c\xfd\x4f\x03\
\xf3\xab\x17\x5a\xc4\x96\xda\xd5\xe6\x61\x87\x29\x6b\x21\x42\xa0\
\xfc\xd8\x61\x8c\xd2\x9d\x16\x63\xaa\xe9\x70\x29\x5c\xdb\xc1\xb8\
\x00\xa4\x82\x10\xf1\xd0\x7d\x2a\x7b\xcd\x06\xe1\xf5\x1d\x46\x79\
\x09\x45\xb8\x85\xd1\x3f\x76\x78\xcf\x27\x1e\xbd\x07\x4a\x56\x0b\
\x98\xb1\x78\x82\x76\xd1\x1d\x52\x28\x77\x9b\xb1\x18\x1b\x78\xc6\
\xd1\xcf\xd7\x81\x56\x75\x39\x9a\x7f\x0f\xab\x32\x2e\xe5\xb7\x8d\
\x8e\x06\x32\x78\xff\x00\x01\x4b\x16\x86\x60\xd2\xcd\xb3\x4b\xb9\
\x84\xc2\x62\x7c\xbc\x1f\x9b\x70\x1c\x13\xfe\xc8\xab\x77\xe8\x89\
\x68\x62\xe5\xa3\x8a\x20\xa4\xf1\x8c\x46\x4f\x5f\xfb\xe6\x95\x8a\
\xbe\xc6\x61\x97\xcd\xd7\xdd\xc8\xc2\x25\xea\xc7\x8e\xf8\xe9\x57\
\xb4\x59\xd8\xc9\x7f\x20\x00\x60\x4a\xcb\x8f\xa8\x02\xb3\xed\x5d\
\x7f\xe1\x21\x9e\xe3\x76\x40\xb8\x13\x74\xfe\x22\x13\x1f\xab\x0a\
\xbb\xa2\x2f\x97\x0d\xfe\x14\x67\x74\x88\x37\x1c\x67\x07\x27\xfa\
\x7e\x75\xc9\x35\xb9\xdf\x4d\xea\x68\xe9\x8e\x46\x91\x19\xce\x18\
\xcb\x91\xc7\x61\x83\xfd\x6b\xaa\x27\xf7\x8e\xc4\x81\xf3\xff\x00\
\x3a\xe5\x74\xd2\xe7\x49\xb2\x45\x44\x1b\x25\xde\xd9\x6e\xd8\xcf\
\xf2\x02\xba\x49\x18\xb3\xcc\xa3\x8d\xd3\x63\x3e\x9d\x2b\xcd\xc5\
\x6c\x7a\xb8\x56\x9d\xec\x63\x6b\x7a\x9f\xd9\x24\xb3\xb5\x57\x6c\
\xc9\xc6\x31\xf2\xe4\x12\x01\x22\xa8\x8f\x13\x79\x5b\xa0\x9f\xca\
\x92\x34\x51\xb4\x22\xe0\x67\x3c\xf0\x39\xf7\xe7\xd6\xa8\xf8\xf2\
\x56\x17\x36\xaf\x1a\xb9\x90\x87\x23\x60\xce\x06\x6b\x92\xbc\xd4\
\x24\x9a\xda\xda\x38\xa3\x31\xb2\x0f\x9d\x8c\x67\x39\xad\x29\x52\
\xe7\x8a\x6c\xf2\x31\xcb\xf7\xec\xf4\x58\x35\xfb\x11\x68\xe2\x7b\
\x45\x2e\xad\xb9\xc4\x71\x85\x03\x9e\x98\xef\xeb\xcd\x61\xea\x76\
\xf6\xdf\x65\x17\x56\x86\x58\xe5\x2e\x77\x17\x50\x72\x09\x38\x18\
\x03\x00\x57\x2e\x35\xb7\x13\x07\x78\x8e\xd0\x84\x71\x93\x93\x8e\
\x33\xf8\xf3\x5d\x5f\x86\xad\xf4\xeb\x9d\x3a\x37\xd4\x3e\xda\x0c\
\xcb\x93\x24\x32\x81\xb7\x9f\xee\x91\xc8\xe2\xb5\x8e\x19\xa7\xee\
\xb3\x93\x94\xa1\xa3\x20\x8b\x53\x11\xc8\xdb\x20\x3b\x9a\x4f\x2f\
\x97\x24\x73\x80\x3f\xa7\xbd\x6c\x5d\x6a\x8f\x2c\x96\xe6\xd9\x64\
\x86\x26\x72\x8b\x19\x1c\xb6\x47\xb1\xc8\xe7\xb7\xd6\xaf\xff\x00\
\xc2\x3f\xa4\x47\x73\x1c\xc9\xe2\x4c\x79\x2f\x90\x1d\x5b\x19\xf7\
\x06\xab\xcd\xe0\xdb\x39\x65\x46\x83\xc4\x30\x07\x50\x7e\x62\xfb\
\x4f\x27\x9f\xcf\x35\x6e\x83\x72\xd4\x7c\xa6\x7e\xa9\xac\xce\xf7\
\xa9\x1d\xc4\x60\xc6\x01\x42\xd2\x0f\x97\x3d\x06\x70\x7a\x66\x9b\
\x75\xad\x3d\xb3\xb0\xb6\x98\xaa\x36\x20\x91\x4f\xcb\xb7\x03\xaa\
\x0a\x9b\xfe\x10\x3b\xc8\x67\x51\x6b\xa9\x5b\xbe\xe6\x25\x54\x90\
\x41\x23\xf1\xe6\xaa\xbf\xc3\xfd\x6d\x64\x32\xfe\xea\x42\x7f\x88\
\xb7\x5f\x5a\x4b\x0e\x87\xca\x58\x7f\x14\x34\x56\xf6\xb6\xd3\x32\
\xcd\x90\xc5\x5d\xf9\x39\xec\xc7\x1f\xe4\xd5\x7b\x0b\x9b\x89\x9a\
\x59\x2f\xae\xe3\x86\x28\xd9\x19\x49\x19\xc9\xf6\x00\x64\x0c\x76\
\xaa\x4f\xe1\x0d\x62\x39\x25\x79\xa3\x55\x50\x49\x00\x64\x05\x02\
\xa1\x83\x44\xd5\xed\x22\xb9\x12\xd9\xb8\x77\xc0\x1c\x16\xf9\x4d\
\x43\xc3\xae\x88\x76\x3a\xcf\x0d\xdd\x2d\xd5\xf6\xa9\x2c\x59\xf2\
\xdc\xc5\x8e\x9e\x86\xb4\x7c\x57\x14\xd2\xe8\xac\xb6\xd1\xb4\x92\
\xab\xae\xe5\x03\xb7\x27\xfa\x56\x3f\x83\xec\xde\xca\xc6\xe5\xa6\
\xdc\xb3\x34\x8a\xa5\x0a\xf2\x31\x9c\x1f\xc7\x35\xbf\xac\x41\x7b\
\x73\x62\xd1\xd8\xdc\x79\x13\x6e\xc9\x76\x19\xc8\xc6\x31\xfa\xd7\
\x34\x92\x8d\x55\x7d\x91\xef\x61\xd5\xf0\xf6\x33\xfc\x54\xde\x67\
\x85\x19\xcf\x27\x11\x67\xdc\xe4\x67\xf5\xae\x19\x20\xba\x16\x02\
\xe0\xdb\xc8\xb0\x84\xff\x00\x59\x81\x8e\xdf\xe3\x5d\xbf\x8b\x42\
\x9f\x0e\x3c\x7c\xa2\xa1\x89\x5b\x1c\x7b\x64\x7e\x38\xae\x3e\xdf\
\x52\x31\xe9\xaf\x6b\x24\xcc\xea\xe3\xf7\x79\x71\x88\xf1\xb7\x8c\
\x77\xe9\x5e\x96\x05\x7b\x8f\xd4\xf3\x73\x27\x6a\x88\xcf\x69\x76\
\x8c\xec\xcf\xee\xfd\x2a\xb3\x5f\x45\xbc\x8c\x1c\xe0\x0e\x52\xae\
\x66\x16\x04\xf9\xa8\xa4\x2e\xee\xab\xcf\xb7\x34\xb1\xda\x47\x29\
\x93\x6c\xe1\x99\x57\x78\xf9\x57\x9c\x9e\x9c\x57\x61\xc1\xcc\x5c\
\x9e\x79\x22\xd0\x34\xe9\x62\xe0\x85\x75\xe4\x76\x2e\x6b\x38\xea\
\x5a\x81\x89\x5d\x9d\x79\x0c\x78\x8f\xa1\x1d\x2b\x65\xae\x34\xe8\
\xb4\xe8\x2d\x2f\x2e\x26\x49\x61\x52\x0e\xc4\x24\x64\x9c\x8e\x6a\
\xb7\xda\xf4\x70\x36\x8b\xdb\xac\x29\xe3\xf7\x0d\x40\x19\xd0\xea\
\x37\xe7\x52\x82\x3d\xe4\xfe\xf1\x41\xc2\x63\x83\xc9\xad\xa7\xd2\
\xaf\x2f\x7c\x45\x75\x14\x36\xcc\xf2\x3b\x49\x2a\xfc\xd8\x05\x43\
\x63\xf9\xd4\x11\xcf\xa2\xf9\xc2\x5f\xb5\x5e\x97\xc8\x23\xf7\x27\
\x04\xe6\xae\x49\x77\x71\x75\x7b\xf6\xbb\x2b\xb9\xad\x84\x86\x40\
\xaf\x19\x2a\xcc\xa5\xb3\xcd\x08\x4f\x42\xa6\xa9\xa5\xdc\xe9\x10\
\x43\x35\xdd\xb3\x46\x8f\x95\x18\x62\x72\x6b\x2e\xde\xe4\x5c\x4c\
\xb1\x24\x12\x17\x2a\x40\x19\x23\x3f\xad\x68\xdd\xdc\x5c\x5d\x46\
\xa9\x7b\xa9\x5c\xca\xa0\x17\x55\x95\xf7\x85\xfa\x66\xaa\xda\xa4\
\x11\x5c\x24\xc5\xf7\x84\x5d\xc5\x70\x3d\x3a\x64\x53\x69\x5f\x40\
\x4f\x4d\x45\x9b\x6c\x4e\xe9\x2b\x2a\x3f\x95\x92\x0c\x87\x35\x5a\
\xe2\x78\xe3\x38\x00\xbe\x54\x72\x8c\x5a\xa4\xbc\xf2\xe6\xb9\x69\
\x04\xe4\x26\xdd\xdb\x7e\x5e\x3d\xb9\xa8\xe4\xb4\x8d\x43\x0f\xb5\
\x9d\xaa\x03\x11\x85\xc1\xf6\xa0\x2e\x49\x6f\x32\xdc\xce\xd0\xc3\
\x1c\x8d\x2b\x26\x54\x64\x8e\x00\xe7\xbd\x5a\xd2\x8b\x9f\x14\x5a\
\x29\x0c\xae\xb3\x85\x20\x9f\x4c\xe6\xa0\xb2\x8a\x2b\x69\xe4\x9b\
\xed\x2b\x2e\xc5\x23\x6e\xe0\xa4\xe4\x63\x83\x57\xb4\xb8\xd4\xf8\
\xb6\xdb\x0f\xbd\x9a\x6f\x30\x63\x07\xb1\x24\x56\x75\xbe\x06\x6d\
\x45\xfe\xf1\x1d\x37\x89\xdd\xfc\xfd\x2e\x30\x3a\x5c\xb6\x73\xf8\
\x7f\x88\xfc\xab\xa9\x0c\xad\x18\x65\x00\x72\x4e\x3d\xf0\x4f\xf5\
\x15\x85\xab\xe9\x72\xea\x22\xce\x64\x75\x41\x6d\x20\x91\x83\x03\
\x96\xed\xfd\x2b\x60\x12\xdb\x94\x0c\x67\xd7\xdc\x63\xfa\xd7\xcf\
\xd4\x69\xc1\x23\xe9\x69\xe9\x36\xcc\xcf\x16\x61\x96\xdf\x1f\xf3\
\xce\x6f\xe4\x2b\x12\xe2\x0f\xb4\xda\x6a\x30\x79\x9b\x01\x2a\x73\
\x8e\xa7\xce\x90\xe2\xba\xbd\x62\xca\xda\xf5\x60\x6b\x89\xfc\x84\
\x0a\xeb\x8c\x81\xb8\xb6\x3f\xc2\xb9\x0f\x12\x6a\x96\x16\xd1\x5c\
\xe9\xfa\x7b\x48\xb7\x45\xc1\x92\x42\x30\x06\x18\x92\x32\x7b\xf2\
\x7a\x56\xd4\x6e\xe2\x92\x39\x71\x52\x8a\x4e\xec\xa1\xa6\xe9\x90\
\x08\x24\xb9\xbb\x90\x2a\xac\xb9\x68\xe3\x1f\x2e\x01\xea\x4f\xf1\
\x13\xe9\x51\x9b\x5d\x0d\xaf\x8c\xb0\x48\xe8\x72\x48\x89\x86\xee\
\x3d\x88\xe4\x71\x58\xd6\xba\x93\x41\x60\xb0\x8b\x8c\x86\x94\xc8\
\x53\x3c\x81\xd8\x1a\x72\x49\x27\x9f\x24\x7e\x6c\x31\xb2\xe5\xa4\
\x98\x64\x9c\x1e\xc2\xb7\x74\xe5\x73\xc1\xb1\xd6\x2e\x9f\xa4\xda\
\x5a\x4e\x26\x8e\x4d\xb3\x11\xf6\x77\x52\x43\x8e\x3e\x6f\xa8\xcf\
\x15\x06\x8d\x6b\x63\xa7\xc9\x2c\xa9\x74\x4c\xad\x98\xc0\x70\x09\
\x4e\xfc\x03\xd4\xe3\x19\x35\x95\x3e\xa7\x2d\xe6\xd6\x37\xcd\x19\
\x89\x36\xa1\xf7\xc7\x23\x15\x93\x61\xaa\xc9\x13\xce\x2e\x24\x01\
\x5c\x9c\xb6\xe1\x93\xec\x0f\xbd\x4a\xa4\xd8\x58\xea\xae\x75\x2d\
\x2e\x4b\x37\x81\x74\xe2\x6d\xa7\x9f\x0e\x55\xb8\xc8\xc7\x38\x1e\
\x98\xac\x4b\x8b\x99\x2d\x6f\xcc\xb1\xc5\xff\x00\x12\xf2\x40\x51\
\x18\xc2\x73\xdf\xd7\x35\x9f\x0e\xa0\x37\x22\x19\x1a\x35\x5e\x40\
\x43\x8c\x54\x57\x13\xb8\x93\x22\x5d\xc9\x34\xa0\x30\x27\x9d\xbd\
\xf3\xda\xb5\x8d\x3b\x2b\x03\x45\xdb\xe8\xbe\xd4\xab\x24\x67\x66\
\x5b\x6a\xb3\x12\x40\xe3\xee\xd2\x2d\xa5\xf8\xd0\x63\x32\xc4\xe2\
\x24\x67\x24\x13\x80\x46\x07\xf5\xcd\x74\x96\x7a\xc4\x31\x5a\x47\
\x1a\xda\x2c\x50\x47\x20\xc3\x48\x01\x0d\xc7\x19\xe3\x38\xc5\x41\
\xaa\x5c\xa5\xe7\x96\xb6\x97\x0f\x14\x13\x4b\xba\x44\x07\x68\xc8\
\xeb\x80\x3a\x0a\x51\xa8\xd3\xb5\x80\x3f\xe1\x1c\xba\xbe\x91\x9e\
\xe6\xda\x58\x6d\x9e\x38\xfc\x86\x09\x9c\x36\xd0\x4e\x47\x75\xac\
\x5d\x4e\xc5\xed\x6f\xd8\x24\xb2\xac\x31\x9d\xa5\xe4\x20\x23\x0f\
\x6f\xf0\xad\x7d\x43\x5c\xbf\x7b\xc5\x55\x59\x5a\x10\x36\xed\x6c\
\xe2\x4e\x31\x8c\x7d\x2b\x22\xfd\xcd\xfd\xb4\x91\xc8\x51\x18\x15\
\xdb\x12\xae\xd1\x19\xf7\x1d\xa8\xbc\x9c\xaf\xd0\x11\x62\xce\xd6\
\x6b\xd4\x51\x6a\x8f\x70\x63\xc0\x01\x51\x8e\xe3\x91\x80\xbe\xf5\
\x63\x50\x5d\x4a\xd2\x62\x6f\x6d\xa7\xb7\x99\x98\xb6\xc3\x1e\xc2\
\x9e\xf8\xc5\x36\xc6\xf2\x6d\x22\xda\x0d\x3e\xd6\x79\x8b\x07\x2e\
\x5a\x32\x06\x47\x5e\xbe\xb4\xba\xbd\xd4\xf7\xd1\xbd\xc3\xdc\x4b\
\xe6\x32\xed\x90\x19\xb7\x00\x31\xfc\xf1\x4d\xc9\xdc\x7a\xda\xc5\
\x1b\xd6\x59\x1a\x48\x2d\xad\xee\x26\xb8\xb8\x4c\xb2\x85\xce\x00\
\x60\x49\xcf\xa5\x55\x9a\x69\x6c\x5c\x42\x21\x53\x29\x50\x0b\x60\
\x97\x6c\xff\x00\x3e\x6a\xce\x95\xad\x85\x9e\x50\x84\xa1\xf2\xf2\
\xad\x9d\xa7\x03\x9c\x57\x45\x25\xeb\x47\x1c\x4f\x23\x21\x47\x4f\
\x9c\xc8\xaa\x58\x67\xd3\x1d\xbd\xf3\x44\xe6\xd6\xe8\x57\x39\x58\
\xaf\xa6\x59\x1c\x5c\x43\x11\x95\x41\xc9\x91\x33\xf3\x7b\x53\xee\
\x65\xb8\xd4\xe1\x48\x5a\x09\x1e\x72\x3f\x76\x7f\xda\xf4\x15\x7d\
\xb4\x8b\x53\xab\xc7\x71\x03\x33\x5b\xef\x0c\xca\x49\x2b\x8f\x4c\
\x9e\x6b\x49\x67\xb4\x80\xbc\x11\xc4\x67\x19\x25\x5f\x79\xf3\x03\
\x75\xed\xfe\x78\xa4\xe6\x96\xa9\x0c\xe4\x8d\xcc\x88\x42\x48\xad\
\x19\x8d\x76\x14\x65\x20\x8e\x79\xfc\x68\xae\xa6\xe8\x5a\xeb\x13\
\x23\xcd\xb6\x38\x95\x76\x30\x63\x99\x33\xd0\x00\x7a\x9e\x7d\x7a\
\x51\x55\x74\xcb\x48\x87\xc3\xba\x65\xbd\x9d\xb4\xd3\x29\x60\x5a\
\x55\x18\x2d\xd8\x03\xfe\x35\x0e\x85\x6c\x2d\xaf\x6f\xca\x2e\xd5\
\x42\xa8\x37\x1f\x53\x93\xfa\x03\x56\x27\xd4\xe3\xd3\x74\xb8\xcb\
\x38\x0d\x22\x1c\x9c\x13\x92\x5f\xfc\x05\x32\xee\xe9\x6d\xb4\xcb\
\xcb\x80\xbf\x7e\x67\x6e\x9c\x9c\x0d\xa3\x1f\x89\x35\xe9\x98\xee\
\xca\x1a\x35\xa6\xdf\x11\xdc\xce\x23\x18\x80\x3b\x70\x3d\xf0\x3f\
\x9d\x4d\xa5\xda\x98\xfc\x53\x3b\x60\x0b\x7b\x76\x77\x00\x76\xda\
\x78\xfd\x48\xa7\xdb\xcb\xe4\x5a\xea\x57\x5e\x52\x0f\x3b\x69\x53\
\x8e\xdb\x37\x7f\x32\x2a\x7d\x3e\x60\x12\xf2\xee\x40\x11\x1d\x22\
\x00\xfa\xe5\x77\x1f\xe5\x52\xca\x2a\x58\xe9\x4f\x07\x89\xe3\x89\
\x00\x58\xa0\x94\xc8\x4e\xe3\x9c\x2f\xcd\x8f\xcb\xf9\xd5\x8b\x7b\
\x6b\x8f\xf8\x4a\xb6\xac\x88\x22\xfb\x4b\x39\x62\x0e\xe2\xb9\x24\
\xf5\xf6\xa7\x69\x73\x09\x26\x96\xee\x57\xc8\x36\x91\x91\xd7\xab\
\x7c\xbf\xfb\x29\xa2\xca\x54\x7d\x4e\x7b\x9c\xb8\x5f\x20\x39\xc8\
\xe8\x5b\xe5\x3f\xc9\xaa\x5d\xda\x0d\x2e\x43\xa2\xda\x5e\x43\xe2\
\xa6\xdf\x34\x4c\xef\x39\x12\x0d\xbc\x30\xc7\x27\xf2\xab\x1a\x47\
\x9c\x9e\x2b\x93\xed\x12\x82\xcf\x9f\x32\x30\xb8\xe7\x9c\xff\x00\
\x2a\x66\x9d\x72\x24\xd5\x2f\x6f\x72\xde\x5b\x5b\xab\x83\x8e\xed\
\xf2\xe3\xf2\x0d\x4e\xb0\x9e\x59\x35\x6b\xfd\x49\x48\xda\x6d\xd1\
\xd4\x9e\x9f\x31\xff\x00\xeb\x35\x2b\x48\xa7\x28\x89\xa0\xdc\x05\
\xd4\xe5\x46\x67\x6f\x92\x69\x32\x17\xb8\x3b\xba\x1f\x7a\x93\x47\
\xf2\xa3\xb7\xbd\x47\x76\x2e\x89\xe6\xa3\x10\x07\x38\x2b\xff\x00\
\xb3\x0a\x34\xf2\xf0\x4f\xa8\xea\x67\x06\x35\xfb\xbe\xe1\xc8\x73\
\xff\x00\x8e\x82\x2a\xbe\x8f\x1b\x05\xd4\x4d\xc3\x1f\x2d\xa4\xfb\
\x32\xb7\xa2\x9e\x78\xff\x00\xc7\x4f\xe1\x44\xa3\x26\xf4\x12\x94\
\x4b\x7a\x74\x50\x2e\x8d\x72\x8c\x85\x84\x05\x8f\xcc\xfd\x4b\xae\
\xda\x48\x24\xb5\x8b\xc3\x73\x46\xa8\x81\x11\xbc\xad\xa5\xb3\xf7\
\xb9\xfe\x8d\x55\x34\xbb\x6c\x69\x17\x7f\x68\x72\x64\x9e\x63\x12\
\x8d\xdc\xe5\x06\xe1\xf8\xe7\x02\x9b\x65\x6b\x0b\x78\x4d\xe4\x69\
\x19\xe6\x9a\x43\x22\x71\xce\x50\x1c\x0f\xc7\xe6\xa4\xa1\x2e\xa3\
\x73\x8a\xd8\xb7\x7b\x3d\xba\x68\x36\x93\x6d\x42\x09\x58\xf3\x8e\
\x30\xbb\xb2\x3f\x95\x3b\x58\xbd\x8a\x34\xd3\xe5\x44\x1b\xa5\x96\
\x39\xf3\xb7\xb0\x50\x07\xea\x5a\xa8\x4d\x64\x0f\x85\xec\xdb\xe7\
\x76\x52\xd2\x08\xf0\x46\xe5\x7f\x97\x3c\xfa\x60\x7e\x75\x73\x52\
\xb1\xdd\x6b\xa6\xc6\x62\x43\x22\xa4\x51\x10\x73\xf2\x92\x77\x0e\
\xff\x00\x51\xf8\x53\x4a\xcc\x4e\x57\x35\xaf\xef\x67\x8f\xc4\xd6\
\xab\x9c\x11\x13\x10\x41\x3c\x96\xc9\xc7\xe5\x8a\x6d\xbe\xa3\x75\
\x77\xac\x5c\xd8\x85\x42\x22\xf2\xd5\x4f\xcc\x4b\x60\x80\x73\x93\
\xf5\xa9\xef\xb4\xf9\x97\xc5\x96\x20\x28\x6d\xc6\x35\x41\xbc\xe3\
\xe5\x23\x35\x2d\x9e\x85\x7d\x6b\xaa\xcf\x79\x24\xf6\xac\x25\x05\
\x46\xd2\x4e\xdc\x9c\x86\xc7\x6e\xa3\x35\xa9\x89\x9b\x2e\xad\x72\
\xd1\x5e\xcc\x16\x30\x6d\x2e\xa4\x60\x04\x79\x3f\x74\x01\xfa\x9a\
\x7d\xbd\xe5\xdb\x5b\x59\x6a\x2d\x8d\xcc\x8b\x19\xf9\x02\xff\x00\
\x13\x67\x8c\x63\xf8\x45\x68\xcb\xa0\x31\x4b\xf8\xde\xf2\x0c\x5d\
\x5d\x2b\x92\xb9\x26\x30\x33\x91\x4d\x97\x4e\x8e\xde\xdf\x4e\xb3\
\xfb\x52\xb4\x25\x9b\x74\xc2\x3c\x60\xe7\x23\x8f\xcf\xf2\xa6\x22\
\xb5\xee\xa9\x7f\xfd\xb5\x6b\x11\x96\x45\x46\x69\x98\x15\xc0\xec\
\x42\xf6\xf6\x3f\x9d\x16\xfa\x8d\xe4\x92\x4b\xe7\x5e\x4c\x0c\x12\
\xc6\x0b\x07\x39\x00\x28\xdf\xf9\x9c\xd6\x9d\xe6\x95\x64\x35\x5b\
\x0b\x87\xb9\x94\x91\x22\x82\x81\x57\x18\x09\xf5\xcf\x6e\x7e\xb4\
\xf8\x34\x9d\x36\x26\xba\x8f\xcc\xb8\x73\x30\x3b\xc9\x75\x04\x73\
\xdb\x03\xd2\x81\x58\xe7\x46\xa3\x3c\xba\x0c\x37\xf2\x4f\x37\x9e\
\xb1\xbc\x65\xcb\x9c\xe7\xcc\x07\x1d\x7d\x01\xfc\xaa\xce\xb1\x77\
\xe5\x6b\xb1\xaf\x98\xdb\x64\x8e\x77\x20\xb1\x3c\x94\xc0\xfe\x46\
\xad\xb5\x86\x93\x1d\xac\x56\xab\x1c\x8d\x6a\x4c\xae\x7f\x78\xdd\
\x4e\x31\xc8\x19\xf5\xab\x57\x10\xe9\xb2\xeb\xb6\xcf\x2c\x51\x02\
\x22\x5c\x19\x18\xe0\x83\xd7\x1c\xfb\x9a\x02\xc7\x2d\x67\x24\x13\
\xdd\xcb\x14\xa8\x0c\x76\xf3\x5b\xee\x07\xd1\x15\xb7\x7e\xb9\xad\
\x05\x68\x1b\xc1\x77\x33\x6f\xc3\x88\x25\x50\x71\xd4\xee\xfe\x7c\
\xd5\xb8\x97\x4c\x82\x6d\x49\x54\xda\x02\x62\x52\xd8\xe7\x9d\xc7\
\x24\xf3\xe9\x54\x6e\xe4\x89\xbc\x2b\x76\xb6\xe4\x34\x02\xe2\x4f\
\xba\xb8\x5c\x10\x08\xfc\x32\x69\x31\xd8\x47\x92\x18\xe3\x92\x6d\
\xb9\x67\x9a\xd8\x03\x8e\xdb\x55\x9b\xfa\x56\x86\x9d\x14\x25\xe5\
\x57\x5c\x34\x9f\x68\x6c\x30\xe0\x64\xe0\x1f\xc8\x56\x1c\xcf\xe6\
\x59\xd8\x00\xaf\xb7\xec\xe8\xcd\xb7\x9f\x9c\x00\x3f\x90\x5a\xd9\
\xb4\x9f\x6e\xbd\x28\x08\xfb\x73\x26\xd1\x91\x82\x36\x9c\x7e\xa3\
\xf5\xae\x4a\x8c\xf4\x29\x2e\xa6\xb5\x9c\x50\x3c\x33\x15\x40\x55\
\x5b\xe4\x18\xe0\x1d\xa0\x0a\xd8\x52\x26\x9f\xe5\x18\xc1\x1f\x8f\
\x26\xb9\x4d\x35\xe4\xfe\xcf\x90\x08\xe4\x24\x32\xb1\x05\xb0\x71\
\xce\x4f\xe7\x8f\xce\xba\x3b\x72\xc4\x6e\xc1\x52\xc4\x1c\x7b\x63\
\x26\xbc\xcc\x53\x3d\x5c\x22\xd4\x8a\x4f\x0f\x1d\x5e\x68\x25\x6b\
\x5b\x69\xe3\x8d\x76\xb0\x9a\x56\x42\x33\x86\xc8\xda\x41\xe8\x6b\
\x44\x78\x17\x44\x7b\x40\x46\x9b\x73\xe7\x7f\x76\x3b\x96\x6e\xff\
\x00\x5f\x4a\xd2\xd0\x6c\xe3\xb9\xb6\x96\x49\x57\x72\xc6\xaa\x71\
\x81\xce\x78\xee\x2a\xeb\xd8\xd9\x7d\xa4\x6e\xf3\x62\xdb\x8c\x18\
\xc8\x19\xfd\x2b\xaf\x0c\x97\xb3\x4e\xe7\x8d\x8f\x72\xf6\xee\xc8\
\xe3\xf5\x0f\x01\x5a\xa3\xa8\xb0\xd0\xf5\x42\x3c\xb9\x32\xac\xfd\
\x5f\x8d\xbc\x8e\xdd\x73\x58\xcd\xa7\xcb\xa5\xa8\xb3\x9e\xdd\xa0\
\x96\x21\x86\x8d\x98\x92\x33\xcf\xf5\xae\xe2\x75\x92\xde\x79\xd6\
\xdf\xed\x02\x30\xc7\x63\x1c\x32\xb0\xf5\xfb\xd9\x15\xcb\xeb\x93\
\x24\xfa\x9c\x99\x0c\x09\x50\x32\xf8\xce\x71\xdf\x15\xd5\x04\xaf\
\x74\xcc\x14\x64\x95\xd9\xcf\xb8\x2d\x2c\x8a\xcd\xf2\x99\x31\x8c\
\xfd\x28\xbd\xb8\x56\x65\x53\xbf\x23\x20\xe4\x73\x8a\x8c\xcc\x63\
\xb9\xb8\x2e\x85\x86\xe2\x72\x47\x0c\x2a\xbd\xc4\xbb\xd8\x32\xe4\
\xfd\x33\x92\x2b\x29\x55\xb4\x80\xb8\xa5\x18\x6d\x67\x56\x19\x25\
\x48\xf7\xa8\xe4\x99\xed\xe4\x55\x49\x98\x0f\xef\x2b\x11\x9e\x2b\
\x3a\x46\x75\x21\xb0\xc4\x6e\x1b\x36\xf1\x52\x5c\x5c\x08\x36\x97\
\x5d\xdc\x81\x82\x72\x7a\x51\x19\xbb\x81\xa2\xb7\x72\x15\x05\xa6\
\x94\xb1\x5c\x67\x77\x5e\x7b\xd3\x05\xf5\xc4\x52\x05\xde\x58\xf1\
\xf7\xb9\xac\xff\x00\xb4\xab\x85\x74\x42\x48\x01\x7a\x60\x03\x4a\
\xb7\x31\x95\x2b\x80\xc7\x1c\xb6\x7a\xfd\x3d\xa8\x85\x47\x76\x34\
\x6d\xc9\xad\x5d\xcf\x68\x6d\xd8\xc0\x11\xf8\x3b\x22\x55\x7e\xbd\
\x98\x0c\xd5\x2b\xd9\x90\x43\x2f\x96\x66\x49\xb7\x06\x52\x65\x66\
\x18\x1d\xba\xd6\x6a\x5d\x16\xfb\xa5\xb8\x6e\x9e\x95\x0c\xf2\x19\
\x26\x07\x2c\x49\x3c\x28\x1d\x0d\x0e\xa2\xec\x57\xb4\x92\x56\xb9\
\x64\x4b\x74\x3f\xe5\xb8\x70\x46\x42\xc9\x1e\xe1\x9f\x7c\x9a\xbf\
\x64\x23\x36\x53\xac\xb0\xdb\xbc\xea\xa4\x45\x27\x90\xa0\x2e\x71\
\xd4\x77\xef\xf9\xd5\x30\xac\xb0\x6f\x9f\x31\x39\x04\x0d\xc3\x80\
\x28\x12\x34\x70\xb0\x23\x0a\xdc\x16\xfc\xaa\xa8\xd6\x4d\xd8\x89\
\x37\x2d\xc6\xac\x97\x47\x6a\xee\xb4\x03\x05\x4e\x6c\xd7\xa0\xae\
\x83\xc3\xf2\xc4\xa2\xf6\x4b\xeb\x78\x2e\x07\x90\xa1\x55\x20\x44\
\xda\x77\x75\xe9\xe9\x9a\xe7\xd5\xa3\x0c\xa4\x48\x33\x93\x8e\x6a\
\xdd\xad\xe8\xb7\x47\x08\x50\xf9\x8b\x83\x9f\xae\x7f\xa5\x75\xdc\
\x96\x8d\x9f\x14\xb4\x40\x4b\xfd\x99\x6d\x05\xb4\x82\x75\x24\xb4\
\x6a\xd9\x18\x1c\x0e\x2b\x99\x96\x5d\x45\xe7\x76\x0b\x6c\xaa\x48\
\x7f\xf5\x09\xc1\xfc\xab\x42\xe2\xf8\xdc\xb1\x69\x3c\xb2\x19\xb3\
\xd0\xfa\x54\x22\x44\xee\xb1\xe3\xaf\x7a\x04\xa2\x43\x13\x6a\x11\
\x49\x11\xdf\x6a\x57\xcd\xfe\x18\x13\x23\x27\xe9\x5e\x81\x61\x63\
\xa6\xb4\x56\x19\xb2\xb3\x24\xac\xb9\xcb\x27\x3f\x5e\x2b\x82\xf3\
\xe3\x4e\x73\x18\xc3\x66\xae\x9d\x75\xe1\x11\x02\xd1\x29\x8f\x70\
\x19\xe3\x83\x4d\x0a\x51\xb8\xfd\x61\x25\x86\xfe\x2f\x21\x2d\x63\
\x80\xc6\xaa\x81\x61\x47\x20\xe0\x67\x27\x14\xb6\x1b\xbf\xb4\x6d\
\xa1\x96\xda\x09\x23\x95\x1d\x58\x79\x28\x38\x03\x3d\x71\xc5\x67\
\x49\xa9\x24\x8d\x09\x69\xa2\x01\x1b\x23\x0c\x2a\xc4\x29\x75\x73\
\xe4\xdc\x47\x0b\xb2\xc6\xac\xca\xca\x32\x08\xef\x4c\x1a\x24\xd4\
\x17\xcb\xbf\x9a\xdd\x2d\xe0\x08\xd0\xfe\xec\x79\x4a\x76\x80\x39\
\xe7\xd7\xde\xa1\x7f\xb4\x15\x97\x7c\x36\xc4\x18\xc0\x38\x85\x69\
\xb7\x31\xde\x2c\x80\xbc\x72\xa9\x0a\x5b\xa7\xf0\xe0\xfe\x94\xd0\
\x27\x54\x21\xbc\xef\xb9\x93\xc7\x63\x4c\x45\xdb\x38\xd6\xe2\x69\
\xe3\xb8\xb1\xb7\x39\x84\x92\x23\x89\x41\x04\x0e\x08\x35\x81\xaa\
\x5d\xcd\x65\xaa\xdc\xc3\x1c\x76\xf1\xed\x3f\x23\x08\xf0\xc9\x83\
\xea\x3b\xd6\x84\x26\x7b\x76\x66\x3e\x61\x21\x30\xd9\x3d\x33\xd2\
\xa0\xba\x8d\xe6\x99\xa5\x7c\xe7\x68\xce\x45\x4b\x57\x43\x8b\xb3\
\xb9\x9d\x26\xaf\x79\x28\x78\xd6\xe5\xa3\x32\x63\x1b\x1d\xc1\x18\
\x1f\x5a\xef\xbc\x2d\xa6\x8b\xff\x00\x87\x1a\x8e\xa7\x71\x3d\xc4\
\x97\xb1\x99\x44\x72\xf9\xad\x95\xdb\x8c\x77\xae\x1c\xdb\x08\xdc\
\x6e\x1c\x08\xb0\x49\xec\x6b\x52\x1d\x62\x6b\x1d\x3d\xec\xa1\x96\
\x51\x0b\x64\x14\x49\x0a\x83\x9c\x73\x8e\x95\x93\xa5\x0e\xc7\x4a\
\xad\x3e\xe6\xf6\xb9\x63\x16\x9d\xe3\x9d\x0e\x5b\x82\xe9\x69\x05\
\x9c\x4f\x2b\x31\x2c\x03\x72\x73\xf5\xae\x37\xc6\x0b\x1d\xdd\xf5\
\xf6\xa3\x6d\x34\x92\xb4\xd7\x25\x94\x18\xf6\x8d\xa4\x9c\x77\xce\
\x71\x5b\x16\xf0\x5e\x6a\x93\xdb\x06\x32\x4f\x2c\xee\x23\x47\x72\
\x70\x4f\xa6\x6a\xee\xa5\xa4\x59\xd9\x45\x3d\xa5\xcc\x17\x57\x77\
\x68\x4a\x90\x8a\xc9\x1a\xb0\x3e\xa0\x64\xd4\xc9\x45\x2d\x04\xdc\
\x9e\xac\xf2\xe5\xb7\xb9\x59\x37\x98\x1d\xb6\x90\x79\x3c\x54\x8d\
\xe6\x09\xd9\x9d\x64\x11\xb3\x0c\xae\x0f\xa6\x6b\xbd\xb3\xd2\xf4\
\x49\x13\x6d\xe5\xa4\xf0\xca\xd2\x05\x02\x29\x98\xf0\x7e\xb5\xa9\
\x1f\x86\x3c\x38\xb1\x48\xcf\x3d\xda\x00\x4f\x73\xd3\x3f\x4a\xcd\
\x35\x61\x5c\xf3\x44\x2c\x77\x0c\x48\xea\xdd\x41\x4d\xbf\xd6\xa1\
\xb7\x81\x18\x9f\x31\xb6\xfa\xa9\xe2\xbd\x1c\xf8\x63\xc3\xd2\xdc\
\x95\x17\xb7\xa9\x1e\x32\x5d\x8a\xf5\xfc\xb3\x52\x4f\xe1\x8f\x0d\
\x5b\x43\x93\x71\x2c\xce\x01\xc7\xdd\xc7\xe3\x9a\x9e\x78\x85\xcf\
\x35\x2f\x18\xb7\x62\x14\xec\x0c\x14\xb1\x1d\xce\x7f\xc2\x9d\x6d\
\x8b\x99\xc0\x6d\xd8\x4e\x7e\x5e\xf5\xe8\x8b\xa0\x78\x6c\xd8\x4f\
\x20\x92\x71\x12\xa8\x7d\xbb\x14\x97\x6e\x78\x18\xef\xcd\x53\xb6\
\xf0\xf6\x85\x76\xd1\x86\x37\x96\x9f\x36\xd4\x66\x55\x21\x7b\xf3\
\x83\xeb\x47\x3c\x58\xdd\x8c\x07\xbd\xb8\x8e\x37\x50\xc1\xdc\x20\
\x55\x0c\x39\xe9\xc0\xaa\xb1\xcb\xaa\x4d\x08\x31\xd9\xce\x55\x30\
\xcc\xeb\x11\x23\x3f\xfe\xba\xee\xd3\xc1\x5a\x5f\xef\x16\x3d\x5f\
\xf7\x88\xc2\x16\xe0\xf7\xee\x39\xe7\xeb\x57\xcf\xc3\xd9\x5a\x35\
\xf2\xb5\x83\xb3\xda\x47\x03\x3f\x81\xa4\xa2\x85\xa1\xe7\x72\x6b\
\x77\xab\x26\xc6\x32\x47\x22\x82\x06\xe2\x54\x8c\x8a\xa1\x7f\x7b\
\x2d\xcd\xc0\x73\x2a\xee\x24\x65\x83\x0e\x4f\xf5\xaf\x49\x3f\x0f\
\x24\x79\x83\x9b\xb8\x99\xe3\x62\x81\xdc\x93\x92\x3e\xa7\x9a\xac\
\xff\x00\x0e\xb6\x46\x1b\xce\xb3\x08\xac\x18\x16\x38\x18\xff\x00\
\xf5\xd5\x72\xdb\xa0\xd5\x8e\x1a\xd4\x4b\x6f\x72\x0c\x8d\x13\x03\
\x82\x71\x3a\xf3\x9f\xc6\xac\x4d\xe6\x0f\x31\x19\x90\x45\x9c\xaf\
\xef\x14\xe7\x3d\xba\xd7\x5c\xbf\x0f\x1c\x4c\xeb\xbe\xc5\xd9\x32\
\x5c\x06\x1f\x2e\x7a\x67\x8f\x7a\x8e\x2f\x87\xc6\x79\x24\x8a\x05\
\xb1\x72\xac\x03\x01\x20\x07\xa6\x78\xcf\xb1\xa8\x68\x34\x38\xbb\
\x46\xb4\xb2\xbc\x12\x45\x70\xe6\x5d\x85\x40\x64\x1f\x21\x3e\x87\
\xbd\x5e\x92\x60\xcc\x5d\xa4\x7e\x40\xca\x9c\x72\x3d\xbb\x57\x47\
\x27\xc3\x5b\xe8\xa3\x69\xbc\x98\xb6\xa9\xdd\x95\x91\x48\x22\x9e\
\xfe\x03\xd4\x52\x2d\xa6\xd5\x41\x04\x90\xde\x68\xc9\xed\x8e\xbf\
\x8d\x0d\x75\x15\x91\xc8\x1b\xfb\x83\x69\xe6\x42\x87\x6a\x9c\x30\
\xc6\x0f\x1f\x4a\x82\x2d\x41\x91\x8b\xa3\x6d\x6c\x8c\xf0\x73\x9f\
\x41\x5d\x63\xf8\x3f\x51\xdd\xe4\x2c\x61\xf7\x02\x76\xc6\xe1\xb8\
\xa8\x9f\xc2\x1a\x9a\xf2\xda\x7b\x9d\xa3\xe5\xdf\x19\x52\x0d\x09\
\x0f\x43\x93\x9a\xfa\xe0\xce\xc5\xb7\xb3\xa8\xce\x4a\xd1\x5b\x72\
\x68\x3a\xce\xe6\xc5\x89\xdb\x9c\x60\x37\x5f\x5a\x29\xf2\xf9\x0c\
\xd4\xd7\xb4\xe8\xe5\xbc\xb7\x82\x53\x22\x06\x42\xe5\x54\x81\xd3\
\x1c\x7e\xb5\x16\xbd\x10\x5b\x1b\x48\x9d\x48\x53\xe5\x92\x09\xeb\
\xc1\x27\xf5\xa7\xea\x57\xd1\x4f\xae\xdb\x46\xd3\xa9\x66\x88\x46\
\x07\x53\x96\x23\x15\x57\xc4\xb7\x69\x24\xb0\x98\xb2\xc8\x71\xb4\
\x01\xe8\xc4\x0a\xee\x66\x28\x35\x6d\xd1\xf8\x5e\xd0\x04\xda\x64\
\x5c\x67\x3d\x46\x48\xfe\x40\x53\xe4\x52\x3c\x29\x08\xdb\xb1\x9d\
\x4f\xcd\x9f\x43\x81\xfa\x0a\x83\xc4\xf3\x22\xd9\x5b\xc4\x37\x79\
\x70\x96\x88\x01\xea\x00\xe7\xf3\xa9\x75\x8b\x98\xed\xb4\xcb\x6b\
\x7d\xb2\x3f\x94\x55\x0a\xa0\x07\xaa\xe4\x9f\xcf\x35\x94\x9b\xe8\
\x5a\x48\x65\xa0\x91\x7c\x14\xef\xb7\x69\x05\x94\x36\x7a\x81\xd3\
\xff\x00\x42\x35\x62\x15\x76\xd0\xae\xdc\x61\x5b\xce\x74\x0f\xeb\
\xd0\x81\xf9\xb1\xa8\x2f\x19\xed\xfc\x2d\x05\xa7\x94\xdf\x72\x37\
\x63\x9c\x01\xb8\x9c\x9f\xfc\x78\x54\xb7\x12\x9b\x6f\x0f\x24\x48\
\x8a\xc7\x6a\xca\x43\x31\x1c\xb1\xc9\xfd\x19\x68\xf7\xad\xa0\x24\
\xae\x3a\xc6\xdd\xa3\xf0\x94\xa1\xa4\x21\xf7\xb2\x09\x42\xe3\x20\
\x0c\x8c\x7d\x0b\x9a\x92\xca\x11\x17\x84\x59\x8b\x3e\x77\x18\x83\
\xe0\x72\x07\x23\xf5\x63\x50\x5d\x5e\xb5\xa7\x87\x23\x88\xa2\xef\
\x31\xac\xc4\x63\x20\x12\x79\xfd\x19\x69\xd3\xdd\x49\x1f\x87\xe0\
\x84\x60\x39\x81\x67\x3c\x7a\xb6\x4f\xe8\xc2\xa3\xdf\x65\x7b\xa4\
\xcb\x10\x3e\x11\x55\x2d\x26\x1c\xb2\x6e\x07\x96\xda\x40\x1f\xa1\
\x22\xa4\xb9\x85\x23\xf0\xfd\x92\xe1\xb7\x49\xb8\xe7\x77\xde\xda\
\x02\xff\x00\x20\x2a\x0d\x46\x49\xed\xb4\x28\x62\x4c\x2c\xc9\x1a\
\xb9\x04\x71\xd8\xb7\x1f\xf0\x21\xf9\x54\x1a\xfd\xd5\xc2\xe9\xf1\
\xda\xc3\x29\x12\xc0\xa8\xab\xb7\x8e\x48\x0a\x4f\xe6\x45\x16\x98\
\x2e\x5b\x1a\xfa\x8a\x79\x7a\x45\x8c\x91\x46\xa8\xef\x21\x95\x8f\
\xfb\x4d\x9c\x9f\xcc\x66\x9b\xab\x48\x2d\x5f\x4d\x8d\x36\xc4\x9b\
\x56\x5c\x36\x07\x2c\xc4\xe3\xf3\xac\x5d\x44\xcd\xa9\x4f\x0e\x9c\
\xac\xdf\xb8\x9a\x38\xc9\x07\x92\xa4\x63\xf9\x8f\xd6\xb5\x65\x8d\
\x75\x0d\x72\xde\x3c\x06\x58\xee\x11\x48\xc7\xf0\x67\x20\xfe\x87\
\xf3\xaa\x8c\x5f\x71\x39\x25\xd0\xb3\xac\x5d\x47\x1e\xbb\x69\x60\
\xac\x00\x3b\x21\x31\x64\x1f\x95\xbb\x67\xdb\x3f\xa5\x35\x6f\xe2\
\xb9\xf1\x99\xb5\x11\xb3\x85\x7f\x98\x12\x30\x36\x72\x0f\x1e\xe0\
\x55\xa8\xa0\x8e\xe7\x57\x8e\xe9\x94\x6e\x85\xd9\xf7\x7b\x0c\x91\
\xfa\x9a\xb9\x0f\xee\x8f\xda\x72\x03\x60\x2b\x92\x7a\x64\xe3\xf9\
\x53\x8c\x35\xbb\x13\x9d\xd6\xc6\x75\x9d\xdd\xdb\xea\x97\xce\xf0\
\x31\x78\xa0\x69\x62\xdc\x1b\x3b\xcf\x1c\x7e\x7d\x2a\x38\x67\xd4\
\x8e\x83\x70\x65\xb7\x2b\x39\x96\x38\x90\xf9\x40\x65\x73\x9e\xe7\
\xeb\xf9\xd6\x95\xd5\xe4\x70\x88\x26\x12\xae\x1e\x74\x56\x60\x73\
\x82\x3f\xfd\x79\xa9\x2f\x35\x5b\x68\xa0\xb7\x29\x20\x7d\xd2\x06\
\x21\x79\xf9\x49\x00\x8f\x6a\xd6\xf6\x32\x66\x6d\xe3\x6b\x3f\xd9\
\x36\x0e\x91\x95\xb8\x32\x6f\x90\x1d\xbc\xb7\x41\x9f\xa8\xa9\x26\
\x8a\xed\x35\xab\x18\x64\x05\x60\x92\x14\x8f\x05\x81\x23\x9c\xb7\
\xd0\x82\x73\x57\x2e\x75\x1b\x60\x61\x4c\x17\x89\x59\x37\x3f\x40\
\xb9\xef\xef\x8a\x8e\xe3\x54\x85\xf5\x98\x1d\xa2\x25\x23\x2e\xf1\
\xb8\x6e\x41\xe3\x1b\xbd\x01\xa4\xe4\xac\x16\x1d\x16\x9f\xaa\x49\
\xa8\xdd\x49\x71\x32\x6d\x6f\x31\xad\xfe\x73\xf2\x31\x05\x47\x6e\
\x98\x3f\xca\xa0\x5d\x12\xf3\xfb\x35\xad\xe4\xbd\x02\xe5\x9d\x57\
\xcd\x04\xe7\x62\x02\x71\xee\x41\x34\x3e\xb4\x43\xa0\xcc\x45\xf3\
\x90\xc0\xf0\x06\x0f\x5e\x7d\xea\x2b\xbf\x12\x46\x1a\xdc\xb4\xeb\
\x1b\xa3\x3e\xf6\x00\x72\x48\xfc\x7b\x52\x53\x4c\x39\x59\x3c\xfa\
\x1b\x5c\xdd\xd9\xda\x99\xd0\xa8\x88\xf9\xca\xa0\xe1\x8b\xb6\x4f\
\x1d\xb3\xc6\x3d\x08\xab\x2d\xa0\x45\x36\xb1\x34\xcf\x21\x75\x96\
\x37\x91\x10\xaf\xfa\xb3\xf7\x32\x3f\x03\xc8\xff\x00\x0a\xc6\xff\
\x00\x84\x8a\x3f\xed\xa4\xbe\xf3\x5b\x67\x93\xe5\xe0\x74\xf6\xed\
\xf8\xd1\x73\xe2\x01\x6a\x4b\xc8\xb7\x2f\x0b\xa0\xcb\x32\xbb\x0c\
\xe7\x23\xe6\xfe\x94\xee\x81\x45\x9a\x8f\xe1\x7b\x33\x6a\xd0\x99\
\xa5\x12\x6f\x53\xe6\xee\x0a\xc7\x6e\x76\x8c\xfe\x3d\x6a\xb5\xfc\
\x22\xdf\x4a\x9e\xd6\xd9\x40\x9d\x23\xc8\x8f\x8f\x9c\xbf\xb7\x7e\
\x83\x22\xa8\x5a\xeb\x89\x7f\x3c\x50\xc7\x11\x68\xd9\x76\xa0\x61\
\xc2\x9c\xf2\x79\x34\xe7\x68\x77\x5c\x34\xb3\xac\xb3\x3b\x60\x7c\
\xa7\x72\x80\x30\x3e\x95\x85\x4c\x44\x22\xed\xd4\x69\x34\x3a\xc9\
\xd4\xeb\x32\xc6\xa4\x6d\x57\x54\x78\xff\x00\x87\x6c\x6a\x06\x47\
\xa8\xe3\xea\x2a\x7d\x3a\x58\xc4\x77\x52\x97\x69\x22\x7d\xc0\xc6\
\x47\xcc\xa5\x98\x74\xfc\x3d\x2b\x39\xdd\xc5\xa8\x95\x3c\xbd\xc8\
\x4a\xee\x62\x46\xe1\x8e\x7a\x0a\xd2\xd1\x2e\x92\xf2\xda\x79\x0a\
\x2c\x5b\x66\x31\xa8\xdc\x70\x31\xb7\xd6\xb8\xa7\x56\xf1\xe6\x48\
\xf5\x30\xb1\x8c\xf4\xb9\xa5\xa7\xb9\x16\xb0\x0c\xb3\x38\x90\x90\
\xfb\x4f\x4c\x81\xf3\x7a\x75\xef\x5b\xe9\x36\xef\xde\xb8\x55\xe4\
\x12\x3d\x32\x39\xac\x36\x7f\x25\x02\x28\x0b\xbc\xfd\xe0\x78\x1e\
\x9f\x5a\xde\x22\x35\x8c\x49\x12\xb9\xda\x80\xbb\x31\x18\x24\x1c\
\xf1\x5c\x15\xa7\xcc\x7a\x34\xe5\x0a\x72\xe5\xb9\x6b\x42\xd7\x64\
\x36\x17\x96\xd6\xd6\x72\x4f\x6a\x36\x96\x96\x3e\xa0\x75\x07\x9e\
\xd8\x06\xab\xf8\x96\x4d\x52\xe2\xe0\x40\x96\xf3\xc5\x12\x1f\x9d\
\x22\x91\x43\x67\x19\x39\xe7\x9c\x71\x4e\xb0\xbe\x8b\x49\xb5\x95\
\x4d\xcc\xd0\xf9\xa8\x9b\x16\x38\xc3\x01\x86\xc9\xcf\xf2\xfc\x4d\
\x49\x73\xa8\x5b\x4b\xaa\xc1\xa9\x3c\x85\xf3\x85\x50\x62\xda\x51\
\x99\xb2\x7e\xb9\x15\xd1\x05\xcd\x05\x1b\x9e\x3e\x2e\xee\xa3\xbb\
\x30\x2c\xbc\x41\xa8\xfd\x99\x89\x8c\xcb\xcf\xca\xcf\x2e\x03\x7f\
\x85\x73\xf7\x3a\xbb\xbd\xdc\x4f\x34\x67\x6b\xa9\x2f\x83\x92\x0f\
\x6f\xad\x7a\x49\xb5\x82\xe7\x4f\xd2\xad\xa1\xb4\x8d\x97\x6e\xe9\
\x2e\x0a\x70\x0b\x72\x50\x11\x8c\x9e\x72\x7e\x95\xc4\x78\x8f\x48\
\xba\xb3\x72\x24\xb3\xb5\x58\x99\x89\x49\xa3\x83\x1b\xbd\x40\x27\
\x38\xad\xe9\xa9\x53\xd0\xe5\xe5\xb1\x96\xf7\x7b\xa2\x08\xce\x0b\
\x16\x27\xe6\xec\x3b\x56\x6d\xdd\xe2\xb2\x18\x52\x65\x5c\xb2\xab\
\x10\x79\x1f\xe7\xa5\x6c\xe9\xf6\x10\x4f\x60\x3e\xdb\x3b\x27\xfa\
\xc0\xa8\x83\x04\x36\x40\xeb\x8e\x95\xcb\x6b\x3a\x35\xd4\x5a\x83\
\x9b\x63\xe7\xc1\x27\xcd\x1c\x84\x6d\xed\x8c\x7d\x6a\x22\xa2\xe5\
\x66\xc2\xda\xd8\xd1\xfb\x42\xc2\xbe\x5a\x39\xf2\xcf\x0b\x9e\xa0\
\x8f\xa7\x5a\xb0\x91\x5a\x49\x01\x77\x7d\xd2\x2b\x2b\x00\xbc\x8f\
\xa1\xe7\xf4\xa6\xd8\x78\x56\x79\xed\xd6\x69\x75\x38\x63\x50\xa0\
\xb0\x0a\x72\xac\x47\x43\xfa\x56\x60\xb5\x78\x43\x86\xb9\x0a\x50\
\x90\x06\x38\x38\xe3\xb1\xfc\x6a\x5d\xbe\xcb\x11\xac\xf7\x30\xc7\
\x68\x16\x34\x05\x08\xc3\x33\xa8\xce\xee\xc6\xb1\x52\xee\x49\x64\
\x29\xb7\x0e\x07\x19\x5e\x38\xef\x9a\xb7\x1e\x95\x79\xa8\xc1\x22\
\x5b\xaf\x98\x08\xc1\x28\xff\x00\x77\xdc\xe6\xaa\x5a\xe9\x17\xf6\
\x13\x49\x6f\x72\x54\x80\xb9\x42\x8f\xbb\x3f\xfe\xba\xda\x93\x49\
\x6f\xa9\x49\x5c\xb0\x80\xa2\xb0\x94\x1e\x7e\x60\x47\xad\x45\x0d\
\xd2\x7d\xbc\x02\x01\x65\xf9\xb6\xaf\x04\x7a\x13\x57\xf5\x02\xb2\
\xca\x7c\x88\xdd\x82\xac\x63\x23\xb1\x00\x03\xfd\x7a\xd5\x71\x34\
\x16\xd7\x40\xc7\x67\x2a\xca\xc3\x1e\x64\x87\x38\x3e\xb8\xc1\xc7\
\xe1\x4e\x6d\x2d\x01\xa2\x65\xbb\x97\x6f\xce\x3c\xc8\x87\x1d\x38\
\x62\x7a\x7e\xb5\x6e\x48\xe2\x92\x39\x15\x86\x1a\x30\x0b\x94\xe8\
\x4e\x33\xeb\xf4\xac\xd9\xe6\x0a\xd1\x95\x32\x22\xba\xe1\x5d\x46\
\x54\x37\x3f\xe7\xf1\xae\x8f\xc3\x9e\x1e\x6d\x6e\xc8\x98\x1e\x20\
\x24\x53\xbc\x3e\x0b\x02\x30\x38\x19\xcf\xf4\xac\x60\x9a\x77\x27\
\x95\x98\xd1\x28\xb8\x99\x63\xb7\x11\xee\x00\x93\xb8\xed\x0b\xee\
\x73\x59\xef\x7b\x32\x64\x29\x88\x00\x0f\x20\x67\x3c\xd7\xa0\x69\
\x3e\x04\x66\xbf\x13\xbc\xe4\x04\x91\x90\x2e\x33\x91\x8c\x67\xf9\
\xd6\x7d\xcf\xc3\x59\xd2\x32\x90\xdc\xc4\xc5\x93\x6b\x79\x89\x8e\
\xdd\xbf\x4a\xf4\xa1\x35\x6d\x4a\x51\x66\x04\xda\x8c\x76\x3f\x65\
\x85\xad\x92\x46\x96\x21\x23\x39\x6c\x75\xfc\x29\xeb\xae\x5a\x88\
\xd8\x1b\x15\xdf\x91\xb4\xee\x18\x1e\xbd\xab\x5e\xeb\xc0\x5a\x9d\
\xcb\x40\xe1\xa0\x8c\xc3\x10\x8b\x80\xcd\x9c\x1e\xb5\x51\xbe\x1e\
\x6a\xc0\x7f\xaf\xb7\x3e\xdb\x1a\x8f\x68\x8a\xe4\x64\x36\xfa\xb5\
\xb4\xf7\x49\x0f\xd8\x62\xcb\x10\x33\xb4\x7f\x85\x45\xa9\x13\x60\
\xd6\xa1\x7c\xb9\x04\xd1\x19\x0e\xf5\x1c\x64\x91\x8e\x2a\xed\xaf\
\x82\x35\xab\x6b\xc8\xa6\x1f\x67\x91\x51\xd4\x95\x5c\x82\x47\xb6\
\x6b\x56\xe7\xc1\x17\x3a\x8f\xd9\xde\x62\x91\x34\x31\x79\x7b\x55\
\x49\xe4\x9c\xe4\xd5\x46\x68\x89\x53\x67\x31\x13\xcd\x24\x49\x37\
\x91\x08\x8b\x3b\x09\xc8\xdd\x92\x38\xe2\xbb\xbf\x0b\xda\x4a\x34\
\x76\xba\x8a\xe3\x02\x6b\x59\x32\x8d\x1e\x55\x70\xc4\x71\xf5\xa8\
\x23\xf8\x7e\xa3\xc3\xc6\xcb\xce\x46\x98\xdc\x19\x3c\xd2\x0f\xc8\
\x02\x7d\x79\xfe\x2a\xa4\xfb\x34\x5d\x1d\x2c\xd9\xd0\x91\x13\x44\
\x08\x2c\x19\xb2\xd9\xce\x3b\x0a\xb7\x38\xa5\x76\x65\x38\xb2\xc7\
\x89\xef\x6f\x20\x9a\x14\x8e\xe0\x00\xf6\x60\x30\x55\x00\x11\xef\
\x58\x93\x6a\xba\x90\x8e\x65\x37\x67\x06\x35\x53\x9c\x74\x04\xd5\
\x1d\x6f\x56\x93\x51\xb8\x89\xc4\x4c\x04\x70\x79\x6c\xbd\x72\x45\
\x44\x1d\x64\x59\x89\x18\x1b\x57\x93\xd3\xbd\x10\xab\x19\x3d\x0c\
\xec\x6e\x41\x7d\x7b\x79\x7b\x70\xb3\x5c\x23\xa9\x8c\x06\x56\x55\
\xc1\xc7\x4e\x95\x1d\xfe\xa7\x7b\x15\xdd\xec\x5b\xe1\x20\xb2\x8c\
\x6c\x5e\x80\xf1\x54\x63\x78\xa3\xb9\x9d\x80\x2e\x76\x8f\xb9\x8f\
\x4a\xca\xbf\x78\x66\xd4\xef\x02\xb3\xee\xde\x09\x1e\x9c\xd6\x8d\
\xa0\x8a\xbb\x34\x75\x7b\xc9\x2f\xad\x67\x8a\x74\x8b\xf7\x92\xaf\
\x28\xa0\x1c\x85\xf6\xed\x5d\xce\x8b\xa3\xda\xdc\xfc\x30\xba\x96\
\x48\x11\xa6\xc9\x21\xca\x8c\x8c\x15\x03\x9a\xf3\x65\x88\x35\xd2\
\x72\xdc\x4a\x49\xc8\xff\x00\x62\xbd\x8b\x41\x8f\x67\xc3\x6b\x84\
\x3d\xc9\xff\x00\xd0\xd6\xb3\x67\x44\x74\x21\xbd\xb5\x8e\x2f\x1a\
\xe8\x36\xe8\xaa\x88\x91\xc4\x76\x28\xc7\x66\xe7\x15\x9d\xaa\xdc\
\x3f\xf6\xe5\xe8\x12\xbe\x05\xc3\xf1\xb8\xfa\x9a\xdb\xbf\xb5\xbe\
\x1f\x11\x74\xeb\xa7\x42\x6c\x04\x08\xa8\xd9\x1f\xeb\x30\x7f\x1e\
\x95\x8d\x7d\xa1\xea\xf2\xeb\x37\xd2\xc7\x64\xed\x19\x9d\xc8\xc9\
\x00\x91\xb8\xfb\xe0\x8a\xcd\x9b\x44\x20\xb8\x62\x39\x90\xf2\x7d\
\x73\x56\xbc\xd6\xff\x00\x9e\x99\x1d\xba\x0a\xac\x9a\x5e\xa7\x18\
\x1b\xec\x26\x1f\x4c\x1f\xe5\x52\x98\xae\x61\x8d\xa4\x96\xda\x75\
\x45\x04\x92\x63\x38\xa8\xb2\x46\xae\xc5\xb8\xd1\x59\x7e\x64\x53\
\x91\x83\x95\x15\x0d\xe3\xa8\x06\x25\x86\x1c\xba\xe4\x92\x8a\x08\
\xe7\xe9\x58\x9a\xa5\xe1\x8e\x18\x54\x79\xd1\xdc\xc8\x0e\xd0\x32\
\xb8\x07\xeb\xd6\xab\xcf\x3c\x4e\xd3\xb0\xb8\xb8\x32\xc2\xaa\x19\
\x5f\xa3\x7a\xf6\xe3\xa5\x67\x78\x93\xa1\x71\xdc\xa3\x2c\x6c\xc9\
\x92\x32\x58\x28\xc9\x1d\xb2\x7a\xd1\x1a\xa3\xc4\x76\xfc\xcd\x91\
\xdb\x9c\xd6\x45\x9b\x37\x9e\x08\xbb\x20\xbb\x61\x4b\x8c\xfc\xb5\
\xb4\x63\x78\x3f\x7a\xb7\x96\xc5\x72\x17\x3b\x32\x78\xfc\x71\x9a\
\x20\xe3\x2e\x83\x56\x65\xbb\x6b\x36\xc2\x15\x75\x2a\x17\x24\x98\
\xd7\xaf\x71\xd2\xa4\xba\xb0\x2d\x33\x79\x11\x47\xe5\xaa\x8c\x29\
\x5e\xf5\x4a\x1d\x42\x47\x5d\x8d\x3a\xa3\xee\x20\x95\x04\x8f\x6e\
\x2a\x67\xb9\x76\x6d\xbf\x6b\x46\xc8\xe3\xe4\xaa\xe4\x8f\x61\xf2\
\xa2\x9a\xc6\xa1\xfc\xb9\x5d\x97\x9c\xb0\xcf\x03\xf0\xcd\x4f\x1d\
\x93\x4a\x83\xca\x27\x9e\x08\x73\xc0\x1d\xba\xd3\x24\x82\xe2\x57\
\x67\x8a\x38\x8c\x9d\x18\x12\x40\xf6\xc5\x10\x6b\x17\x3b\xc4\x2f\
\x64\x4b\x74\xca\xbf\x04\xd5\x72\x2e\xc1\xca\x8b\x89\xe1\xcb\x51\
\x19\x12\x5c\xdc\x36\xe5\x01\x86\xfc\xaf\xe1\x42\x68\x70\x5b\xba\
\xb5\xbd\xd4\xe9\xb4\x70\x38\xa9\x45\xe5\xc1\x87\xfd\x46\xc7\xe0\
\x84\xdc\x32\x47\xd6\xa7\x49\xf7\x46\xac\xcc\x09\x2a\x09\xce\x29\
\x7b\x28\xbe\x84\x72\xa1\x1a\xd8\x9b\x51\x6c\x6e\x64\xf2\xb6\x14\
\x23\x1d\x73\x59\x6f\xe1\xcb\x69\x1b\xe7\xbe\xb9\x23\xd2\xb4\xc4\
\xeb\x82\x54\x82\x3b\x10\x73\x49\xe7\x03\xde\x8f\x66\x83\x95\x18\
\x69\xe1\x1b\x44\x28\xc9\x70\xc8\xeb\xfc\x61\x79\xfd\x05\x58\x3a\
\x55\xc8\x54\x31\x6a\x44\x32\x37\x03\x2d\xd3\xf1\xad\x17\x90\x7f\
\xfa\xe9\xb1\x48\x37\x1c\x1f\xcb\xff\x00\xd7\x4b\xd8\xa1\xfb\x34\
\x22\x47\x7f\x16\xf0\x97\x10\x11\x92\x43\x1f\x7e\xbd\xa8\xa9\x0c\
\x98\xf7\xa2\x9f\x22\xee\x1e\xc9\x1e\x57\x16\x95\xbf\xc4\x16\x92\
\xbc\x85\x98\x2c\x84\x9c\x71\xf2\xf0\x0f\xeb\x4f\xba\xd3\xc4\xba\
\xcc\x16\xd1\x12\xe9\x1c\xe3\x25\xc7\x38\x00\x37\xf3\x06\xb5\x6c\
\x4c\x4b\x21\x99\x81\x20\x06\x50\x7a\x75\x00\x9e\xbf\x4a\xa7\xa7\
\xdc\x2b\xea\x57\x17\x2d\x85\xe1\x1b\x93\x9c\x67\x20\xf4\xfa\xd7\
\x55\x8e\x5b\x8e\xbc\xb2\x8e\xea\xef\xca\x00\x63\xcd\x8c\x91\xe9\
\x9c\xe4\xff\x00\x2a\x8f\x51\x87\xed\x53\xcb\x00\x04\xb3\x05\xfc\
\x3e\x6f\xfe\xca\x8b\x7d\x46\x16\xb9\xba\x9a\x49\x14\xa1\x56\xda\
\xca\xb8\x00\xe7\x8e\x7f\x0a\xa1\x06\xb3\x18\xd4\xda\xe4\xc5\x3b\
\xc4\x49\xcf\x6e\xdf\xe3\x48\x65\xad\x5d\x45\xd5\xec\x96\x89\xfc\
\x51\x14\x51\xee\x30\x47\xe8\x0d\x41\xa9\xb0\x97\x58\x36\x0a\x46\
\x1d\x1a\x15\x03\xb6\x57\x8f\xe4\x2a\x98\xbf\x94\x6a\x2b\x75\x1c\
\x71\x87\x0d\x90\x5b\x24\xfa\x52\xcc\xd7\x0b\xa9\x4d\x32\x49\xb4\
\xa7\xcc\x84\x28\x04\xb0\x51\xde\x90\xc9\xb5\x28\xbe\xd9\xae\x2d\
\x9a\x13\xb0\xc7\xe4\x03\xd8\x6e\x18\x1f\xc8\x1a\x65\xe3\x48\xfe\
\x21\x8a\x16\xca\x5a\xf9\x7e\x43\x6e\x20\x00\xa4\x6d\xfe\x82\xaa\
\x5a\xbd\xe7\xdb\xd6\x4b\xcd\xe5\x58\x65\xf6\x72\x40\xcf\x51\xda\
\xaa\x5f\xdb\x79\x97\x93\xcf\x10\x9b\x62\xb6\x76\xb6\x03\x1e\x78\
\xc9\xa5\x70\xb1\xbb\x73\x7d\x6e\x35\x84\x7b\x89\x97\xec\xfb\x99\
\x1c\x8f\x98\x60\x81\xe9\xed\x55\xde\xee\x09\x35\x9f\xed\x2d\xf2\
\x4d\x0e\xed\xa7\x68\xf9\x70\x79\xfe\x60\x1f\xc0\x56\x4c\x91\x95\
\xd2\xd1\x55\x4b\x7e\xf1\xb2\xa5\x8e\x73\x8f\x6a\x7d\xa4\x53\x3c\
\x26\x15\x44\x0b\xcb\x39\xe8\x0e\x0d\x44\x99\x49\x1d\x35\xa0\x36\
\x97\x89\x76\xf0\x7c\xd2\x12\x4a\x13\x96\x20\x8c\x83\xf9\x81\x4e\
\x32\x5c\x5a\x6b\x2a\xf0\x4b\x02\xc9\x24\x64\x65\xd7\x23\x96\xf6\
\xac\xd8\xed\x05\xcc\xac\x5e\xf2\xe0\x14\x87\x76\x54\x0e\x02\x8c\
\x9e\xa7\x3e\x80\x63\xd6\xa3\xb4\x13\x46\xc6\x57\xdd\x2c\xc8\x57\
\xcb\xcf\x3d\x58\x71\x80\x28\x8c\x84\xd1\xb4\x65\xd4\x6d\x62\x98\
\xb1\x50\x49\x1f\xbc\x1c\x82\x33\xd0\xe6\xb3\xee\x75\x23\x88\xe3\
\x8e\xeb\x3b\x94\x34\xaa\x23\x00\x64\x67\x80\x7b\xf1\x5a\xd2\x0f\
\x37\x46\x68\x66\x81\x9a\xe0\x8c\xee\xc8\x51\xd7\x3d\x2b\x16\x68\
\x11\xbc\xb4\x01\x36\x85\xf2\xc0\xfa\x9a\x6c\xa4\x87\x32\x3d\xc4\
\xac\x52\x43\xf2\xa2\x32\x12\xc1\x36\x12\x47\x3d\x31\xf9\xd3\x75\
\x5b\x7b\x9b\x6b\x8d\xb3\x4e\xec\xa5\x55\xbe\x59\x0b\x0e\x7d\xc5\
\x69\xbd\x85\xdc\xc1\x96\x18\x59\x89\x89\x63\x53\x14\x79\x04\xf1\
\x81\x5a\xef\xe1\xdd\x53\x52\x9e\x49\xe0\xb0\x95\xf9\x03\x73\xe1\
\x57\x23\x19\x18\x38\xa9\xb8\x72\x9c\x2a\xdb\x4f\xf6\x8f\x9c\xee\
\x56\x3f\x29\xe4\x92\x3d\x0e\x6b\x42\xd9\x64\xf3\xbc\xa0\x36\x96\
\x2a\x9b\xb1\xea\x7b\xfa\xe2\xbb\x2b\x3f\x86\xfa\xbc\xf3\xab\x38\
\xb4\x8c\x70\x7e\x79\x32\x70\x3e\x99\xaa\x76\xbe\x13\x92\xc3\x58\
\x48\x2f\x6f\x52\x39\x12\x46\x58\xfc\xb4\x32\x6e\x60\x03\x00\x3f\
\x02\x3f\x2a\x86\x2e\x5d\x4e\x6a\xeb\x4e\x9e\xde\x78\xd5\x0f\x9c\
\xa5\x01\x2f\xc1\xcb\x13\xc8\x38\xfa\x56\x65\xe5\x8d\xd5\xe5\xd4\
\x51\xe5\x63\x27\xe5\x50\x7b\xe3\xbd\x7a\xdb\x78\x0f\x16\xd6\xb2\
\xc9\x74\xcf\x39\x78\xe2\xf2\xd7\x81\x18\x39\x07\x8e\xbd\xc9\xeb\
\x59\xfe\x2f\xf0\xa5\xbe\x80\x2d\x35\x0b\x6b\x69\x2e\xa1\x59\x95\
\x67\x05\xb2\xc3\x8f\x5e\x06\x33\x49\x68\x33\x87\xb0\x8d\x2d\x91\
\x21\xb8\x55\x90\x23\x85\x62\xa4\xfc\xca\x01\x07\x1e\xf9\x23\x9a\
\xbb\x75\x64\x2f\xec\x1a\x20\xe5\x50\xdc\xac\x65\x55\xc9\x00\x04\
\xeb\x8f\xad\x76\x56\xde\x1e\xb3\xd0\xb4\x4b\x4b\xdd\x42\xce\x35\
\xbb\x2a\xce\x52\x75\xdc\x07\xfb\x3b\x7a\x6e\xe4\x9c\x9f\x4f\x6a\
\xb1\x69\xae\x5e\x45\x6d\x1c\x56\xd1\x40\xa8\x0f\x58\x11\x76\xe3\
\xae\x78\x1c\x71\x9a\x1d\x6b\x3b\x12\x91\xe7\x96\x7a\x14\xa2\x3d\
\xb6\xab\x7a\x58\x02\x30\x10\x9e\xbd\x71\x4f\x4b\x0d\x4e\xdd\x64\
\xb8\x7b\x69\x23\x44\x45\x2c\xc5\x76\xe4\x74\xdc\x4f\xe0\x45\x7b\
\x0c\xfe\x2e\xd2\xe3\x8a\x07\x92\xee\x13\x28\x70\xc6\x15\x6d\xc5\
\x0f\x4e\xa3\xeb\x5c\x66\xaf\x7d\xa2\xb4\xf7\x4d\x1c\xb7\x32\x79\
\xad\xbe\x38\xd5\x70\xa0\x67\xa7\xb7\x56\x38\xef\xc5\x73\xd4\xe5\
\x96\xa1\x28\x98\x9a\x7e\x95\x75\x7b\x79\x1d\xbb\x1b\x84\x13\x61\
\x41\x04\x0f\xe7\xfa\xd6\xfd\xf7\x82\x9f\x45\xb1\x48\x63\xb9\x90\
\xab\x4c\x67\x92\x43\xb4\xed\x18\x19\x1c\x76\xe2\xa2\xd0\x75\x8b\
\xa5\xd5\xe3\xba\x78\xae\x6e\xe3\x11\x91\x83\x18\x24\x91\xd3\xf0\
\x1d\x78\xef\x5d\x4d\xec\xba\xbf\x88\xb4\xa0\x5a\xdc\xd9\xab\xee\
\x44\x59\x13\x05\xb9\x1c\x1e\xe0\x1c\x75\xa8\x51\x76\xb2\x2e\x12\
\xe4\xd4\xf3\xb3\x71\x3b\x5e\xfd\x98\xc8\x5a\x28\xdf\x00\xe4\x1e\
\x07\x35\x6e\xc3\xc4\x72\x43\xa9\x30\xb8\x11\xb4\x32\x1c\x1d\xa3\
\xb7\x19\xcf\xe7\x9a\x92\x5f\x0e\xeb\x70\xca\xdb\xb4\xe6\x76\x43\
\x8d\xd1\x73\x8e\x3e\xbf\x85\x67\x4b\xa0\xea\x92\x5d\xb1\xfe\xce\
\xb9\x28\x63\x20\x61\x33\xb4\xf3\x9e\x9d\xcf\x15\x9c\xa9\xf3\x74\
\x26\x53\x93\x77\x3d\x02\x4b\xcd\x14\x69\xa9\x3e\xcb\x74\x2b\x19\
\x53\x26\x37\x9c\x0c\xe3\x8e\xde\x87\xd2\xa4\xf1\xb5\xec\x76\x96\
\x96\x8d\x65\x67\x1a\x2b\x10\xc0\xac\x41\x77\x0e\x80\xe7\xb5\x70\
\xba\x60\xd4\xac\xd5\xad\x06\x83\x71\x30\xdc\xa6\x40\x91\x92\xd9\
\x1d\xb9\xe3\x18\xcf\xe7\x5d\x06\xb1\xad\xeb\x7a\x8d\x9a\x45\x71\
\xa5\x3c\x1b\x5d\x5d\x73\x80\x70\xa7\x3b\x71\xf4\xad\x39\x2f\x0e\
\x51\xb9\x37\xb9\xd4\xfd\xae\xe3\x4c\xb0\xb1\x96\xf4\x9d\xa5\x72\
\x8a\xbc\x93\x91\xb7\x69\x1e\xa2\x99\x65\x24\x7a\xc6\x9b\x30\x76\
\xf3\xa1\xb9\x75\x64\x84\xf2\x15\x4b\xa8\x39\x3e\xa0\x71\xc1\xaf\
\x33\xf1\x36\xb1\xe2\x0d\x62\x31\x05\xe5\xd1\x8a\x2d\xa0\xf9\x25\
\x4a\x87\x1e\xa4\x63\x9f\x51\x4b\x17\x8d\xb5\x3b\x3d\x1e\xd3\x4f\
\xb2\xbd\x8d\x63\xb6\xdb\xb7\x04\x06\x38\x6c\xe7\x24\x71\xe9\x5a\
\x5e\x11\x8a\x5d\x45\xcd\x63\xaa\xf1\x47\x86\xe0\xd2\xb4\xd6\x78\
\xee\xae\x36\xe5\xcc\x50\x6c\xe1\x77\x30\x38\x3f\xfd\x7a\xa5\x65\
\xe1\xfd\x39\x74\xb3\x3e\xa3\x72\xf6\xb3\x46\xaa\xca\x08\x56\x0e\
\x09\x07\x8e\x0f\x3d\xab\x3d\x6f\xfc\x43\xe2\x18\x4a\xdc\x4c\x67\
\xb5\xce\xd0\xf2\xce\x11\x19\xba\x60\x13\xc1\xad\xdd\x23\x4a\xd7\
\xec\x07\x9d\x71\xfd\x9d\xe5\x2a\x64\x09\xb2\xe3\x03\xd1\xb0\x48\
\x3f\x4a\xcd\x41\xb9\x5d\x0a\xf7\x77\x28\xea\x36\xe1\xa3\xdb\x6e\
\x64\x68\xd8\x07\x1b\xd7\x24\x03\xea\x00\xac\x78\x2d\x20\xba\xb9\
\x96\x69\xd8\x5b\x9d\xac\x1b\x73\x18\x86\x40\x38\x3b\x7b\xff\x00\
\x5a\xf4\xeb\x6b\xab\xd2\xcf\x33\xac\x0e\x8c\x00\x06\x39\xdb\x18\
\xc7\x60\xc3\xd7\xda\xb8\xff\x00\x18\x47\x79\xa8\x69\x73\xc7\x6b\
\xa4\xc9\x2b\x48\xe0\x99\x25\x51\xf2\xe3\xfb\xa0\x73\x93\x55\x1c\
\x3f\x26\xb7\x0b\x19\xf1\x41\x69\x1a\x4a\xd6\xd7\x11\xbb\x4a\xd1\
\xa2\xc8\x09\xcb\x1c\xf3\xcf\x61\xef\xef\x56\x75\x7b\x67\xb4\x81\
\x58\x78\x67\xed\x50\x46\x9b\xbe\xd4\x1d\x8c\x7c\xf5\xc0\x07\xa7\
\xf3\xae\x77\x4e\xd2\x7c\x41\x24\x51\x5b\x7f\x67\x4a\x14\x02\xcb\
\x8e\x0b\x9f\xc4\xe4\x81\xe8\x2b\xd0\x74\xab\x4b\xb8\xb4\xa0\xf7\
\xd0\x6c\x9c\x1d\x8c\x26\x71\x18\x4f\x70\x79\x18\xc7\x6c\x52\xa7\
\x4b\xdf\x63\x48\xe1\x5a\x77\x88\x28\x93\x43\x8a\x39\x64\xdc\x58\
\xb8\x61\x9c\x82\x3d\x7d\xc5\x66\xde\x4e\xf7\x53\x71\xa5\x5b\x42\
\xbb\x77\x11\x0b\x13\x9e\xdc\xfe\x1f\xca\xbd\x7d\x11\xcb\x30\x8c\
\x33\x28\x5c\x2a\xcc\x81\x7c\xcf\x70\xfd\xea\xbc\x70\xb1\x31\x04\
\x0c\x76\xe4\xca\x58\x09\x94\x1e\xeb\xbb\xa8\x3f\x51\x5b\x3a\x25\
\x1e\x61\xa6\xdf\x24\x0f\xe5\x49\x6b\x6f\x78\xa0\xf2\x1d\x77\x61\
\x47\x5c\x0a\xdb\xf0\xfd\xea\xe9\x8b\x17\x97\x1c\x6e\xc9\x10\x70\
\xc1\x76\xf9\x6b\xdf\x27\xd7\xdb\xb8\xab\xfe\x20\xb4\xb2\xb6\xd3\
\xa6\xd4\xcd\xbd\xb2\xdc\x6d\x73\x1c\x9b\xb7\x86\x27\x80\x09\x38\
\x3f\x87\xd6\xb8\xab\x8d\x60\x88\x61\x85\x21\x88\x88\xa2\x4f\xde\
\x42\xc7\x24\xed\x00\x83\xf8\xd4\xb8\x59\x12\x7b\x37\x87\xb5\x98\
\xb5\x29\x62\x8d\x63\xda\x61\x0e\x64\x20\x8c\x0e\x38\xcf\x7a\xd1\
\x92\xd9\x9a\x43\xb4\x13\x5c\xaf\xc3\xeb\xf4\xb8\xd2\xa7\x75\x84\
\x88\x9a\x51\xfb\xf9\x49\x66\x63\x8e\x54\x67\xa6\x0f\xe7\x5d\xc0\
\x2a\x4e\x54\x83\xf4\xa1\x3d\x2c\x6f\x15\x64\x50\x16\xec\x07\x42\
\x29\x45\xb8\xe8\x43\x13\xf5\x35\xa2\x06\x47\x61\x4e\x09\xc7\xa5\
\x55\x87\x73\x3d\x6d\xb6\x9f\xba\xdc\xfb\x9a\x93\xec\x99\xfe\x0c\
\xff\x00\xc0\xaa\xe3\x12\x8b\x90\x3e\xa4\x9e\x95\xcf\xde\xcd\xaa\
\xdc\x5e\xb4\xf6\x71\xbc\xd6\x6b\x11\x5f\x2d\x48\xcb\x38\x6c\xe4\
\x7b\x62\xa9\x21\x33\x4a\x5d\x3d\xae\x6d\x5a\x04\x42\x8c\xe4\x61\
\xb7\x83\x81\x8c\x13\x58\x17\xfe\x0c\xb8\x9e\x4b\x87\x8f\xca\x98\
\x95\xdb\x19\x95\x80\xdb\xef\xc0\xe7\xe8\x78\xab\x52\x78\xad\xed\
\x61\x55\x9f\x47\xbd\x8c\xbf\x57\x0c\x0e\x4f\xa0\xc7\x4a\xd5\xb3\
\xd5\xe7\xbd\x50\x7f\xb2\x6e\x62\x5e\xa0\xc8\xca\xb9\xfc\x33\x9a\
\xbf\x67\xcd\xb9\x94\xa5\x15\xb9\xc2\x3f\xc3\x9b\xd6\x91\x0f\x91\
\x6e\x9b\x88\xdc\xc1\xc1\xe3\xd8\x7a\xd2\xdd\x78\x57\x5f\x89\x8c\
\x56\x96\x71\x8b\x40\xa1\x52\x30\xca\x4f\x1d\xc9\xcf\x53\x5e\x88\
\x4d\xec\x85\x8a\xad\xbc\x23\xd5\xb2\xe4\x7f\x20\x2a\xab\xda\x5f\
\xc8\x48\x4d\x43\x93\xfd\xc8\xb8\xfe\x74\x47\x0d\x6d\x9d\x8e\x59\
\x4e\x1d\x0f\x3f\x1e\x1d\xd7\xe6\x59\x45\xde\x97\xc1\xc3\x3b\x6e\
\x5d\xcd\x8e\x81\x70\x7f\x9d\x73\x7a\x87\x82\x35\x99\xae\xe6\x92\
\x2d\x32\x65\x33\xb6\xf2\x15\xb0\x40\xf7\x27\x8e\xbf\xca\xbd\x5a\
\xf3\x45\xd7\x36\x17\x86\xf1\x64\xe3\xee\x9f\x94\xfe\x9f\xe3\x5c\
\xc4\x92\x6a\x51\xca\x63\x37\x0d\x0c\x81\xb0\x72\xcd\x92\x7f\x3a\
\xe9\xa7\x4d\xa5\xab\x27\x9f\xb2\x39\xdd\x33\xe1\xe6\xb8\xb2\x6d\
\x9a\x37\x55\x07\x3f\xbd\xb9\x5c\x74\x23\xd0\xfb\x57\xa6\x69\x5a\
\x45\xcd\xaf\x85\x5f\x4c\x9f\x62\xcc\xc7\x3b\xb7\x6e\x00\x6e\x07\
\xaf\xe1\x58\xf6\x97\xda\x8e\xc4\x8e\x3b\x99\x67\x2b\xcb\x6e\x05\
\xb3\xf8\xf5\xae\x8f\x4c\x99\xee\x57\x37\x1a\x5c\xb1\x37\xf7\x88\
\xe0\xfe\x7c\xd3\x69\x07\x3c\x89\x6f\x2d\x4d\xc5\xec\x17\x02\xf1\
\x22\x68\x70\x51\x7a\xf2\x01\x1f\xd6\xac\x00\x43\x96\x69\xb2\x4f\
\x3f\x22\x1c\x13\x56\x82\x44\x9d\x17\x07\xd0\x71\x4a\xa1\x5c\xfc\
\xdf\x2e\x3d\x05\x4f\x2a\x1f\xb6\x91\x4e\x59\x27\x54\x3e\x44\x7b\
\xdb\xfe\x9a\x9d\xa3\xf4\xae\x4b\xc5\x5e\x25\xbc\xb3\xb1\x16\xdf\
\x65\x30\x5c\xba\xe5\xbf\x78\xa5\x48\xce\x38\xe9\x91\xef\xd4\x57\
\x6d\x33\x45\x0c\x4f\x2c\xb2\xa2\x46\xa3\x2c\xec\x70\x05\x71\xd7\
\xf7\x5e\x1a\xf1\x03\x1f\xb7\xdc\x88\x8c\x0d\xb6\x1d\xf2\xf9\x65\
\x94\xe3\x2d\x83\xda\xb3\xab\x0b\xc7\x42\xe1\x5a\x4e\x5c\xac\xe1\
\xb5\xcd\x5f\x53\xd5\xf5\x18\x66\x89\x5b\x31\x22\xa2\x88\xb0\x70\
\x4f\x5f\xd7\xfa\xd5\xcd\x16\xee\x5b\x0b\x5b\xb6\x73\x39\x99\xe2\
\x91\xce\xf8\x4e\xd6\x71\x80\xa0\xe4\x7d\x6b\xa1\x3e\x10\xf0\xc5\
\xcb\x91\x06\xa4\xdc\xe1\xb2\x97\x08\xd8\x39\xab\xb1\xf8\x49\x3c\
\x91\xb3\x59\x9a\x44\x00\xc6\x15\x82\xf4\x27\x1d\x47\xe0\x7f\x0a\
\xe3\xf6\x32\x37\x39\xa1\x34\x3a\x34\x31\x5d\xdc\xe9\xe9\xba\x44\
\xc7\x94\x1b\x39\x04\x83\x91\xe9\xfa\x62\xbb\xe8\x6d\x34\xcb\xdb\
\x74\x96\x4d\x32\x10\xb2\x28\x6d\xac\xbc\x8c\x8a\xcf\x97\xc3\x17\
\x4f\x7c\xbb\xef\xe1\xf2\x76\x92\x63\x8e\x22\xac\x0f\x41\xcf\x39\
\xed\x56\x6c\xec\xf5\x9b\x69\x76\xcd\x71\x1d\xc5\xaa\xe7\x71\x73\
\xf3\x2e\x3a\x60\x56\x90\x8b\x8e\x85\xab\xa1\xd3\xe8\x3a\x3b\x47\
\xfb\xbd\x32\x00\x7b\x72\x47\xf2\xaa\xe7\xc3\x9a\x61\xe4\xd8\x85\
\x3f\xec\xca\xff\x00\xe3\x5a\x4d\x15\xd2\x2c\xa5\xa3\x5f\x30\x12\
\x50\x00\x79\x03\x1e\x94\xa7\x2b\x2a\xc6\xca\x9b\x76\x9c\xb1\xdd\
\xc6\x31\xd7\xf3\xad\xc7\x76\x63\x8f\x0e\x58\x32\x83\x1a\x4c\xb9\
\xe7\x02\xe1\xc7\x3d\x3d\x6a\xa7\xfc\x23\x96\xb6\x92\x3c\xe4\x5c\
\x2a\xf5\x62\xb2\x96\x3f\x95\x6f\x18\xd7\xca\x69\x0b\x2e\x15\x8a\
\x9e\x09\xef\x8e\xe6\x91\xad\xc7\x9b\xb3\x20\x12\x33\xd0\xf2\x33\
\x8f\x5a\x2e\x33\x99\x4b\x68\xe4\x47\x90\xb4\xc8\x33\xb4\x1e\x57\
\x8f\xc5\x4f\x34\x82\xce\x26\x5c\x2c\xce\x47\x0b\xd6\x37\x1f\x96\
\x41\xfd\x2b\x58\x69\x05\x14\xb4\x17\x2b\xb4\xb1\xc7\xce\xea\x41\
\xfd\x6a\x29\x2c\x75\x18\x86\xd6\x32\xbe\x39\xda\x36\x3f\x7e\xb8\
\x61\x45\xc1\x98\x9a\x5e\x84\xf6\xb6\x8d\x0a\xdd\x94\x6f\x31\xdd\
\x55\xa0\x6c\x10\x5b\xb1\x06\x9d\x71\x08\xb6\xb6\x92\x69\x75\x1b\
\x20\x50\xe0\xa9\x72\xa7\xf2\x23\x8a\x9b\x51\x90\x5a\xe9\x77\x31\
\xb4\x4f\x15\xc3\x29\x60\x82\x32\xb8\xf5\xe4\x0c\x0a\xf2\xf9\xf5\
\x6b\x89\x24\x95\x64\x95\x84\x6e\xb9\x60\xcb\x90\x4f\x63\xef\x58\
\x56\xa9\xca\xac\x89\x72\x68\xee\xed\x2f\x5e\xed\x13\x6b\xdb\xef\
\x63\xde\x4d\xa0\x00\x0f\x39\xfc\x29\x65\xb8\xb8\xb7\x91\xb3\x12\
\xc8\x98\xc9\x64\x95\x4e\x3d\xfa\xd7\x07\x75\x72\x2d\xad\xd8\x07\
\x6c\x48\xa0\x0c\xf6\xc8\xea\x3d\xa9\xa3\x55\x96\x45\xc6\xe0\x23\
\x64\x0c\x59\x88\x1d\x3b\x7e\x7d\xab\x9a\x35\xa7\xd4\x85\x51\x9e\
\x83\x71\x78\x2d\xd1\xf7\xc8\x14\x80\x72\x58\x8c\x0e\x3b\xe3\xb5\
\x15\xe7\x91\xeb\x4c\xf0\xee\x6d\xac\xe4\xf2\x7c\xa1\x82\x07\xa5\
\x15\xaa\xab\x2b\x0f\xda\x32\xad\xdc\xcf\x05\xe5\xcd\xba\xca\xc6\
\x2f\x35\xbe\x43\xd8\x76\x39\xf7\x15\x04\x52\xc4\xcb\x75\x19\x93\
\xcb\x66\x55\xd8\x7b\x75\x1c\x7a\xd5\xbd\x41\x55\x9d\x24\x0a\x86\
\x51\x90\xf2\x7d\xd5\x3f\x53\x9a\xa9\x0a\xb9\x53\xbf\x00\x89\x15\
\x41\x04\x73\x93\x8a\xd6\x35\x9b\xd8\x84\x59\xd3\xec\x27\xb9\x8a\
\xe2\x08\xd0\xa9\x0a\x58\xef\xc8\xe0\x0c\x9c\x57\x41\x6f\xe0\xd3\
\x2c\x08\xf7\x57\xaa\x8a\xca\xad\x85\x4e\xc7\xea\x6a\x9b\xcd\x73\
\x64\xc0\x65\xa3\x8f\xc8\x28\x71\x96\x66\x1d\x3a\xd3\x20\xbb\x92\
\xfa\xdc\xfd\x96\x46\x7f\x2f\x01\xd6\x46\x2a\x54\x0e\x33\xc7\x6a\
\xd5\xd7\x8c\x7e\x21\x32\x79\xb4\xfd\x22\xce\xda\x40\xec\xd3\x4e\
\x03\x80\xc2\x6c\xaa\x9c\x9c\x63\x1c\x1a\xb3\xa7\x5e\x58\x41\x14\
\x8c\x6d\x55\xe6\x67\x1b\x64\xda\x39\x1b\x54\x71\xf8\x83\x54\x26\
\xb3\x95\x34\xeb\x20\xad\x11\xc9\x90\x12\xaf\x9d\xc4\xb6\x47\xd2\
\xba\x9d\x27\xc1\x10\x5c\x22\x8b\xdd\x46\x28\xfc\xc0\x31\x12\xa1\
\x66\x1d\x3a\x13\x59\xfd\x65\x73\x79\x01\x85\x25\xd9\x6b\xcb\xbd\
\x90\xaa\xf9\x90\x22\x8d\xcc\x00\x1c\xb6\x6b\x11\xb4\x8b\xa7\x9e\
\x69\x01\x8c\xc6\x46\xed\xfb\xc1\x53\xce\x2b\xd7\x47\xc3\x5d\x06\
\x08\x64\x72\x93\x4f\x36\xc3\xb5\xa7\x72\x17\x38\xe0\x90\x31\xc5\
\x72\x97\x76\xba\x7e\x9c\x6e\x61\x7d\x3f\x4e\xb8\x82\x65\x50\xb2\
\x5b\x5c\x15\x0a\x40\xe7\x03\xfa\x51\x5a\xbb\x5a\xc4\x76\x38\x96\
\xd3\x59\x76\x5a\x20\x69\x19\x65\x27\x74\x6b\xdc\x8c\x03\x91\x53\
\xc3\xa2\x5d\xf9\xeb\x14\x76\x6c\x65\xdc\xaa\xc8\xed\x82\x0b\x74\
\xae\xb9\xc4\xe6\xde\x1b\xe8\xd0\xc5\x6a\x9b\x15\x21\x46\x19\x50\
\x78\xcb\x63\xd4\x8e\x39\xcd\x6a\x49\x6a\xf6\xb3\xd8\x49\x79\xa9\
\xda\xc1\xf6\x93\xe6\x4d\xe6\x4d\xb1\xe1\x23\xa1\x3e\xbf\x29\xc0\
\xac\xa3\x59\xcb\x70\x39\xfd\x07\xc2\x97\xd7\x7a\x94\xf6\xd3\x34\
\x31\xa2\x46\xd1\xc8\xc3\x9c\x12\x38\xe4\xf1\xf8\x7b\x57\x44\xbe\
\x14\xf0\xee\x9f\xe6\x9b\xbd\x45\xfc\xcb\x72\x3c\xd5\x87\x0a\x01\
\xe3\xbb\x64\x9e\x39\xe3\xd0\xd6\xde\x9d\xab\xe8\x63\x53\xb9\xb6\
\x0e\x93\xc0\xe6\x32\xa5\xe7\x07\x6e\x13\x6e\x70\x7a\xf4\xed\x59\
\xfa\x86\x9d\x13\xea\x45\x7e\xd3\x0b\xc5\xfe\xb3\xc9\x20\x00\x54\
\x67\x8c\x8c\xf4\xf6\xf5\xad\x1d\x58\xc7\xa9\x48\x92\xeb\xc2\x3a\
\x2d\x9c\x30\xac\x76\xe4\xb9\x51\xb4\xb4\x85\xf6\x83\xdc\xfd\x49\
\x5f\xce\xba\x2b\x6d\x0b\x4e\xb5\x91\xd2\xde\xc6\xcd\x36\x9c\x33\
\x88\xc6\x71\xfe\x35\x91\x2a\x58\xbd\xb5\x8d\x85\xb5\xcb\xac\xd1\
\x4e\xa9\x22\x3c\x85\x98\x23\x73\x8f\x61\x9d\xb8\xad\x3d\x59\x62\
\xbb\xb7\x9e\xc2\x2f\x3e\x19\x22\x03\xe5\x4c\xa0\x75\x3d\x4e\x47\
\x5e\x2a\xd4\xae\x55\xcb\xa9\x3c\x41\x59\x23\x78\xa2\x64\x90\xc6\
\x01\xc0\x04\x8e\x71\xe9\x5c\xce\x91\xae\x79\xcb\x70\xbb\x5e\x47\
\x7b\xb9\x12\x37\x45\x1b\x23\x39\xe7\x3d\x33\xd4\x74\xae\x9b\x4e\
\xd3\xe7\x1a\x7b\x45\x3c\xe4\x14\x62\x23\x67\x40\xc3\x8e\x8d\xce\
\x72\x2b\x17\xc3\x9a\x02\x80\x27\x2e\x77\x99\xd9\xf6\x81\x80\x08\
\x76\xc0\xfa\x74\xfc\xa8\x61\x73\xa1\xb7\x6d\xf6\xe2\x55\x0a\xdc\
\x7c\xbd\x89\xae\x0a\x7d\x7e\xf2\xdb\x5b\x9a\x09\x74\x99\x16\x13\
\x39\x94\x4c\xe0\xe7\x2a\xb8\x1e\x98\x07\x1f\xad\x76\xb0\xe8\x0a\
\xe4\x88\xb5\x1b\xd5\x58\x67\x3b\xd0\x49\x95\x76\x07\x27\x20\xf5\
\xfb\xdf\xa5\x4d\xe2\x4b\x2f\xb7\xe9\xc6\x37\x8f\xe5\x52\x18\xb2\
\x0c\x1c\x93\x8f\xc7\xd6\xb3\xad\x17\xc9\xa0\x37\xa1\xc4\xbf\x8c\
\x5e\xef\x11\x90\x88\xe3\x05\x48\x00\x84\x6c\xf1\x8f\x5a\xe7\xaf\
\x7c\x51\xaa\x6a\x33\xcb\x6b\x0c\xd7\x97\x2a\xdc\x6c\x86\x2d\xbf\
\x81\xc8\xf6\xae\xdb\x44\xf0\xd8\x7b\xc9\x25\xb9\xb7\x8c\xec\x3b\
\x76\x95\x1f\x37\x5e\x7a\x75\xcd\x6a\x5e\xc5\xad\xc2\x76\xd9\x5a\
\x40\x81\x47\x1e\x41\x55\xcf\x1d\xfb\xe6\xb9\xa8\xd0\x9b\xd6\x6d\
\x99\xdb\xb9\xe7\x57\x7a\x27\x88\xf5\x81\x6e\xd7\x10\x4b\x1a\x98\
\xc2\xee\xb9\x90\xe0\xe4\x9c\xe4\x7e\x3e\x9c\xfe\x14\x69\x3a\x2f\
\x92\xf7\xf0\x49\xab\xac\x2c\xa1\x63\x2a\x9d\x18\xe3\x24\x1c\xfb\
\xe0\x11\x52\x6b\xf7\xfe\x26\x95\xe4\x49\x74\xb9\xe4\x8e\x33\xb7\
\x32\x46\x48\xe3\x23\x20\x93\x93\x9e\x3a\x57\x28\x34\x7d\x72\xf2\
\x45\xb8\x36\xd1\x46\xc1\xce\x43\x1d\xaa\xa0\x80\x07\x19\xc7\x6a\
\xd6\xd1\x43\xd5\x1e\x99\x69\x2f\x83\xad\x6d\x62\xb5\x92\x2b\x36\
\xba\x55\x08\xcf\x1c\x3b\x8e\x7b\x9e\x47\xf3\xac\xeb\x99\xfc\x2b\
\x04\xf9\xda\xb9\x2c\x4f\x99\xe4\xed\xdb\xc6\x00\x0b\xd3\x9e\xb5\
\xcc\xd8\x78\x6b\x55\x10\xb6\xf9\x04\x99\x39\x3f\x67\x42\x7f\x5c\
\x56\x82\x78\x2f\x51\xc3\x3c\x56\xf3\x6f\x73\x96\x76\x23\x8f\xae\
\x4d\x61\xed\xa5\xcd\x64\x82\xed\x9d\x65\x86\xa5\x6f\x22\x8b\x66\
\xb9\x89\xe2\x5e\x23\x7d\xff\x00\x31\xf5\xdc\xa0\x0d\xbe\x95\x75\
\x6d\xe4\xb2\x01\xe0\x0a\xf6\xc7\xaa\xe4\x02\x83\x92\x4a\x80\xa4\
\x92\x7d\xeb\xcf\x57\xc3\x17\xef\x77\x72\x96\xfe\x4b\xcb\x18\x5d\
\xe5\xa4\x23\x19\xfc\x3d\xab\x5d\x74\x3d\x4b\x4e\x80\x4b\x7b\x78\
\xf6\xf1\x2f\x2c\x51\xbe\xef\xd3\x82\x4f\xe5\x5d\x50\x97\x90\xce\
\xa0\x40\x93\x11\x77\x63\x84\x76\x00\xb0\x6e\x37\x01\xce\xd2\x5b\
\x3f\xa0\xa6\xb8\x8e\xf3\x09\x71\x1e\xdb\x98\x94\x39\xf2\xcb\x48\
\x15\xb3\xfc\x27\x00\x1f\xa7\x5a\xa3\x6b\xa7\xc8\xf1\xc8\x0d\xd5\
\xc3\xca\x14\x3a\xbe\xe6\xe4\x63\x20\x74\x03\xa7\x43\xf9\xd4\x13\
\xa6\xad\x3c\x09\x0c\x45\x2e\x65\xdc\x48\x12\xed\xfd\xda\x8e\x84\
\xf3\xd4\x1c\x9c\x8e\x82\xb5\x7a\x6a\x06\xb1\x77\x86\x2d\x97\x91\
\xb1\x88\x28\x51\x2f\x3b\x99\x8f\xf7\x95\x17\x23\xea\x29\xdf\x65\
\xb9\xb5\x59\x3e\xce\x0c\xb1\x60\x22\xa0\xf9\x36\x0c\xf3\x86\x39\
\x27\xf1\xac\xc1\x6b\xac\x42\xf2\x4d\x73\xab\x2d\xb4\x40\x7c\xc7\
\x61\x6d\xd8\xeb\xc6\x3a\x56\x95\x94\x12\xdb\x43\x1c\x96\xe5\x59\
\x5f\xe7\x29\x12\x8d\xb3\x1c\x7d\xec\xed\xc2\xe7\x8e\x9d\xe9\x27\
\x71\xd8\x8a\xee\xc2\xd7\x58\x8e\x6c\x97\x20\xb6\x0e\x23\x60\xe1\
\x87\x7c\x91\x8e\xd8\xe9\x5c\xc4\xde\x0e\x88\xcf\x1c\x66\xe9\x11\
\xe4\x38\x08\xf0\x97\xe7\xea\xa3\x1f\x9e\x2b\xb0\x51\x15\xdd\xd4\
\x29\x31\x85\x75\x05\x52\xc0\x34\x9e\x63\x2f\x6f\x94\x85\xc1\xfd\
\x0f\xb5\x4b\x9b\x88\x55\x61\xb8\x46\x96\xdb\x0d\xe6\x5c\x49\x22\
\xa7\xfe\x38\x17\x9f\xe7\x51\x2a\x6a\x5b\x87\x29\x8f\xa4\x68\xd7\
\xda\x3d\xba\x21\xba\x85\xa0\x55\xc2\xc6\xd1\x31\x28\x33\xc9\x5e\
\xde\xf8\xad\x98\xa2\x8a\x58\x56\xea\xdd\x9a\xea\x7d\x84\x24\x8e\
\x9e\x51\xeb\xd0\xf0\x30\x3f\x0a\x65\x94\x0a\x52\x1b\x9d\x3e\x75\
\xfb\x30\xce\x22\x88\x0d\xaf\xf8\x91\x90\x7f\x23\x51\x5e\x4d\x6f\
\x09\x8a\x7b\xc1\x1d\xb5\xf1\x25\x62\x26\x4d\xed\x9c\xf0\x33\x8c\
\x01\xf5\xab\x4b\x95\x58\x69\x22\x7c\xc5\x33\xf9\x33\xbb\x2d\xcb\
\x8d\xe1\x64\x4f\x39\x23\x6e\x9f\x29\xc0\x14\x5d\x7d\xcf\x2e\xf2\
\x29\x44\x11\x80\xe9\x2c\x4c\xdc\x91\xfe\xca\xf3\x4d\xb8\x1a\x8f\
\xd8\xfc\xb3\x12\x5c\xc6\x00\x05\xa7\x7d\xa1\x81\x3d\xc0\xe0\xf5\
\xaa\x8b\xa9\xb5\x9d\xfb\x69\x76\xd6\xd7\x4b\xe5\x1d\xbb\xed\xe0\
\xf3\x22\x24\x8e\x80\x82\x31\xf5\x34\x94\xae\xc0\xbd\xb6\x63\x03\
\x3c\x78\xbc\x57\xf9\x93\x72\x88\x4a\x0f\xae\x33\xf9\xd3\x22\x29\
\xe6\xad\xad\xb4\xae\x02\x72\xd1\x49\x0b\x49\xbb\x3d\x83\xb7\x1f\
\x91\xaa\xb7\xf6\x77\xf6\xb7\xd6\xb2\xbc\x9a\x78\xb9\x98\xec\x53\
\x24\x86\x37\x03\xd3\x24\xfc\xc7\xda\xaf\xea\x76\xf2\x3c\x1e\x53\
\xcc\x6e\x25\x2b\x97\x88\x82\xa8\x07\xa9\x23\x8a\xab\xd8\x11\x14\
\xad\x1c\x3e\x64\xf3\xac\xb6\xcc\x06\x03\x65\xa5\x0c\xbe\xbb\x47\
\xf8\x54\x4d\x68\xe6\xde\x3d\xd1\x3c\xea\xc7\xf7\x93\xc6\xc2\x0c\
\x8f\x5c\x03\x9c\xf4\xaa\xf6\x92\xdd\x59\xc9\xf6\x58\xec\xae\xb6\
\x05\xcb\x22\x38\x2b\x18\x3d\x36\xf3\xf5\xc5\x5e\xb7\xd1\xaf\x26\
\xbc\x59\x93\x4f\x91\x24\xfb\xbe\x74\xd7\x2c\x0e\xdf\xa0\x26\xa3\
\xda\x21\x95\x26\x8a\x3d\x48\xbd\xb8\x9d\x6e\x23\x4c\x66\x1f\x27\
\x61\xc9\xef\xb8\x9e\xb5\xcd\xdd\xf8\x2b\x4b\xb9\x78\xd4\xd9\xc7\
\x6b\x71\x21\xd8\x8a\xce\x09\xdc\x4f\x04\xed\x38\x23\xf2\x35\xab\
\xaa\xf8\x8e\xdf\xcd\xf2\xe2\x96\x69\x63\x0c\xd1\xb1\x5b\x46\x3f\
\x77\x8e\x72\x40\x6a\xea\x3c\x37\xa5\x44\x2d\xd2\xfa\xed\x8c\xb2\
\x3a\x8f\x21\x5e\x13\x18\x89\x3f\xdd\x3d\x09\xa6\xf5\x41\xb8\xfd\
\x27\x44\x83\x4a\xd3\xe0\xb5\x8a\x38\x95\x62\x40\x9f\x28\xe0\x9e\
\xe7\xf1\x35\xa6\xaa\x53\xa8\x00\x7b\x0a\xb2\x4a\x63\x00\x7e\x54\
\x87\x71\x3c\x03\x8f\x73\x9a\x85\x12\xee\x33\x68\xec\x01\xfc\x29\
\xb8\xe7\xa5\x48\x43\x11\x5c\xfe\xbb\xa9\x7d\x99\x5e\x1d\xe2\x28\
\xd6\x31\x24\x8e\x4e\x3e\x5c\xe3\xf2\xe0\xe6\xa8\x4d\x91\x6b\x1a\
\xbc\x29\x1b\x1f\x30\x25\xac\x40\xb4\xb2\x1e\x01\x03\xfa\x67\x1f\
\x53\x5e\x7d\x73\xaf\x25\xe4\xf2\x35\xb6\xa9\xaf\x5a\xc3\x26\x31\
\x0c\x16\xca\x17\x1d\xff\x00\x8b\x9c\xd1\x2b\xdf\x78\xc3\x50\x16\
\xf0\x17\x8b\x4f\x88\xef\xcb\x2f\xde\x1d\x99\xbf\xa0\xac\x79\x6d\
\x66\xb4\x95\xa2\x70\x4b\xa3\x61\x81\x38\xcd\x5a\xbc\x75\x30\x95\
\x4e\x87\xa9\xf8\x35\x61\x9b\x48\x13\x0b\xdb\xab\xb9\x0b\x90\xed\
\x77\x80\xea\x47\xf0\xed\x1c\x0f\x6f\x5a\xe8\xfc\xc3\x23\x15\x80\
\x2b\x15\xea\x48\xe0\x7e\x3e\xb5\xe6\x3a\x4e\xa7\x14\x93\x31\x58\
\x5a\xc9\xd8\x00\x36\xb0\x55\xce\x31\xd4\x7f\x5a\xe9\xa0\xd6\x35\
\x4b\x55\x02\x3b\x85\x92\x30\x38\x12\x44\x0f\xea\x31\x5d\x30\xd5\
\x1e\x6d\x4a\xd6\x96\xa7\x5f\x1c\x0a\x0e\x66\x26\x46\xea\x33\xc0\
\x1f\x85\x59\x27\x6a\xf0\xa0\x7b\x57\x20\xbe\x29\xbd\x4d\xc1\xac\
\xed\x9b\x6f\xf1\x07\x61\xd3\x3e\xc7\xfb\xa2\xa5\x1e\x2f\x9c\xe5\
\x1b\x4e\x4c\xf4\x24\x4f\xc7\x5c\x7a\x7d\x29\xf2\xb0\x55\xe0\xba\
\x9d\x41\x76\xeb\xc7\xd7\x35\x5a\x5b\x1b\x79\x66\x13\xbc\x11\x3b\
\xf4\xdc\xcb\x9a\xe5\x25\xf1\x8c\xe0\x3b\xff\x00\x67\xa1\x00\x64\
\x62\x7e\xf8\xcf\xa5\x45\x71\xe3\x4b\xf8\xe1\x72\x96\x36\xe9\x85\
\x3c\xb4\x8c\xdc\x8c\x7d\x3d\x6a\xb9\x24\x0f\x11\x05\xd4\xee\x21\
\xf2\x82\x10\xa8\x8b\xc7\x20\x0c\x50\xdc\x0c\xf5\x1e\xb5\xe6\x9f\
\xf0\x96\xeb\x57\x17\x11\xb0\xb8\x86\x15\x65\x24\xac\x70\x83\xeb\
\xdc\xfd\x2b\x26\xe3\x51\xbe\xbe\x95\x1a\xe6\xee\xe2\x62\xc4\x92\
\x1a\x42\x07\xe4\x38\xed\x47\x23\x33\x96\x32\x09\x68\x7a\x85\xce\
\xbd\xa6\x5a\x29\xf3\xef\x60\x5f\xf6\x77\x02\xc7\xe8\x05\x73\x7a\
\x8f\x8f\x21\x00\xae\x9d\x6c\xce\x48\xe2\x49\xbe\x51\xf9\x75\xae\
\x19\xdd\x51\x63\xdb\x80\x72\xc7\x20\x75\x27\x8a\x86\xe2\x46\x04\
\xa0\x03\x80\x01\xaa\x50\x4b\x53\x9e\x58\xb9\x4b\xe1\x34\x35\x0d\
\x62\xf7\x52\x95\x7e\xd7\x72\xf2\xf3\x90\x9d\x11\x7f\xe0\x22\xb1\
\xf5\x2d\x12\x7d\x4e\xed\x65\x85\x62\x72\xb1\x85\x2b\xf6\x84\x57\
\x07\x27\xf8\x4b\x03\x4f\x89\x77\x48\x32\x3a\x90\x07\xb9\xf4\xaf\
\x4f\x83\xc2\x3a\x3c\x9a\x74\x31\xdf\xd9\x5b\xdc\x4e\x17\xf7\x8e\
\xe9\x92\x4f\xa6\x7d\xa9\x54\x6a\xc7\x46\x0b\x9e\x55\x1c\x99\xe3\
\x77\x5a\x0d\xed\x8a\xef\xb8\xb2\xbd\x85\x33\xf7\xfc\xb6\x2b\xf9\
\x80\x45\x55\x47\x92\x31\xfb\x8b\xe9\x17\xe8\xdc\xd7\xb2\x9f\x05\
\xd8\x40\xcc\xda\x6d\xe5\xfe\x9c\xe4\x63\xfd\x1e\x63\xb7\xf2\x39\
\xac\xeb\x8d\x27\x56\xb4\x7f\x32\xe6\xd3\x4f\xd7\xa1\x4e\x49\x78\
\xc4\x37\x2a\x3d\x43\x0e\xa6\xb9\x9d\xcf\x5e\xe7\x9d\xc3\xa9\xeb\
\xb6\xed\xbe\x1d\x4a\xec\x1c\x75\x25\xbf\xc6\xaf\x43\xe2\xff\x00\
\x12\xc6\x8c\xa3\x51\x32\x29\xea\x24\x39\xcf\xe7\x9a\xf4\x6d\x27\
\x58\xd1\xaf\x33\x69\x6e\xff\x00\x60\xbb\xfe\x2b\x4b\xb4\xf2\xe4\
\x27\xd9\xfa\x35\x6a\xbd\x8d\xbe\x76\x5c\xd9\x46\xc4\x8f\xf9\x69\
\x12\x9c\xfe\x62\x9d\xfb\x96\x91\xe6\x71\x7c\x45\xf1\x24\x72\x07\
\x91\x61\x99\x80\x23\xee\x01\xfc\xb1\x57\xa3\xf8\xa5\xa8\x2a\x4a\
\x93\xe9\x80\xef\xc9\x2c\xb9\xe3\x23\x1e\xf5\xda\xcb\xe1\xfd\x0a\
\xe0\x7e\xf3\x48\x83\x77\xaa\x8d\xa7\xf4\x35\x42\x7f\x03\x68\x53\
\x7d\xdb\x79\xe2\x3f\xec\x4c\x7f\xad\x0d\xa1\x99\x2b\xf1\x53\x4b\
\x96\x48\xfe\xd5\x61\x2c\x6a\x33\xd3\x07\x24\x81\xcf\x20\x55\xf8\
\x7c\x7b\xe1\xcb\x81\x70\xeb\x70\xf1\xc8\x41\x08\x0a\x9f\x4e\x07\
\x19\xee\x2b\x3a\xeb\xe1\xc5\xa3\x93\xe4\x6a\x17\x11\xff\x00\xd7\
\x44\x0f\xfc\xb1\x5c\x84\x1e\x0f\xb8\xd4\x35\x1d\x42\xd2\xd8\x40\
\xcd\x67\x20\x52\xce\x76\xef\x04\x9e\x47\xa7\x4e\xf4\xb4\x60\x7a\
\xa4\x17\xfa\x45\xe9\x86\x1b\x5b\xf8\xdc\x36\x58\x85\x94\x67\x70\
\x20\xff\x00\x32\x6a\xe3\x26\xe6\xfb\x46\xf1\x8d\xde\x42\xa9\x1f\
\xed\x63\x35\xe1\x23\x45\xba\x37\x77\xd6\xf6\xb1\xcc\xf3\x58\xb6\
\x2e\x44\x44\xb7\x97\xfe\x7d\xa9\x6d\xf5\x9d\x6f\x4c\x2a\x21\xbe\
\x9d\x02\x90\xc1\x18\x91\x82\x3a\x71\xd3\xf4\xa1\xc5\x07\x31\xe9\
\x1a\xde\x97\xe2\x99\x4d\xcc\x76\xb7\xf6\xe6\xc5\x18\xb3\x46\x1b\
\x61\xda\x79\xc1\x24\x73\x5e\x5b\xe2\x01\x2a\xee\x85\xa3\x2a\x02\
\x80\x70\x01\xf9\xb3\xed\x5d\x01\xf1\xce\xb1\x73\x69\x71\x0d\xea\
\xc5\x20\x9b\x0a\x5b\x18\x6e\x9d\x72\x3d\x85\x72\xda\xb5\xfc\xd3\
\x3a\x05\x1b\x00\x00\x6d\x1d\x3e\x51\xc5\x72\x55\x8a\xe6\xd0\xce\
\x4c\x8b\x52\x91\x1e\xde\xd8\xe0\x84\x64\x18\x1d\xf3\x8a\xa5\x38\
\x29\x2f\x96\xac\x4e\x70\x59\x7b\xf6\xa8\x66\xba\x49\x5e\x25\x2e\
\x4e\xc1\xf3\x67\xa8\x23\xb7\xe7\x52\xc4\xc9\x36\xa2\xa8\x7e\x66\
\x04\x96\x39\xea\x47\x20\x7d\x2a\x54\x6c\xac\x16\x26\xba\xb8\x93\
\x25\x17\x0a\x88\x36\x80\x47\x61\xd6\x8a\xaa\xe5\xe4\x96\x59\x18\
\x06\x25\x88\xeb\x8e\x7d\x28\xab\x8c\x55\x84\x76\x76\xbe\x12\xbf\
\xbd\xb5\x77\x6d\xca\xcb\x19\x76\x40\x09\x03\x8c\x81\x9c\x63\xff\
\x00\xaf\xc5\x5d\xd0\x34\x1d\x3a\xfa\xf6\x38\x83\x49\x38\x99\x08\
\x12\x21\x2a\x23\x97\x92\x03\x7e\x02\xad\xd9\xf8\xdd\xa2\xd0\xcc\
\xae\xe0\xcd\x1b\xac\x6d\xf3\x72\x17\x07\x07\x07\xdf\x14\x4f\xaa\
\x9b\x25\x83\x51\x88\xad\xbc\xd7\x37\x1b\xdc\x2a\x91\xbc\x6d\x18\
\x23\xb7\x73\xf9\xd3\x51\xd0\xd2\xd6\x2a\xdf\xda\xdb\x68\xf2\xc6\
\x2e\x77\x5d\x24\xab\x87\xcb\xe5\x63\x39\xea\x0f\x51\xf4\xae\x76\
\xc3\x6d\xc6\xb3\x24\xb2\x62\x00\x80\xb3\xc2\xaa\x46\x41\xee\x3b\
\x73\xef\x57\x35\xa9\x9a\xef\x1a\x9c\x3a\x94\x6d\xfe\xad\x8c\x65\
\xb9\x0c\x41\xce\x3d\x40\xe9\x8a\xc5\xb7\x8a\xe7\x7c\x8e\x0c\x92\
\x26\xe1\xc2\x82\x53\xd8\x74\xcf\x5a\xc2\x6b\x47\x73\x36\x77\x6b\
\x7b\x6e\xfa\x68\x88\xae\xe7\x50\x44\x51\xab\xe3\x66\x71\xd4\x77\
\x35\x63\x4c\x76\x79\x8c\xf1\x3f\x96\x03\x2e\xe1\x2b\xe4\xfb\x81\
\x8f\xe5\x5c\x45\xac\x97\x51\x5d\x4e\xaf\xb4\x36\xef\x9d\x9d\x72\
\x54\xf7\xf7\xab\xab\xa8\xca\x25\x0e\x8b\xb7\x63\xab\xb3\x86\xc6\
\x4f\x4f\xe5\xc5\x73\x72\xd8\x93\xd9\x2d\xf5\xe7\x31\x34\x52\x40\
\x63\x8f\x3e\x59\x57\x4c\x7c\xbd\xfa\xf3\x9c\x7a\x57\x1f\xe3\x2d\
\x57\x4f\xd2\xe0\x6d\x25\x60\x12\xcb\x2c\x4a\x4b\x9e\x7c\xa1\x8e\
\x80\x0e\x84\x8a\x86\xcb\x5c\xb6\x9a\xd9\x5b\x5d\xb9\x58\x5e\x35\
\xc2\x14\xc9\xe4\x70\x01\x1d\x77\x63\x1c\xf4\xad\x2b\x0b\xcd\x1a\
\xe2\x51\x3b\xdb\x47\x7a\x57\x71\x7d\xd6\xdb\x86\x00\xe0\x03\x8e\
\xa7\x20\xd7\x5c\x6f\x28\xd9\x97\x7b\xee\x70\xfa\x3d\xd5\xfc\x91\
\xc7\x68\x85\xfe\xcc\x36\xb4\x98\x21\x43\x6d\x39\x00\x9e\xa7\xff\
\x00\xad\x5a\xd2\x5f\x9b\xc9\xa4\xb5\x9a\x08\xd8\x15\xc0\x6e\xea\
\x47\x4e\x6b\x4e\xe3\x55\xd3\x13\xc2\x73\x5b\x5b\xdb\x2c\x57\x1e\
\x74\x91\xb9\xda\x03\x00\x5c\x91\xf9\x0a\xe3\xed\xbe\x7b\x97\x59\
\x18\x49\x1c\x8c\x11\x54\x12\x0f\x27\xd0\x7b\x57\x2d\x48\x7b\xc4\
\xbd\xcd\x4b\x4f\x0e\xeb\x12\xa0\x9a\x28\xa2\xcb\x00\xc2\x4c\x00\
\xae\x9d\x49\xf9\x88\xe3\x07\x35\x03\x37\x90\xf3\x2b\xdc\x79\x44\
\x2e\x77\x77\x07\x38\xe3\xf0\xad\xe8\x2f\xec\xac\xb4\xeb\x6b\x76\
\x92\x46\x39\x90\x14\x55\x1c\x0c\x70\x0b\x37\x6a\xe3\xf5\x18\x84\
\xfa\xa4\x93\x6e\x61\x1c\x83\x29\xb4\xe7\x07\x3c\xe7\x8f\x7a\x6d\
\x2e\xe0\x76\x3a\x54\xb0\x69\xf7\x31\xea\x32\x34\x93\x4e\xc6\x27\
\xb9\x32\xb6\x43\xaa\xb0\xda\x06\x79\xce\xe1\xd7\xda\xba\xab\xaf\
\x1a\x83\x0c\x2a\x6c\xe0\x49\x06\xc6\x25\xe6\xcb\x61\xb9\xe8\xa3\
\xd2\xbc\xb8\x46\x5d\x84\x22\xfb\x7a\x79\x63\x0e\xd9\xf9\x4f\x3c\
\x7f\xf5\xaa\xdc\x96\x04\x5b\x80\x27\x89\xc8\x8f\x23\x2d\xfa\x73\
\xd4\xd3\x55\xe5\x1d\x87\x73\xaf\xba\xf1\xdd\xcd\x93\x2a\xc3\x34\
\x48\xcc\xd9\xdb\x1c\x05\xcb\x7a\x03\xb8\xe7\xf2\xa2\x0f\x1f\x7d\
\x82\x44\x2f\x68\xf2\xba\x87\x6c\x28\x08\x06\xfe\x4e\x7f\x5f\xce\
\xb9\xa9\x34\x19\xa3\x81\x64\xb8\x7f\xbc\x10\x62\x32\x08\x19\xed\
\xfc\xeb\x5d\x74\xad\x3b\x7a\xcb\x24\x46\x6d\xcb\xc3\x33\x1c\x30\
\x1c\x1e\x9d\xaa\x25\x8c\x94\x02\xe7\x5f\xa0\xf8\xd6\xce\xee\x79\
\xe3\x96\xde\x78\xda\x49\x3c\xd5\xc2\xef\x07\x20\x64\x64\x75\xe9\
\xfa\xd7\x42\x35\xed\x2e\x74\x31\x3d\xd2\xc7\xbc\x11\xfb\xc0\x57\
\x83\xf5\xaf\x34\x97\x59\xb3\xb6\x8f\xc8\x82\x4c\x03\xc0\x48\x93\
\x6e\xef\xcb\xad\x57\x3a\xeb\xa1\x58\xfe\xc7\x28\x55\x20\x11\xe5\
\x37\x4f\xc4\x71\x49\x63\x6b\xc9\xfb\xb1\xd0\x7c\xc7\xa7\xe8\x13\
\x45\x3e\x98\x92\x89\xe2\x92\x47\x67\x2c\x54\xff\x00\xb4\x40\x1f\
\x90\xad\x61\x19\x5e\x57\x07\xfd\xd1\xfd\x6b\xc3\xad\x75\x8b\x88\
\xa0\x50\x6c\x59\x18\x17\x39\x75\xeb\x92\x48\xc5\x5b\x1e\x26\xd5\
\x6d\xd8\x22\x5c\xfd\x9b\x77\x61\x21\xe3\xf0\x26\xba\x63\x8b\x9a\
\x76\x94\x46\x99\xea\xfa\xa5\xd1\xb3\x82\x36\x08\xee\xf2\x37\x97\
\x1a\x2f\x3c\xfd\x32\x33\xf8\x57\x27\x7f\x2d\xfc\x8f\x1c\x8f\x15\
\xbc\x6f\x19\xdc\x0c\xb0\x6d\xff\x00\xc7\x57\x93\xf9\xd7\x39\x71\
\xe3\x3d\x42\xe2\xc5\xad\xae\x76\x5f\xc4\x47\x11\xbc\x03\x1e\xc7\
\x77\x5c\xfd\x31\x58\xe3\xc4\xda\x94\x52\x86\x3a\x7c\xaa\x07\x43\
\x1d\xc8\x6f\xd1\xc3\x7f\x3a\xe8\x85\x45\x35\x7b\x03\x67\x7d\x6d\
\xba\x58\x8b\x45\x0d\xca\xab\x13\x95\x5b\x69\x10\xaf\xb1\x2c\x73\
\xfa\x0a\xae\x90\xbe\x9a\xe8\xae\x00\xb6\x27\x80\xc9\x34\xce\x8c\
\x4f\x7e\x71\xb7\xf9\x57\x23\x6b\xe2\xcb\x53\x2b\xbd\xdb\xea\x30\
\xbb\xed\x0c\x4d\xaa\x48\x38\xe9\xd1\x85\x6d\xc7\xe2\x7d\x15\xad\
\x4c\x76\xda\xc4\x06\x72\x38\x86\x7b\x56\x84\xbf\x60\xbb\x86\x79\
\x27\x8a\xd1\x72\xad\x81\x1d\x1d\xcd\x9c\xb2\x85\x93\x64\x81\xe2\
\x3b\xa3\xde\x1e\x25\xcf\xa1\x00\xf2\x3f\x3a\xab\x68\x66\x20\x43\
\x2a\xc7\xe7\x22\x86\x90\xc7\x0c\xae\x18\xff\x00\xb0\x5b\xa8\xfe\
\x55\x62\xcc\x69\x97\x2d\x68\x96\xfa\x9c\x6f\x1f\x95\xbd\xb0\xca\
\x36\xfa\x28\xcf\x39\xce\x7f\x2a\xde\x86\xce\xde\x2e\x73\x29\x07\
\xb1\x90\x81\xfa\x53\xd0\x67\x32\x6c\xee\x2d\x24\x2f\x1a\xb3\x5b\
\xb4\x9e\x64\xc2\x76\x94\xb7\x4c\x7c\xa0\x7e\x1c\x77\xa7\xbc\x49\
\x79\x6c\x15\x9e\x45\x04\x07\x02\x2d\xd1\x7b\x8c\xf7\x07\x8e\x95\
\xd6\x2c\x36\x98\x38\xb6\x8d\x80\xfe\x26\xaa\x3a\x65\x8d\xa5\xe6\
\x8b\x12\xcf\x6f\x0b\x92\x5b\x71\xc7\x27\xe6\x23\xa8\xa0\x76\x31\
\x20\x69\xf7\xc8\x6e\x16\xd2\x22\xce\x4a\xb8\x77\x7c\xaf\xbf\x3f\
\x2f\xf2\x35\x13\xb1\x8b\xcd\x92\xda\xe2\x39\x25\x95\x42\x91\x71\
\x3b\x2a\x0c\x74\xc2\xf3\x83\xef\x5b\xb2\xe8\xfa\x0a\x4a\x37\xb2\
\x23\x0f\x99\xa3\x13\x1c\x11\xd3\x95\xe7\x8c\xd5\x09\xa1\xb5\x82\
\x5f\x3f\x4f\x96\x12\xa0\x61\xe2\x16\x80\xab\x60\xff\x00\x79\xb0\
\x05\x00\x37\xcf\xb7\x9e\x16\x8c\xdc\xa0\x4c\x65\x84\x2e\xdc\x7f\
\xc0\x87\x5a\x60\xb8\x7b\x50\xbb\xbc\xa3\x64\x88\x71\x2c\x92\x3b\
\x4a\xbe\x9d\x46\x18\x7e\xb5\x5a\x2b\x5b\x4b\x8b\xff\x00\xed\x08\
\xa4\xb5\x95\x15\xdd\x43\xc0\x76\x6d\x6e\x9b\x70\xbc\x7e\x75\x6c\
\xde\xcd\x13\x39\x6b\x78\x85\xa6\xdf\x96\x59\x2e\x49\xd9\x8e\xbb\
\x81\xed\xee\x09\x3e\xd4\x0c\x62\x4b\x63\x76\x21\xbd\xb6\xbe\x92\
\x43\xc8\x45\x59\x99\x10\xfa\xa9\x5c\x7e\x84\x66\xa2\x7b\xd3\x6b\
\x6c\x57\x52\x68\x21\x9c\xbe\x14\x47\x23\x30\xc1\x3d\x89\x5f\x94\
\xfd\x78\xf7\xa6\x5c\x7c\xef\x15\xd2\xdd\xbf\x42\xd1\x9b\x5b\x91\
\xe5\xb2\x9f\xc3\x69\x1f\x81\xfc\x2a\xcc\x37\x57\xd2\x2b\x46\x6c\
\x58\x49\x9c\xe2\x27\x32\x80\xbd\xb3\xc0\x00\xfb\x73\x40\x19\x12\
\xc9\xa9\x5e\x46\xf6\x70\x22\xa5\xab\x91\x22\xac\xf1\x39\x70\x37\
\x67\x96\xce\x33\xef\x93\x9a\x83\xfb\x2e\x1b\xed\x4b\x64\xba\x9c\
\x31\x5c\xab\x07\x22\xda\xd8\xc6\xc7\x9e\x46\xfe\x77\x7d\x2b\x6e\
\x3b\x5d\x42\xde\x56\x94\x5b\x6a\x73\x2b\x9c\xb4\x6f\x30\xda\x4f\
\xb0\x3f\x77\xf0\xa4\xbc\xba\xb8\x58\xfc\xb7\xb4\xb9\x80\x11\xc1\
\x90\x93\x8f\xf8\x10\x04\x54\x7b\x35\xb8\x8c\x9d\x5b\x40\xfe\xd7\
\xb9\xfb\x45\xcd\xf5\xbc\xf0\xdb\x93\x1c\x24\xa3\xab\xc6\xbd\xf2\
\xdd\x77\x7b\x9e\x95\x6b\x49\xb3\xd3\x6d\x22\x5b\xbd\x26\xf2\x69\
\x9d\xbe\x4b\x81\x36\xf7\x53\xb7\xae\xd3\xd4\x11\x8e\x33\xc5\x11\
\xc9\x3c\x56\x2a\xb6\xde\x6d\xf2\x67\x2a\xdf\x6d\x19\x51\x9c\x9c\
\x39\xeb\xf8\x8a\x9a\xe1\x7e\xd7\x09\x86\x29\xda\xdb\x72\xe4\x84\
\xba\x09\x28\x1d\xf8\xc6\x4f\xd4\x55\xa4\x81\x1a\x03\x50\xb1\xd2\
\x3e\xd5\x75\x3b\x14\x49\x48\x76\x72\xa7\xa8\x18\xc6\x31\x9f\x7c\
\xd5\xd6\xf1\x07\x96\x50\xa4\x4a\xd1\x15\x24\x38\xdc\x73\xe9\x80\
\x05\x62\x8b\xe9\xd1\xe1\x51\x69\x25\xc4\x6c\x71\x24\xcd\x72\xaa\
\x47\xa1\xdb\xfc\x54\x48\xa9\x3c\xe1\xa3\xbe\x75\x92\x16\xdd\xe5\
\x45\x77\xb4\x8c\x8c\x7c\xc8\x07\x3f\x8d\x16\x40\x62\x1b\x4b\x06\
\xd4\xe0\x9e\xfe\xe2\x56\x92\x67\xdc\x60\x29\xb4\x1c\x72\x06\x42\
\xf1\xf8\xd7\x73\x0e\xb1\x18\x84\x3c\xf6\xb2\x42\x33\x8e\x0e\xe1\
\xed\xce\x2b\x05\x2e\xee\x8d\xcb\x44\x6c\xf6\x42\xcb\xc4\xe2\xe4\
\x12\x4e\x7a\x14\x14\x8a\xb1\x79\xaf\x34\x37\x4f\x2c\x9f\x75\xe3\
\x5b\xbd\xeb\xf4\x29\x8c\x0a\x49\x0d\x1d\x2d\xa6\xb9\xa5\xde\xc8\
\xd1\xc1\x74\x3c\xc5\x3c\xab\x29\x5c\xfd\x33\xd6\xb4\xd8\x73\xd7\
\x04\x7a\xd7\x04\xf7\xd3\xc8\x1e\x3b\x98\x0d\xa0\xc9\x11\xbf\xda\
\x43\xee\xff\x00\x80\xff\x00\x09\xfc\x0d\x74\x9e\x1f\x49\x21\xd2\
\x56\x39\x9e\x76\xf9\x89\x46\xb8\x6c\xb1\x07\xfa\x67\xa6\x79\xa1\
\x94\x6b\x33\xae\x08\xc8\xaf\x3b\xf8\x81\x6f\x3c\x91\xac\xbe\x5b\
\x3d\xb1\x01\x66\x0a\x7b\x8c\x91\xd3\xeb\x5d\xfb\x63\x3c\x10\x4d\
\x45\x35\xa7\x9c\xa4\x34\x43\x07\xae\x3b\xd4\x85\xae\x79\x9d\x96\
\xaf\x63\xa4\x59\xf9\x10\xb0\x53\x8d\xcc\xfe\x58\x21\x8e\x07\x71\
\xd7\xfa\x55\x1d\x57\x5e\xd1\xae\x04\xcd\x25\xa1\x92\x76\x6c\x23\
\xc6\xcd\xfb\xb1\x8e\xdd\xba\xf3\xcd\x77\x93\xf8\x3a\xd6\x43\x27\
\xd9\xc7\xd9\x9a\x52\xa4\x80\xbc\x0c\x10\x78\x1d\x06\x6b\x0a\xeb\
\xc0\x36\xe6\x6d\xf3\xcd\x73\x23\xb7\x20\x07\x00\x7e\x82\xb4\xe7\
\x56\xb1\x83\xa3\x77\x73\xcd\x57\x52\x90\x5d\x43\x16\xef\x91\xd4\
\xe5\x0b\x10\xed\xf4\xc5\x55\x7d\x6a\x7b\x2b\x88\x96\xca\xea\xe6\
\xdf\x7d\xd0\x47\x8c\x13\xc2\x94\x18\x3c\xfe\x35\xdf\x5f\x7c\x3a\
\x65\x63\x35\x91\x52\xea\x8c\x9b\x64\x6c\xb2\xe4\x82\x76\x9e\xc6\
\xb8\x8d\x4b\xc3\x77\x16\x97\x69\xf6\x84\x9a\x27\x49\x43\x93\x22\
\xee\x24\x60\x0e\x1b\xe9\x55\x16\xba\x0b\xd9\x2e\xa8\xe9\xb4\x0d\
\x67\x53\xd4\x75\x29\xad\x25\x9d\x48\x58\x5d\xc1\x28\x32\x7e\x5c\
\xf5\xfc\x6a\x24\xf1\x4d\xfa\xdb\x8b\xa7\xb6\x81\xb9\x39\x01\x58\
\x7f\x17\xff\x00\x5a\xab\xe9\x11\xfd\x9f\x5f\x9e\xe6\xdd\xe6\x8a\
\xde\x38\xe6\xc9\x60\x08\xd8\xa1\x46\x78\xef\x59\x29\x37\x95\x66\
\xf1\x89\x93\x61\x57\xea\x1d\x7a\x93\xe8\x7d\xeb\x65\x23\x9e\x58\
\x68\xb7\xb1\xd0\x4d\xe2\x39\x63\xb5\x24\xd9\x46\xe4\xa9\xda\xab\
\x21\xcb\x1c\x01\xe9\xef\x59\xed\xe2\x7b\xa9\xae\x23\xb6\x6d\x34\
\xc4\x65\x90\x26\x4c\x99\xc1\x2d\xf4\xf6\xa8\x26\xbe\x98\xd9\xb4\
\x32\x49\x13\xa2\xa2\xf1\xe6\xb2\xe3\x90\x7b\x8f\x6a\x8d\x6e\x66\
\xba\xd4\x2d\xe3\x62\x9b\x03\x2f\x1e\x78\x27\xe5\xc9\x1d\xaa\xb9\
\xd9\x94\xf0\xb0\xe5\x7a\x1d\x33\x62\x1d\xc7\x77\x29\x16\x33\xee\
\x40\xff\x00\x13\x55\x62\x76\x75\x94\xe4\xe4\x0c\x2f\x3d\xff\x00\
\xce\x68\x9e\x62\x19\xf1\x24\x60\x13\xdd\xd6\xab\xc6\x8e\x2d\xcb\
\x6e\x42\x18\xf5\x0d\xd7\xf2\xad\x79\x97\x53\xc8\xf6\x13\xe8\x87\
\x4d\x28\x33\x8c\x11\xb5\x79\xc7\xd2\xb3\x6f\x35\x48\xad\x43\x2b\
\xb1\x69\x58\x65\x50\x75\x3f\x5f\x4a\x9e\x5d\x3b\x54\xb9\xf3\x22\
\xb6\x45\x46\x2b\xf2\xb3\x86\x24\xfd\x06\x2a\xa4\x1e\x14\xb7\xb0\
\x9f\xcc\xd5\x35\x20\xf3\x86\x56\x60\x80\xb1\xfa\x1f\xf2\x2b\x39\
\xd6\x4b\x63\xbf\x0f\x80\x7f\x14\xcd\x7f\x03\xc3\x2e\xaf\xe2\x4f\
\x3a\x74\xdb\x05\xa6\x24\xda\x0e\x54\x60\x71\xf5\xcb\x1f\xd2\xbd\
\x91\x25\x56\x5c\xf4\xfa\x9a\xe0\x7c\x05\x75\x68\x64\xbc\xb1\xb4\
\xb5\x1e\x5c\x51\xf9\x8b\x2e\x36\xb3\x01\xd8\x9c\x9c\xf2\x73\x5d\
\x7e\xa5\x7a\x9a\x36\x96\x2f\xee\x10\xb4\x40\xa0\x65\x53\xc8\xdd\
\xff\x00\xeb\xac\x5b\xe6\xd4\xf4\xe3\x05\x05\x64\x5e\x96\xe6\x1b\
\x75\x69\x25\x70\xa8\xa3\x24\x8f\x4a\xe5\x93\x50\x92\x3d\x56\x5b\
\xe6\x66\x59\x24\xdb\xf2\x11\x80\x47\x3f\x29\x3f\x4f\xd7\xeb\x5c\
\xe5\xec\xf6\x9a\xc0\x93\xcf\x9c\xc7\x74\x19\xe5\x0e\x27\xda\xa0\
\x12\x70\xbd\x3a\x60\x0e\x2a\x8b\x8d\x6a\x09\xa5\xb4\xfb\x2c\x33\
\xc9\x19\xda\x4a\xcc\xe7\x27\xe9\x9a\xa4\x84\xee\x7a\x35\xe6\x9f\
\xa5\x6b\xd6\xab\xf6\x9b\x6f\x39\x3b\x65\x70\xc8\x7d\x33\xd4\x1a\
\xca\x4d\x3f\xc4\x1a\x22\xb0\xd1\xef\x3e\xdf\x66\x39\xfb\x0d\xff\
\x00\x38\xff\x00\x75\xa9\xfe\x15\xb7\xd4\x61\x2d\x25\xe3\xdb\xc1\
\x1b\x72\x20\x4c\xb1\x27\x1c\xf3\xda\xb7\x6e\x2f\x16\x16\x3f\x3e\
\x58\x8c\x63\xfa\xd0\xe0\xca\x52\x30\xec\xfc\x5d\xa6\xcd\x3f\xd9\
\x6f\x92\x5d\x22\xf4\x75\x8a\xe9\x49\x4c\xfb\x37\xa7\xd6\xb7\x98\
\xbc\x60\x3b\x8c\xa3\x0c\xac\x8a\x72\xac\x3d\x88\xac\x7b\xbf\x2e\
\xfa\x2f\xb3\xdc\x01\x2a\xe4\x9f\x9b\x21\x94\x67\xb1\x15\x9e\x9a\
\x05\xf6\x97\x27\xda\x74\x1d\x42\x68\xdb\x9c\xc1\x70\x77\xc6\xc0\
\xf5\x1c\xd4\xb8\x3e\x86\x8a\x6b\xa9\xd2\x79\xc8\xc0\x9c\xf4\x1c\
\xfb\x57\x11\xa4\x5d\xc5\x63\xab\xeb\xd7\x13\x72\xb2\xcc\x3c\xa0\
\x18\x61\xf9\x6e\xe3\xa5\x74\x90\xe9\xb2\x6a\xd6\x17\x1f\x69\x11\
\xc3\x73\x23\xf5\xb3\x90\xec\x6c\x00\x30\xc0\xf2\x3a\x56\x71\xf0\
\x22\x29\xcc\x77\x8f\x06\xe5\x51\x2a\x2a\xf0\x48\x07\x24\x64\xf7\
\x35\x0b\x4d\xcb\xbd\xf6\x39\x8d\x2a\x28\x93\xc4\x3a\xf5\xdd\xcb\
\xc6\xad\x24\xca\x0c\x61\xf2\xa0\xe4\x81\x9f\xfe\xbd\x68\xab\xc3\
\x7a\x22\x9a\x47\x8a\xe2\x39\x5d\xa3\xda\x53\x23\x76\x70\x06\x0e\
\x39\xad\xfb\x7f\x08\xc3\x01\x9b\xcc\xbb\x9e\x5f\x35\xd5\xcb\x90\
\xbb\x83\x03\x9c\x83\x8f\x7a\xa1\x75\xe0\x9d\x1a\xd7\x4e\x9a\x51\
\xe6\x19\x22\x53\x2e\xf7\xcb\x64\x8e\x7a\x13\x8e\x71\x8a\x6e\x7a\
\x13\xca\x70\xb7\xf3\x68\xf3\x24\xd0\xc5\x65\xe4\x5e\xa9\x03\xe4\
\x6f\x94\x13\xd8\x8c\xe2\xb9\x0b\xd0\xc5\xb9\x60\x5c\x67\x38\x3d\
\xf3\x5d\x47\x89\xf4\x7b\xab\x39\xbe\xd3\x25\xb2\x2a\x4a\xaa\xcb\
\x34\x5c\x2b\x82\x38\x20\x1f\xba\x71\xd8\xfe\x15\xc3\xdc\xca\x7e\
\xd0\xac\x3a\x85\xc9\x3e\xbc\x57\x1b\x6e\x52\xbb\x26\xda\x95\x5e\
\x36\x7b\xb7\xdb\xc9\xdd\x9c\x54\x96\x72\x34\x37\x8a\x19\x80\x2c\
\xf9\x39\x1e\xc7\xf9\xd6\xc6\x89\xa7\x49\x71\x79\x3b\x46\x76\xa9\
\x88\xb3\x47\xcf\xcc\x07\x27\x9f\xc0\xf1\x50\x5b\x2c\x02\xf6\x54\
\x20\x4c\xc7\x0a\x18\x90\xa4\x37\x18\xfc\xb1\xf9\x55\x94\x53\xb8\
\x31\xf2\xd9\x2a\x0b\x9c\x10\xb9\xe9\xda\x8a\xd1\x9b\x4d\xb7\x49\
\x58\x3c\xab\x2e\xf0\x7c\xbd\xab\xbc\x33\x29\x1c\x76\xeb\x9a\x28\
\x15\x8a\xf7\x37\x12\x23\x32\xc4\x8e\xae\xc0\x6e\xe7\x00\x7b\x7e\
\x3d\x78\xad\x59\xe6\x93\x50\x8d\x21\x7b\xb9\x57\xca\x9a\x38\x86\
\x47\xca\x78\x1b\x89\xee\x0e\x46\x29\xbe\x22\xd1\x21\xb0\x1c\x5c\
\xc7\xf6\x8d\xc7\xcc\x80\x03\x94\x6c\x8e\x41\xe8\x6b\x4e\xd0\x69\
\x52\x5b\xc3\x6f\x68\x93\x5c\xde\x47\x1e\x5f\x70\x55\x4e\x39\x25\
\xb3\xc9\x39\xcf\xf2\xa7\x29\x5a\x23\x6c\xbd\x6d\xa0\xe9\x97\xac\
\x8b\x6f\x34\x9e\x60\xcf\xef\x33\x85\x18\xfa\xfe\x75\xaf\x1c\x56\
\x96\x36\x45\x37\x09\x67\x52\x24\x32\xcc\x40\xfe\x1c\x00\xa7\x23\
\x03\x8a\xa0\xed\x02\xe9\xad\xba\xf4\x24\xf1\xb8\x09\x18\x19\x2e\
\x7e\x9d\x85\x55\x9a\x24\xd5\x48\x90\xdc\x49\xe6\xb6\xd5\x07\x23\
\x90\x3b\x1e\xdd\x2b\xc9\x94\x9b\xd1\xb3\x36\x47\xae\xdd\x2c\xf6\
\x56\x92\xc9\x95\x0a\xc7\x76\x00\xdc\x72\x4f\x1f\xe7\xd6\xb9\x59\
\x6e\x63\xb7\x81\xc4\x99\x2e\x49\x1b\x73\xdb\x39\x04\xff\x00\x9f\
\x5a\xea\xb4\xfb\x0b\x69\xed\xcf\xdb\xcc\xb2\x18\xdd\x89\x0a\x7e\
\x55\xc9\x20\x67\x8c\x9f\x6a\xd0\xba\xf0\xce\x9d\x75\x3f\x9d\x0d\
\xb6\x0c\x60\x03\x1a\x0d\xc0\x67\x8c\xd6\x90\xad\x08\x68\xc4\x9a\
\x38\x44\xd4\x65\xb9\x96\x39\xc9\x1e\x64\x67\xaa\xa9\x21\x7f\xfa\
\xf5\x79\x35\x2b\xa8\x62\xf2\x63\x9c\x88\xf3\xc1\x62\x39\xcf\x26\
\xb4\x3c\x47\xe1\xcb\xd4\x99\x63\x80\x30\x0d\xf3\x24\x71\x26\x01\
\x1e\xa7\x1d\x0d\x73\xdf\x63\xbd\xb7\x98\xc3\x2c\x2e\x8d\x8c\xf2\
\x3d\x6b\xaa\x33\x8c\xd5\xd3\x2c\xd2\xb6\xbb\x0d\xe7\x43\x2c\xa4\
\xab\xb1\xc6\x3a\x1e\x41\xab\xba\x79\x10\x42\xac\xee\xad\x32\x92\
\xca\x06\x0f\x27\xdc\x56\x2c\x36\x6e\xb2\x29\x96\x67\xdc\x78\x0b\
\x8c\xd5\xdb\x47\x56\x8f\x9c\xe4\x1c\x8f\x60\x7a\x8f\xce\xa2\xa4\
\x57\x2d\xc1\x96\xde\x7b\xb2\xc1\xe4\xb9\x6d\xa3\x9d\xaa\x30\x29\
\xe9\x79\x24\x46\x27\x2f\x9d\xf2\x6d\x23\x76\x32\x36\x9c\xff\x00\
\x4f\xca\xa0\x66\xde\x02\x00\x7e\x6e\x87\xb5\x22\xd8\xb4\x9b\x41\
\x45\xe0\x16\x04\x9e\xf5\x92\xb7\x51\x12\xac\xb3\x47\x77\x23\x3a\
\xae\xdc\x6d\x52\xbc\x92\x3a\xe6\x9f\x25\xdb\x98\xdd\x55\x1b\x24\
\x74\xef\x44\x30\x43\x14\x18\x9a\x4c\xb1\x1d\x0f\x38\x3e\x95\x2c\
\x6f\x1e\x36\xac\x07\xa9\xe7\xa5\x4b\x57\xd9\x09\x82\xc5\x2d\xc6\
\x18\x2c\xa0\x0c\x67\xe6\xc5\x68\x5a\xb3\xa4\xff\x00\xe9\x32\xb9\
\x88\x02\xa4\x24\x85\x73\xf8\xf6\x15\x0c\x51\xdc\xc9\xb7\xcb\x46\
\x03\xe9\x53\x45\xa3\xcc\xff\x00\x2b\x93\x8c\xe7\x9e\x45\x0a\x9c\
\xc9\x6d\x23\x55\xbc\x5f\x69\xa5\xa2\xc8\x6c\x09\xe0\x2f\x99\x1c\
\x81\xdc\xe3\xd4\x91\x93\x44\x5f\x10\x2c\x66\x0c\xa2\x0b\xcf\x33\
\x19\x54\xd9\xd4\xfa\x55\x75\xd1\x46\xdc\x05\x52\x7d\x71\x4f\x4d\
\x25\xe2\x39\x8d\x82\x1e\x99\x15\xdf\x4e\x4a\x2b\x56\x2f\x68\x88\
\x2e\xbc\x41\xaf\xdf\x0d\x88\xcb\x61\x6c\x4e\x76\x8f\xbe\xc3\xfa\
\x7e\x74\xdb\x6b\x65\x03\x76\xd0\xec\x7a\xb1\xe4\x9a\xbd\x6f\xa5\
\x83\x83\x29\xc9\x1c\xd6\x94\x76\xd1\xaa\x80\xa9\x43\xa9\x12\x1d\
\x4e\xc6\x6f\xd8\x24\x7c\x65\xb0\x3d\x85\x3c\xe9\x07\x83\xbb\xf3\
\xad\x3d\x87\x00\x00\x6a\x7d\xb9\x03\xd8\x56\x4e\x6e\xe6\x7c\xec\
\xc2\x97\x4e\x70\xbd\x01\xc7\xa8\xcd\x67\x4f\x67\xba\x36\xcd\xba\
\x33\x64\x60\xed\xe4\x57\x60\x60\x56\x1b\xb7\xf5\xed\xc7\x35\x56\
\x68\x56\x2c\xe2\x8f\x68\xd1\x4a\x6c\xe4\x26\xd3\xbe\xd1\xe5\x36\
\x59\xd5\x51\x42\xb1\x38\x23\x8e\x83\x1e\xf9\xa9\x62\x86\xfa\xc7\
\xe7\xb6\xd4\xee\xe0\x38\xe8\xb2\x9c\x56\x9e\x9a\xa1\xac\x57\x3d\
\x41\x60\x32\x7b\x66\x9f\x35\x9a\xb7\xcc\x79\x35\xaa\x99\xb7\x39\
\x1d\xa7\x8c\xfc\x4b\xa6\x4a\x92\x1b\xa1\x7d\x12\xfd\xe8\xe5\x5e\
\xa3\xbf\x3d\x73\x5d\xf4\x7a\xea\x6a\xcf\x16\xc9\xae\x96\x39\x62\
\xdd\x0a\x5a\x81\xb1\x89\x03\x28\xe4\xe7\xe7\x07\x3c\x71\xd2\xbc\
\xc6\x78\xa4\x8d\xf0\x53\x81\xd1\x81\xaa\xe2\x6b\xbb\x57\x32\x5b\
\xdc\x34\x12\x1e\x7e\x52\x48\x6f\xf0\xad\x54\xcd\x13\x3d\x46\x65\
\x78\x3f\x79\x18\x96\xc6\x60\xa4\x2d\xcb\xdb\xa9\x71\xf8\xb7\xea\
\x29\xd1\x6a\x71\x5e\xcb\xe4\x3c\xf7\x32\x5e\x6c\x0d\xb5\x60\xc4\
\x72\x76\x3b\x0b\x0c\x9f\xa7\xe5\x5c\xa7\x87\x3c\x43\x26\xb1\x70\
\xba\x7e\xa9\xa9\x4d\x67\xa8\x31\xfd\xd3\x36\x1d\x1f\xd0\x60\xf4\
\x35\xd9\x4b\xa7\xde\xd9\x49\x6c\xd2\xeb\x0c\xd1\xbc\x8b\x11\x71\
\x0a\xe1\x33\x90\x0f\x4e\x39\xc0\xed\xd6\xa9\x3b\xea\x5a\xd4\x8e\
\x49\x26\xb7\x2d\x34\x13\xae\x9f\x27\x0c\xe6\x4b\x50\x04\xa0\x75\
\x0c\x4e\x3f\x4e\x6a\x3b\x6d\x42\xd7\x50\x67\x30\xde\x33\xcd\x0f\
\xde\x51\x6f\xb9\x71\xea\xac\x57\x2c\x07\xd3\x22\x9d\xa9\x69\xda\
\x85\xbd\xd8\xb7\x5d\x42\x59\x65\x90\x62\x3d\xbb\x47\x3f\xed\x7b\
\x00\x09\x27\x9f\xd6\xae\xe9\x1a\x2d\xa5\xc6\x9f\x05\xc5\xc3\x4d\
\x33\xb8\x25\xb3\x29\x0a\x79\x23\xa0\xfa\x51\x70\x33\xe3\x92\x68\
\xee\xf6\xda\xde\x40\x82\x46\x26\x4b\x68\xed\xf2\xf2\xe7\x8e\x3f\
\xb8\x7b\xe7\x8a\xec\x63\x4d\x91\x80\x10\x20\xce\x48\xcf\x7a\x8e\
\xd6\xd6\xd6\xcd\x36\xdb\x5b\xa4\x43\xfd\x95\xc1\xa9\x98\xfe\x54\
\x0d\x21\x0e\x4d\x31\x8e\x14\xf6\xa7\x85\x18\xcf\x34\xb8\x90\xf4\
\x1c\x52\xb8\xec\x64\xc9\xa4\x58\x5d\x3b\xf9\xb0\x28\x90\x1d\xde\
\x62\x12\x8c\x73\xea\x47\x5a\xa3\x73\xe1\x68\x26\x9d\x66\x8e\xea\
\x65\x95\x7e\xec\x92\x05\x91\x87\xd0\x91\x9a\xe8\x36\x6c\x9c\x65\
\x47\xcd\xf2\xd4\xe6\xdd\x70\x77\x21\x14\xc4\x72\xff\x00\xd8\x77\
\x9b\x88\x6b\xf8\xdc\x77\x2d\x6c\x01\x3f\x88\x35\x04\x5a\x19\x13\
\xb4\x65\x6d\x6d\xe7\x89\xb7\x17\x58\x3e\x66\x52\x38\x60\xd9\xc9\
\x1c\x1f\xa6\x2b\xac\xf2\x51\x4f\xcd\xb8\x0a\xc7\xf1\x25\x92\x4f\
\x6f\x6e\xe9\x34\xa8\xfe\x72\x45\xbc\x36\x0e\xd6\x3f\x32\xfd\x0e\
\x05\x26\xc2\xc5\x4d\x3b\x4a\x9e\xee\xd8\x4f\x71\x34\x50\xc5\x27\
\xcc\xa1\x50\x6f\x61\xd8\x9e\x30\x38\xab\xb6\xde\x1d\xb1\x8b\xcc\
\x31\x79\x83\x78\xf9\xb6\x00\x9b\xbf\xef\x91\x5b\x2b\x0a\x46\xbc\
\x22\xf1\xc0\xe2\x9c\x0c\x9c\xed\xc0\x18\xec\x70\x69\x5c\xab\x14\
\xed\x74\x6d\x3a\xc9\xfc\xc8\xed\x54\x3f\xf7\xd9\x77\x1f\xcc\xd5\
\xe2\xe8\xc3\x23\x66\x3d\x48\xc5\x1f\x69\x21\x30\x50\x9a\x5c\x07\
\x4f\xbf\x8f\x63\x40\x15\xdb\x69\x7e\x06\x78\xed\x4c\x69\x18\x1e\
\x07\x23\xda\xae\x2c\x78\x21\xb8\x3e\xb8\xa6\xcc\xca\x46\x15\x0f\
\xbb\x62\x80\x29\x17\x66\x3d\x4d\x03\x83\xfe\xac\x1a\x5f\x28\xf2\
\x73\x4a\x88\xc0\xe4\xe6\xa5\x8c\x0c\x83\xbc\x2b\xd3\x15\x52\x68\
\xa2\x9c\x15\x78\x41\x5e\xe0\x8a\xba\x53\x1c\xd2\x8d\xa0\x7c\xcb\
\x90\x7d\x38\xa2\xec\x0e\x52\xf7\xc2\x7a\x4d\xf2\xe5\xa0\x68\xdb\
\xa7\xee\x89\x4c\xfe\x55\x8a\xdf\x0e\x34\xcc\x1f\x2e\x7b\xd8\x73\
\xe9\x20\x3f\xcc\x57\xa4\x96\x84\x90\x44\x23\x38\xa8\x99\x57\x3b\
\x95\x76\x9f\xad\x34\xd8\x59\x1e\x5d\x2f\xc3\x68\x89\x25\x35\x5b\
\x81\xdb\x0e\x81\xa9\xb0\xfc\x39\x91\x27\x8a\x64\xd4\x81\x68\xd8\
\x30\x57\x80\x60\xfb\x1e\x6b\xd4\x58\x16\xfb\xc0\x53\x0c\x67\xae\
\x06\x3e\xb4\xf9\xd8\x9c\x51\xcb\x43\xe1\xd6\x30\x4b\x18\x9a\xc0\
\x16\x8b\x62\xff\x00\xa3\x11\xb5\xb2\x39\xeb\xcf\x7a\x26\xf0\xe6\
\xa5\x38\x0a\xda\xca\x22\x87\x0c\x04\x56\xca\x00\xc7\xe3\x5d\x56\
\x14\xe0\x91\x9c\x77\xc0\xaa\xf3\xdf\x58\xda\x65\xae\xae\x22\x84\
\x2f\x3f\xbc\x60\x0f\xe5\x4a\xec\x14\x22\x73\x33\xf8\x32\x6b\xa2\
\xbe\x7e\xb5\x79\x2a\x8c\xf0\x02\x81\x55\x53\xe1\xd5\x8a\x3e\xeb\
\x8b\x8b\xb9\x46\x41\xe1\x94\x7e\x1d\x2b\x62\x7f\x1d\x78\x7a\x37\
\x2a\x97\x5f\x68\x60\x79\x58\x57\x76\x33\xd3\xd2\xb2\x66\xf8\xa5\
\xa5\x23\xb2\xc1\x63\x73\x21\x56\xda\x41\xc2\xff\x00\x8d\x4b\x97\
\x70\x6d\x1a\xda\x67\x85\xec\x74\xc7\x32\x5a\xb4\x9b\xca\xb4\x7f\
\x7c\xfd\xd6\xea\x31\x5b\x92\x59\x2d\xcd\xb2\xc1\x30\xf3\x63\xc0\
\x3e\x5c\x83\x83\x8e\x2b\x85\x9b\xe2\x43\xac\xe8\x62\xd2\x51\x4b\
\x74\x2f\x31\x03\xae\x3d\x3f\xce\x69\xab\xf1\x17\x57\x9d\xc4\x70\
\xe8\xd0\x31\x27\x03\xe7\x27\x9c\xe3\xd7\x14\xe3\x24\xdd\x91\x3c\
\xd1\xb1\xd7\x4d\xa3\xe8\x9a\x55\xb9\x9e\x5d\x32\xd1\x70\x70\x00\
\x89\x4b\x1f\x61\x9e\xf5\x84\xd2\x35\xd4\xe5\xd9\x16\x31\x9e\x15\
\x57\x18\x1e\xfe\xa7\xde\x99\x75\x7d\x75\xa9\x48\x92\x5e\x98\xc3\
\xa2\xe0\x24\x79\x0a\x0f\x7c\x66\x91\x06\xdc\x7d\xd0\x7b\x67\x26\
\xbd\x2a\x54\x79\x55\xde\xe7\x1d\x4a\xbc\xcf\x43\x56\xd9\x55\x14\
\x93\xe9\xf4\xa8\x2e\xe7\x0e\xfb\x41\xe3\x1d\xce\x69\xa9\x29\x40\
\x49\x24\x76\xf5\xaa\x37\x12\x80\x64\x25\xfb\x0c\x82\x71\xc9\xa7\
\x24\x38\xbd\x0b\x56\x53\x16\x25\xd9\x79\x27\x8e\x39\x1e\x95\xb3\
\x04\x84\x01\x93\xd7\x9e\x57\x1f\xa5\x61\x5b\x04\x66\xda\x30\x31\
\xd7\xe7\xeb\x5a\x09\x36\xd0\x46\xe2\xe0\x71\x8c\x63\x14\x24\x36\
\xca\x9a\xb5\xec\x9a\x45\xe4\x3a\xa5\xb3\x8f\x2d\x8e\xc9\xd0\x0e\
\x1d\x7f\xc6\xba\x07\xbb\x88\xc6\xae\x92\x29\x56\x00\x8e\x7a\x8a\
\xe2\xfc\x51\x20\x9a\xd5\x4a\xe4\x05\x3c\xe7\xa5\x71\x11\x68\x63\
\x5a\x9e\x59\x0d\xf4\xf0\x38\x00\x3c\x6a\x38\xc0\xe3\x22\xb3\xab\
\x49\xb5\x72\xa9\xd5\x4b\x43\xd7\xa5\xbe\xb6\x88\x65\xee\x61\x5e\
\xf8\x69\x07\x1f\xad\x62\xeb\x1e\x20\xd3\x97\x4d\xbd\x84\xea\x56\
\xbb\x9a\xde\x40\x10\x48\x09\x63\xb4\x8e\x82\xbc\xe2\xf3\xc3\x57\
\xf6\x10\xb3\xda\xcb\x15\xd2\x81\xca\x32\x00\xd8\xfe\xb5\xce\xcf\
\x7a\x8b\x39\x86\x58\x5a\x37\xc6\x18\x11\x86\x15\xe7\x4e\x53\x8b\
\xd5\x1a\xfb\x44\x76\x7a\xdf\x8e\x34\xdb\x8d\x38\xd9\x43\x6e\x6e\
\x08\x8e\x28\xd5\xd9\x70\x0f\xf7\xb2\x3f\x0a\xf3\x79\xee\x60\x1a\
\x8a\xdc\xc5\x6e\x04\x64\xe4\x21\x3d\x0e\x07\xf5\x15\x76\x5b\x51\
\x30\x63\x1c\xb9\xe3\x23\x27\xad\x65\x4d\x6e\x63\x8b\xa1\x1b\x48\
\x3c\xf7\xa8\x8c\xf9\x98\xee\x6c\xe9\xfe\x2a\x9f\x46\xb5\x93\xc9\
\x86\x36\xf3\x46\xd2\x1f\x9e\x3f\xc9\xac\x41\xa9\x48\xb7\x02\xea\
\x30\x23\x76\x3c\x85\x1c\x54\x57\x21\x02\xc6\xb9\xcf\x24\xf4\xed\
\x51\x14\x3b\x17\x68\x07\x04\xf2\x47\x4a\xd5\x6c\x05\xab\x9b\x99\
\x6e\x1e\x27\x76\x62\x53\xee\x9e\x94\x55\x7f\x2e\x45\x5d\xc0\x1a\
\x28\x02\xf4\xf3\xef\x66\xcb\x4a\xdc\xfc\xa7\xd4\x7d\x4d\x32\xdf\
\x52\x36\x8f\x95\xca\xe0\x63\x20\xf3\x53\xdf\xda\xdd\xea\x57\x31\
\xc8\x88\xa0\x88\x95\x18\xc6\x72\x09\x1c\x12\x7b\x03\x50\xae\x8a\
\x76\xe6\x49\xc3\x63\xb0\xe6\xa5\xb8\xf5\x0b\x9a\x76\x3a\xa0\xb8\
\x5e\x77\x10\x58\x80\x4e\x32\x4e\xdf\xf3\xcf\xd6\xba\x5d\x31\xa0\
\xb7\x61\x29\x12\x79\x85\x36\xf5\x05\x46\x07\xa9\xe8\x7b\x56\x05\
\xa5\x82\xd9\xc6\xad\x8c\x2b\x60\x30\x09\xfa\x66\xae\xc7\x21\xb7\
\x92\x2c\x8c\xab\x92\x40\x63\xc8\xfe\x98\xae\x0a\xd1\x4d\xda\x26\
\x6c\xe8\x26\xb9\xcc\x6b\x18\x68\xc0\x63\xc0\x1c\x9c\xfb\x9a\xb3\
\x0d\xe5\xbd\xb5\x9b\xaa\xef\x92\xef\x38\x31\xab\x70\x06\x7a\x9a\
\xe6\x3e\xdc\xd2\x48\x66\x28\xc0\x00\x7e\x5c\x60\x0a\x74\xc0\x18\
\x44\xe1\xd8\xca\x07\x56\x1f\x7b\x26\xb9\xdd\x3b\x6e\x41\x7a\x79\
\x9f\xcf\xe2\x57\x19\x2d\xb6\x4d\xf9\xda\xa7\x9c\x1f\xc2\xb1\xee\
\x2e\x18\x3a\xec\x42\x33\xf7\x98\x8e\x33\x9f\x7a\xb9\x6c\x60\xba\
\xba\x89\x66\x54\x39\x20\x30\x8d\xb3\x9f\xaf\xbd\x58\xbf\xb0\x49\
\xee\x9d\xa1\x6c\xb2\xb6\xd6\x48\xc7\x07\xdf\xeb\x5a\xd2\x49\x3b\
\x30\x46\x52\x88\xe4\x2a\x1d\xc1\x62\x4e\x0a\x76\x14\xd8\x20\x75\
\x90\xb0\x05\xc0\x18\x19\x18\xc9\xfc\x6b\x5e\x3d\x3f\xec\xe4\x6f\
\x86\x41\x91\xbb\x38\xed\xeb\x56\xed\x10\x36\x55\x22\xc0\xf5\xae\
\xce\x58\xb5\x62\xdc\xb4\x33\x0d\xbc\xd7\x09\xe5\x84\xda\x30\x01\
\xdb\xd6\xa7\x8b\x45\x91\x87\xcc\xc4\x83\xc6\x19\xb3\x5b\xf0\xc0\
\x07\xf0\xfe\x95\x63\x66\xd2\x00\x15\x8b\x92\x5b\x23\x37\x36\x63\
\xc5\xa2\xa2\x37\xcc\x38\xad\x18\xf4\xf8\x53\x07\x68\xab\xc9\x6e\
\xee\x70\x14\xe6\xad\xc7\xa7\xc8\xcc\xa3\xa5\x2e\x79\x33\x37\x26\
\xca\x71\xc2\x10\x0d\xa3\xa7\xa5\x4e\x88\xec\x79\xe9\x5a\xd1\xe9\
\xec\x33\xf3\xaf\xe2\x33\x56\x86\x9f\x10\x39\x2c\x09\xfa\x1a\x6a\
\x12\x62\xb1\x90\x96\xea\x7d\x6a\x6f\xb3\x44\x07\x2b\x5b\x09\x67\
\x08\x1c\xa9\x3f\x4a\x9d\x6c\xa0\xc0\xfb\xc2\xb5\x54\x9b\x0e\x5b\
\x9c\xf2\xc1\x02\x36\x79\xcd\x3c\x23\x13\xfb\xa8\xd0\xfd\x4d\x6f\
\x0d\x3e\xdd\x49\x6e\x73\xeb\x4c\x97\xec\xd1\x2e\xd0\xeb\x9a\x71\
\xa5\x6d\xc1\xc4\xc2\x78\x6e\xfa\x91\x10\x1f\x5a\x0b\x14\xfb\xfb\
\x4f\xd0\x66\xae\xcd\xbe\x43\x85\xc6\x2a\x23\x63\x23\x72\x5f\x1e\
\xc7\xbd\x0e\x22\xb1\x42\x4b\xd9\x97\xe5\x52\x47\xe0\x2b\x3a\xe6\
\x72\x72\x5d\xce\x2b\x6c\xda\x80\x7d\x4d\x43\x71\x61\xe6\x47\x96\
\xd8\xa3\x07\xa8\xa5\x61\xa4\x73\x9a\x6b\xaf\xd9\xc2\x8c\x83\x9c\
\xfc\xc3\x1d\x6b\x4c\x60\xae\x38\xa9\x16\x24\x45\x5e\x99\x00\x2f\
\x02\xa9\x5e\x6a\x11\x5a\x1d\x9b\x7c\xc9\x0f\xf0\x83\x44\x53\x93\
\xd0\xbb\x37\xb1\x5f\x52\xc4\x71\x10\x83\x2e\x7a\x03\x59\xb1\xa1\
\x92\x10\xd3\x28\xf2\xd8\x91\x81\xcd\x5d\xb8\x32\x4d\xb5\xe5\x8d\
\xa2\x5f\x56\x18\x15\xb3\xa3\x78\x3e\xef\x52\x61\x38\x06\x3b\x66\
\xe9\x2c\x8b\xf7\xbe\x83\xbd\x74\xc5\x58\xda\x3b\x09\xa6\x78\x7a\
\xd3\x5e\x58\xad\xfc\x9d\xae\x8c\x1d\x67\x41\x86\x8c\x03\xeb\xfe\
\x7a\xd7\xa8\x5d\xe9\xf1\xde\xd8\xcb\x6b\x24\xb8\x59\x10\xae\x73\
\xc8\x3d\x8f\xd4\x1c\x54\x3a\x76\x8f\x6d\xa6\x5a\xac\x10\x29\xe3\
\xef\x33\x7d\xe6\xf7\x26\xad\xac\x65\x9b\x6a\x73\xf5\x35\xa1\xac\
\x51\x89\xe1\xd8\x24\x9a\xcc\xdf\xdd\xcf\x1c\xd7\x52\x83\x19\x6e\
\x06\x14\x1c\x60\x7e\x59\x35\xaf\x14\x29\x6f\x12\xc5\x0a\x2a\x46\
\xbd\x15\x7a\x0a\xcf\xf0\xec\x32\x36\x87\x0e\xd8\x83\x02\xf2\x73\
\x9f\xf6\x8d\x6c\xc5\x0f\xcb\xb5\xe3\x2a\x7e\xb4\x14\x46\x11\xc9\
\xea\x7f\x01\x4f\x11\x64\x72\xe4\x1f\x75\x35\x21\x97\xc9\xc2\x9f\
\x31\x47\x60\x45\x39\x2f\x57\xa3\x1c\x8f\x5c\x62\x80\x21\xfb\x3b\
\x1e\x8c\xc7\xf4\xa7\x0b\x79\xf6\x10\x08\x0a\x7b\x1a\x9c\xde\x44\
\x0e\x01\xcd\x46\xd7\xd8\x60\x00\xe3\xbd\x00\x44\xd1\x11\x1b\x2b\
\x06\xdc\x30\x41\x03\x8a\x55\x63\x9c\x12\x49\xfc\xe9\x5a\xed\x98\
\x11\x91\xf9\x54\x4b\x30\x43\x90\xd8\x3e\xa2\x98\x12\x99\x30\x7e\
\x71\x9f\xa8\xac\xcd\x78\x85\xb3\xb3\x6c\xaf\xcd\x79\x16\x30\x08\
\x3d\x6b\x44\x5e\xc9\x9f\xbd\xbb\xeb\x58\x9e\x26\x93\x7c\x36\x61\
\x98\x86\x17\x91\x1c\x0e\xc3\x26\xa5\x81\xb8\x67\xc1\x23\x19\xa3\
\xed\x19\x1c\xa8\xcf\xa9\xa4\x4c\x48\x48\x0e\x3f\x2c\xd3\x24\x4d\
\x84\xa9\x60\x4f\xb5\x48\xc9\x3c\xd0\x47\x20\x7e\x14\xf0\xc0\x8e\
\x87\x15\x5d\x57\x19\xc1\xfc\xe9\x51\x98\x8e\x46\x3d\xb3\x4d\x01\
\x60\x42\x18\xe7\x76\xdf\xa5\x38\x43\x83\xfe\xb0\x9f\xa1\xaa\xe0\
\x91\xcd\x2e\xf2\x69\x81\x37\x97\x83\xc3\x2d\x35\xa3\x7f\xbd\xc5\
\x22\x9f\x97\xde\x98\x49\xcf\x5c\xd2\x01\x5a\x29\x18\x0f\xdd\xfe\
\x39\xa4\xf2\x1f\x1c\x1f\xc0\xd3\x0b\x38\x23\x82\x0f\xb5\x3b\xa8\
\xea\xc4\xfe\x54\xac\x02\x18\xd9\x7e\xf7\x03\xd4\x52\x60\x75\xdd\
\x9a\x5c\x49\xb7\x18\x7d\xa7\xd0\xd3\x08\x71\xd8\x81\xef\x4a\xc3\
\x1c\x31\xeb\x58\x5e\x22\xf1\x36\x9d\xa0\x43\x8b\x99\x37\x5c\x38\
\xfd\xdc\x2a\x79\x6f\xa9\xec\x2b\x71\x14\xbc\x8a\x99\xfb\xc7\x15\
\xe2\x1a\xb4\xf2\xdf\x6b\x37\x97\x37\x25\xcd\xcb\x4c\x57\xe5\x19\
\x2a\xa0\xe3\x1f\xa5\x26\xec\x44\xe5\x64\x58\xd4\xbc\x67\xe2\x0d\
\x54\xb2\xc3\x72\x2c\xad\x48\xce\xc8\x0f\x3c\xfb\xd7\x3d\xf6\x58\
\xa7\x62\xf3\xcb\x71\x39\x3c\x93\x24\x84\x73\xf8\x55\xc0\x14\xc8\
\x40\x5c\x0c\x92\x45\x04\xaf\x4c\xd0\x9d\xce\x59\x54\x93\x22\x58\
\xed\x23\x42\xad\x6e\xc7\x68\x1e\x5e\x1b\xee\x9e\xfd\x3d\xa9\x5e\
\x58\x81\x27\xca\x7c\x9f\xfa\x68\x69\x24\xc0\xef\x55\xe4\x6d\xc7\
\x03\x9a\x39\x22\xc9\xe6\x93\x24\xf3\x61\x27\x98\xe4\xe4\xff\x00\
\x7e\xbd\x1b\xc2\xd6\x16\xb7\xbe\x19\x4c\x2b\x24\x81\xdf\x0e\x5b\
\x38\x3d\xb2\x2b\xcd\x62\x8a\x47\x70\x15\x19\xb3\xe8\x33\x5e\x89\
\xe1\x69\x9a\xc7\x49\xf2\x66\x00\x1d\xe5\x94\x37\x50\x0d\x69\x4e\
\x09\x3b\x87\x33\x62\xc9\x79\x15\x9c\xa6\x2d\x4b\xfd\x12\x41\xc0\
\x79\x07\xee\xdb\xdd\x5b\xa6\x3d\xaa\x8d\xef\x89\x74\x9b\x50\x02\
\xdf\x24\x8d\x9e\x4c\x5f\x36\x6b\xa6\x96\xed\x25\x8c\xab\x6c\x65\
\x3d\x43\x00\x7f\x4a\xcf\x16\xda\x7a\x48\x59\x2c\xed\x55\x89\xce\
\x52\x20\x0d\x77\xfb\x56\x2e\x44\xcc\x58\x7c\x63\xa6\xcc\xc1\x5a\
\x69\xa3\xed\xba\x44\xe2\xb4\x6d\x59\x6f\xfe\x68\x66\x49\xa3\x67\
\xdf\x95\x39\x00\xfd\x45\x6a\x35\xa4\x37\x50\xec\x9a\xda\x27\x8d\
\xbb\x48\x83\x8a\xc3\xb9\xf0\xa4\x76\xd2\x9b\x8d\x12\xed\xac\xae\
\x39\x25\x72\x7c\xa6\xf6\xc7\x35\x3e\xd1\x75\x34\x50\x76\xd0\xd5\
\x11\xe0\x72\x5b\x76\x7a\x93\xc8\xfc\x6a\xdb\xcf\x2a\x27\x2c\x38\
\x1f\x79\xba\x91\x5c\xe6\x93\xaf\x48\x6e\x8e\x9b\xaa\xa7\xd9\xef\
\x86\x42\x67\x85\x90\x7b\x1a\xd2\xbb\xb8\x8a\x03\xe5\xe7\x68\x27\
\x3c\x72\x01\xad\xa1\x69\x6c\x63\x26\xd6\xe6\x4f\x88\x6e\x08\x62\
\x0b\x65\x24\x5c\x83\xdb\x35\x87\xe1\xe9\x88\xd7\xa3\x89\xce\x44\
\xb0\xb2\x92\x0e\x33\xc6\x41\xfd\x2a\x4d\x6a\xf0\x5c\x60\x0f\xba\
\xbd\xab\x33\xc3\x87\xce\xf1\x1d\xb2\xa3\x0c\x46\xaf\x9f\x6c\x0c\
\x7f\x5a\xaa\x9b\x04\x0e\xfd\xad\xe1\xf5\x7c\xfb\x56\x26\xb1\xa4\
\xe9\xf2\xda\x5d\x4f\x35\xba\xbb\xac\x4d\x86\x3d\x7a\x56\xf1\xe9\
\x9a\xcc\xd5\xc1\x7b\x19\x23\x53\x82\xc3\x04\xfb\x57\x2b\x49\x9a\
\xdc\xe3\xb5\x9f\x0f\x69\x1a\x7d\x9c\x72\xa7\xda\xd2\x57\x51\xb4\
\x44\x41\xe7\x1d\xf3\x5c\xde\xa5\x0c\x36\xf2\xf9\x31\x4e\x66\x8b\
\x68\x29\xbc\x61\x86\x47\x43\xf4\xab\x1a\xab\x4b\x25\xc3\x79\xce\
\xec\x01\xe3\x2d\xc7\x15\x89\x2b\x96\x95\x98\x9e\xa6\xb9\x67\x18\
\xbe\x86\x88\xbe\xb6\x30\x17\x11\xb2\x84\x24\x60\x6e\xe9\xbb\xd3\
\x34\x49\xe1\xe9\xf6\xee\x54\x52\x3a\xe5\x5c\x55\xbd\x36\xfe\xde\
\xef\x4d\xfe\xca\xb8\xb6\xfd\xdf\x2c\x65\x5f\xbf\xbb\xae\x7f\x4a\
\x82\x3b\xdb\x8d\x26\xe3\xec\xf3\xb7\x9d\x10\x00\xe7\xa3\x28\x35\
\x2a\x92\xb1\x69\x94\xdb\x4b\xbc\x89\xb8\x8b\x38\xf5\x60\x28\xad\
\x99\x75\xfd\x3d\xb1\xf7\x86\x78\x27\x3c\x9a\x29\xfb\x24\x51\x9d\
\x0e\x4d\xa8\x90\x3c\xb1\x80\x07\xca\x0e\x41\x1e\x84\xd3\x21\x95\
\xa6\x9f\x60\x25\x11\x81\xcb\x7a\x10\x39\xaa\x9f\x6a\x9d\xf2\x0b\
\xee\x5c\xf4\x04\x80\x7f\x3a\x7c\x13\x3b\x19\x03\x61\x4e\x79\x20\
\xf4\xae\x66\x88\xb1\xb1\x6b\x32\x98\x19\x64\x76\x5c\x91\xf3\x1c\
\xf5\xf4\x35\x1d\xc2\x32\xe1\x63\x1b\x62\x60\x1c\x29\x39\xdb\xd7\
\xad\x63\x41\x25\xca\xde\x11\x21\x61\x1a\x77\xce\x73\x57\x5f\xcc\
\x91\xd9\xbc\xf8\xf6\x9c\x7c\xa0\xe4\x0f\x51\x51\xc9\x61\x58\x90\
\x4b\x26\xf8\xe0\x01\x57\x9c\x16\xeb\x9f\xc2\xaf\x5d\xc6\xb9\x02\
\x3d\xe1\x7a\x7e\xef\xe6\xc9\x1d\xc1\x3d\x6a\x9d\xa4\x2a\x65\x04\
\xb9\x52\x38\x51\xba\xb7\xa2\x7d\x39\xe7\x45\x95\xfc\xa4\x50\xca\
\x5c\x2e\x76\xfa\x1c\x77\xe4\xf4\xe9\x8a\xce\x7b\x92\xd0\xdb\x1b\
\x68\xda\x22\x25\x04\x86\x23\x70\x11\x86\xe0\x7a\xfb\xfd\x2b\x5a\
\xde\xde\x38\xa1\x64\x89\xc1\x25\xfe\xf2\x82\x31\x9e\x9b\x8f\x63\
\x8e\xd5\x93\x6f\x2b\x5b\x17\xcc\xa0\x65\x89\x0e\x7a\x63\xb9\xc5\
\x55\x1a\x98\xb9\x9d\x99\xd9\x95\x0f\x08\x37\xe3\x3c\xfd\xec\x0a\
\xe6\x6a\x57\x76\x21\x9d\x3f\x97\x17\x95\xfb\xd9\xc0\x55\x3f\x39\
\x39\xe9\xd3\x68\x35\x6a\xd6\xd6\x11\x68\x6e\x59\xbc\x98\x43\x60\
\xf9\x8c\x38\x3f\x87\x4f\xa5\x71\x50\xea\x37\x11\x5f\x14\x4d\x82\
\x34\x38\x23\x6b\x10\x7e\xb5\xa1\x77\xad\xca\xd0\xc4\x96\x48\x9f\
\x67\x63\xfb\xd4\x31\xe4\x67\xdc\xfb\xd3\x5e\xd1\x69\x71\x34\x75\
\xb6\x17\x96\x73\xdf\x1b\x74\xb7\x67\x88\x0c\x9b\x95\x3f\x2f\xe3\
\x9e\x95\xd2\xc5\xa3\xc4\xcc\xad\x80\x16\xb8\xbf\x0f\xdd\xa5\xc5\
\xaa\xc5\x1c\x2e\x2d\x94\xe7\x78\x38\x00\xf1\xc7\xe7\x5d\x9a\xdd\
\xdc\xb6\x14\xfc\xa0\x0c\x96\x22\xb4\xa7\x6f\xb4\x46\xc6\x8a\xd8\
\xdb\x5b\xae\xe7\x0a\xa3\xd6\xa7\x4b\x7b\x77\x8c\x36\x01\x07\xa7\
\x3f\xe1\x5c\xce\xa3\xaa\x23\x5a\xb8\x5b\xc0\x09\x1c\x15\x6f\xd2\
\xa8\x58\x6a\xa4\xca\x2d\x2e\x25\x08\x4f\xdd\x2a\x3a\xe7\xa7\x3e\
\xfd\x6a\xa3\x5b\xde\xb2\x43\x48\xed\x0a\xd8\xc2\xa7\xcc\x95\x46\
\x3d\xea\xb4\xba\xa5\x84\x0d\xb5\x43\x39\x3e\x82\xa8\x47\x6e\x92\
\xa1\xdb\xf3\x63\x9c\xa9\xa9\x96\xc4\x32\xf0\x58\x7a\x60\x67\xf3\
\xae\xb4\xdb\xd8\x76\x15\xb5\xa5\x39\xf2\xed\x4e\x47\xf7\xaa\x3f\
\xed\x59\xe5\x18\x58\x80\x3c\xf7\xa9\xe3\xb1\x55\x50\x64\x91\xdf\
\x3c\xe3\x3c\x0a\x82\xf6\x68\x6d\x10\xa0\x50\x5d\x76\xf3\xc6\x06\
\x4e\x3f\xcf\xd6\x93\xba\xd5\x8a\xcc\x89\xe7\xb8\x7c\x65\x01\xcf\
\xf9\xeb\x4c\xc5\xc0\x18\xc2\x80\x3a\x90\xbd\xea\xab\x78\x8a\xd9\
\xa1\x8c\x42\x30\xd2\x64\x28\x3c\xf2\x3a\x70\x3a\xfd\x2a\x68\x75\
\xbb\x69\x2d\x25\x99\x83\x2e\xc6\xe8\x49\x39\xc8\xcd\x42\x77\x0b\
\x0f\x2d\x28\x21\xb7\x13\x91\xd4\x70\x73\x43\x99\x02\xae\xe7\x60\
\x73\x8e\x5c\x52\x9b\x9b\x89\xca\x25\x9d\xac\xb3\x86\x50\x7e\x48\
\x8e\x41\xfa\xf4\xab\x56\xda\x06\xb9\x73\x21\x67\x89\x20\x51\xf7\
\x04\x84\x2f\xe6\x39\x35\x6a\x2d\x96\xa0\xcc\xc7\xb8\x31\xa7\x12\
\x02\xc3\xd0\x75\x15\x95\x3e\xb1\x24\xb2\x95\x86\x2b\x99\xb1\x91\
\x95\x18\x5a\xf4\x28\x3c\x20\x4a\x6e\xb8\xb8\xe7\x1c\xed\x5e\x3e\
\x99\x3f\xe1\x53\x27\x86\xb4\xb4\x21\x9e\x13\x29\xee\x1d\xc9\x1f\
\x97\x4a\xd7\xd9\x22\xe3\x4d\x9e\x6b\x6d\x6b\x7f\xaa\x42\x8a\x08\
\x89\x4e\x30\x13\x24\xfe\x55\xab\x69\xf0\xf3\x50\x9a\x45\x92\x50\
\x20\x00\xf2\xf3\x72\xdf\x82\xd7\xa3\x41\x04\x16\xa9\xe5\xdb\xc1\
\x14\x4b\xdb\xcb\x50\x2a\x56\x69\x71\xf7\x89\x1e\xe7\x35\x6a\x29\
\x1a\x2a\x76\x39\xed\x37\xc2\x5a\x6e\x95\xb4\xb2\x1b\xa9\x94\xe4\
\x3c\xfc\x85\x3f\xec\xaf\x41\x5d\x02\x3e\x41\xe5\x3f\x1a\x89\xbd\
\xe9\x11\xc0\x24\x67\x9a\x65\xa4\x38\xf2\x48\x3d\x0f\xa5\x48\xb2\
\x98\xd7\x1b\x50\xe0\x75\xc5\x45\xb8\xef\xda\xbc\x9e\xc0\x0c\x93\
\x54\xaf\x75\x4d\x32\xcd\x18\x5e\xdd\x5b\xc5\xc7\x21\xa4\xf9\xbf\
\x21\xcf\xe9\x40\xc6\x78\x6a\xed\xd3\x42\x85\x0a\xe1\x83\xbf\x24\
\x75\xf9\x89\xad\x51\x3c\xcc\xd9\xf3\x71\x5e\x7f\x75\xf1\x0b\xc3\
\x3a\x34\x06\xde\xc4\x4b\x70\x54\x92\x14\x70\x0f\xe2\x72\x7f\x4a\
\xe7\x2e\xfe\x27\x6a\xd7\x79\x16\x16\x90\xdb\x2e\x78\x2c\x0b\x38\
\xf7\xe7\xfc\x28\x13\x92\x3d\x86\x5f\x35\x97\x7b\xca\x58\x76\xac\
\x8b\x9d\x5f\x4e\xb3\x05\xae\xef\xa1\x8b\xfd\x96\x90\x03\xf9\x75\
\xaf\x16\xba\xd6\xf5\xdd\x44\xed\xbc\xbe\xb9\x60\xdc\x1f\xde\x1e\
\x3f\x01\xc5\x40\x96\x17\x32\x30\xc1\x72\x4f\xca\x77\x81\xc7\xe5\
\x51\xcc\xef\x6b\x10\xe6\x7a\xdd\xcf\x8e\xfc\x37\x6c\x06\x2e\xe4\
\x94\x9e\x9e\x5c\x67\x07\xf1\x35\x95\x27\xc5\x0d\x38\x95\x5b\x3b\
\x69\xe4\x07\x92\x64\x65\x51\x8c\xf6\xeb\x5c\xe6\x9d\xe1\x08\xe7\
\x54\x6b\xae\x19\x7e\x5c\x2e\x39\x5e\xd8\xfd\x6b\x41\xbc\x0f\x6a\
\x76\x88\x9d\x97\x61\xc8\x04\x74\x1f\xe7\x14\xf9\x64\xd6\x84\xba\
\x8c\x74\xbf\x15\x1d\xcb\x88\x74\xd8\xc2\x0c\xfc\xcd\x31\xe3\xf4\
\xe6\xab\x49\xf1\x33\x52\x44\x3f\xe8\x76\xf1\xf2\x7a\x12\xc4\xfb\
\x75\x1c\xd6\x82\xf8\x33\x4d\x16\xe5\x1e\x36\x93\x23\xe6\x67\xc6\
\x73\xeb\xc5\x57\x6f\x04\x5b\x99\x8b\x04\x96\x56\x24\x15\x55\x03\
\x8f\x4a\x5e\xce\x62\xe7\x6c\x88\xfc\x47\xd5\x0e\x4b\x5b\xda\x04\
\x03\x3b\x87\x20\xfe\x66\xa4\x1f\x10\xb5\x4f\x25\xdf\xcb\xb5\x91\
\xdb\x1b\x17\x61\x20\x8c\x7d\x47\x3c\xd5\xb8\xfc\x02\xf2\x31\x3b\
\x63\xb7\x56\x39\xc3\x12\x7f\x41\x57\xad\xfe\x1c\x58\x86\xdf\x2c\
\x93\x39\xc6\x30\x88\x14\x54\xf2\x4f\xb8\xfd\xe3\x3e\xc7\xc7\xba\
\xe5\xd5\xc4\x71\x5b\xda\x43\x23\xb7\x02\x31\x11\xc9\xcf\xd0\xd7\
\x75\xa5\xcf\xab\xcc\x82\x5d\x5a\x2b\x5b\x7c\xff\x00\xcb\x38\xb2\
\xcc\x3f\xde\xe7\x03\xe9\x51\xe9\x7a\x1d\xb6\x95\x11\x86\xce\x05\
\x8c\x9f\xbc\xc3\x97\x6f\xa9\xeb\x5a\x4b\x0c\xc1\x48\x50\x14\x0e\
\xa0\x0c\x0a\xa5\x17\xdc\xd2\x37\xea\x3d\xd7\xcc\x24\x21\xe7\xb1\
\x14\x81\x4c\x44\x86\xeb\x51\x0d\xe1\xb8\x38\xc5\x2f\xcc\x18\xf1\
\x96\xf5\xa7\xca\xca\xe6\x45\x90\xca\x7a\x9c\x52\x82\x8f\xc0\xc3\
\x7b\x66\xa2\xde\xa5\x70\x53\x9f\x5a\x54\x91\x55\x30\xa7\x03\x3f\
\x9d\x0d\x30\xb9\x20\x1b\x78\xa4\x6e\xbc\x64\x53\x1a\x4c\x90\x23\
\xdc\x29\x22\x91\xdd\x0e\x40\x61\xeb\x9e\x6a\x6e\x31\xc5\xdf\xb1\
\xfc\xc6\x69\x9b\xdc\xf0\xdc\xd5\x53\xac\x69\x89\x7a\xd6\x32\x5d\
\xc2\xb7\x20\x67\xca\x2e\x32\x2a\xc6\xe5\x18\xca\x10\x7f\x2a\x6c\
\x07\x2b\x91\xc6\x5b\x1e\xc6\x9e\x64\x19\xc6\xf3\xf8\x9a\x85\x98\
\x31\xf9\x3f\x2a\x30\x0f\x51\xcd\x03\x24\x2e\xc1\x4e\xd2\x3f\x4a\
\xf3\xdf\x1a\x78\x61\xa0\xbe\x6d\x5e\xd1\x0b\x5b\xcd\xfe\xbd\x14\
\xf3\x1b\x7f\x7b\xe8\x6b\xbd\xf2\xc7\x7a\x47\x8c\x81\x91\x8c\x1e\
\x08\x3d\x08\xa9\x6a\xe8\x96\xae\x78\x73\xa8\x5b\x83\xc7\x5a\x7b\
\x44\x99\xce\x2b\xd0\xb5\xbf\x04\x43\x77\x23\x4f\xa7\xb2\x5a\xca\
\x7e\x66\x85\xbe\xe3\x1f\x6f\x4f\xe5\x5c\x3e\xa1\xa7\x5f\x69\x93\
\x79\x57\x96\xed\x09\xec\x5b\xa1\xfa\x1e\x86\xb3\xe5\x68\x8e\x53\
\x1e\xec\x05\x6c\x0f\x4a\xd3\xf0\xb0\x8a\x69\xe7\x49\x95\x58\x6d\
\x04\x02\xbf\xd6\xb2\xaf\x09\x2e\x4f\xb5\x69\xf8\x58\x13\x24\xe7\
\xb0\x02\xb4\xa7\xb9\x9c\xd2\xb1\xd4\x15\x82\x21\xf2\x2a\xaf\xd0\
\x0a\x64\x6e\xf3\xcd\x1c\x30\x8f\x99\x8e\x07\x35\x04\xcd\x9a\x8e\
\xce\xe8\x5a\x5f\x24\xcf\x92\xa3\x20\xfb\x03\x5d\xbd\x0c\x62\x93\
\x7a\x9d\x24\x3a\x74\x31\xae\xe9\xa4\x2e\x47\x6e\x80\xd3\x1e\xfa\
\x28\x63\xfd\xd2\x84\x03\xa6\xde\xa6\xa2\x93\x51\x8d\x5b\x6c\x8b\
\xb9\x24\x1f\x29\x53\xd4\x7b\x7b\xd6\x75\xdd\xbc\x92\x83\xb4\x06\
\xfe\xe9\x07\x19\xac\x25\x3b\xad\x0e\xb8\xc5\x0d\xb9\xd6\x1d\x5c\
\xb0\x20\x2f\xb1\xe6\xb3\xa6\xd6\xa4\x90\xe5\xa4\xca\xfa\x13\xcd\
\x51\xbb\x82\x75\x62\x4c\x2e\x3d\x72\x6b\x22\x7d\xca\x32\x01\x1e\
\xc0\x56\x7a\x9a\xe8\x5c\xd6\x6e\x06\xa1\x18\x0c\xf8\x92\x31\x98\
\xdb\xb8\x35\x25\xa6\xb0\xf7\xd6\x63\xce\x20\xdc\x46\x36\x3e\x7a\
\x91\xeb\x5c\xe4\xf2\xc9\x93\x9e\xb5\x5e\xde\xec\xc3\x77\xcb\x63\
\x78\xc1\xf7\xae\xbc\x3d\x4b\x1c\xd5\xe1\x75\x73\x52\xf2\xe8\xe7\
\x83\x9c\xf1\x57\xfc\x18\x85\xef\xae\xae\xc8\xf9\x55\x7c\xb5\x3e\
\xe4\xe4\xff\x00\x21\xf9\xd7\x31\xa8\x5d\x76\x07\x07\xd6\xba\x3f\
\x07\x5f\x2b\xe9\x86\x35\x5c\x14\x72\x4f\xbe\x7b\x9f\xca\xb5\x9c\
\xf9\xa4\x62\xa3\x64\x77\xcb\x2e\xe4\x07\x22\xa0\xba\x55\x78\x88\
\x61\x90\x45\x43\x14\xc3\x68\x38\xa5\x9a\xe1\x4c\x67\xa8\xfc\x2a\
\x44\x71\x9a\xc6\x96\xd2\x48\x76\x81\x81\xe9\x5c\xbc\xda\x4b\x2b\
\x90\x43\x57\x73\x7b\x3a\x06\x3c\x9f\xca\xb0\xee\x27\x52\xfc\x11\
\x5c\xd5\x34\x66\xb1\x6c\xad\xa3\x69\xf0\xda\xca\xcf\x30\xdc\x31\
\xc6\x7b\x55\x80\x23\xbd\xd6\xae\x5e\x68\x03\x23\x15\x58\xd3\xa0\
\xc2\x8c\x0a\x7c\x6e\x36\x70\x69\x73\xd4\x8e\x2b\x3f\x69\x60\xe6\
\x66\x72\xe9\x69\x35\xc9\x8d\x02\xa9\x2d\xc0\x27\x38\x04\xd1\x4f\
\x74\x92\x29\x0b\xa3\x30\xcf\xa1\xa2\x8f\x68\x17\x66\x0c\xa5\x76\
\x67\xe5\x18\xf7\xe3\xf0\xaa\xd1\x3b\x42\xfb\xd6\x34\xeb\x9c\x9e\
\x6a\x51\x14\xd3\xb0\xf2\xe3\x01\x7d\x47\x7f\xa5\x5b\x4d\x33\x3f\
\x79\xba\x76\xae\x79\x34\x96\xa6\x83\xa5\xb8\x13\x2a\x87\x11\x2b\
\xb6\x3e\xef\x23\x1f\x87\x4a\x16\x2f\x26\x46\x08\x03\x2b\x60\x85\
\xf4\x39\xef\xfe\x7b\xd5\x95\xd3\x36\xe3\x8c\x64\x64\x06\x38\xdc\
\x3d\xaa\x64\x8e\x3b\x7e\x1d\x13\xe6\x1d\x43\x67\x02\xb2\x73\x5d\
\x05\x72\x9a\x17\xdc\xd2\x32\xf7\x38\xe3\xd2\xb4\xf4\xd9\xe4\xf2\
\xb7\x6d\x60\xc0\x36\x00\x03\xb2\xe7\xb8\xfa\xd5\x76\x00\x6d\xda\
\x3e\x52\x33\x83\xd6\xa4\x85\x1a\x62\x22\x4d\xe1\x9c\x15\xc2\x8c\
\xf1\x82\x4f\xe8\x29\x5d\x36\x0c\x53\x33\x35\xa6\xc0\xf9\x56\x5c\
\xf2\xf9\x3d\xcf\xeb\x54\xac\x94\x32\x6c\x24\x29\xc8\x04\x6d\xce\
\x7f\xad\x4f\x1e\x9f\x73\x28\x58\xad\xa1\x61\x95\x0c\x76\xa7\xcb\
\x8e\xa3\x9a\x8a\x68\x64\xb4\x75\x77\x88\xc6\xec\xbb\x89\xcf\x4f\
\x5f\xff\x00\x55\x43\xb6\xa9\x10\xc9\x67\x59\x91\xdd\xe2\x91\x82\
\x7c\xa7\x20\x80\x0f\x1e\xd5\xb3\x65\x2a\x1b\x11\xe6\xc7\x1a\x81\
\xc0\x25\x79\x53\xd3\xeb\x9a\xcb\xb4\x8c\x5c\x5c\x98\xa5\xb8\x90\
\x23\x2e\x70\xb8\xe9\xef\xeb\x5a\x0c\xf1\x14\x68\x62\x2a\x64\x08\
\x06\xe5\x05\x8a\xfb\x8a\x9e\x7e\x5d\x09\x65\xdd\x1a\xe2\x34\xbb\
\x48\x63\x9b\x92\x76\x21\x23\x18\xc7\x27\x3d\x7e\x6a\xf4\x08\xda\
\xdf\xec\xdb\x22\x65\x74\xc6\x0b\x48\xbf\x29\x1d\xce\x4f\x53\xfd\
\x6b\xcf\xf4\x28\xd4\x5c\x79\x41\x02\x21\xce\xc9\x15\x4b\x33\xb6\
\x3a\x0e\x3a\x9e\x95\xdd\xdd\x5a\x9b\x1d\x15\x77\x5b\x48\x93\x4f\
\xf2\x9f\x31\x40\x64\x07\xa9\x3e\xf8\x1d\xab\x48\xc3\x4b\x90\xd1\
\xc1\xf8\x8e\xf2\xdd\x6e\xd9\x2c\xd9\xce\x1b\x97\x27\x39\x19\xaa\
\xf6\x57\xe9\x0d\xdc\x73\xb2\x13\xfc\x63\x8c\x60\x67\x19\xf7\x35\
\x4b\x57\xd8\xd2\xcd\x11\x76\x55\x1b\x8e\x70\x4e\x4f\x41\xd3\xf4\
\xa9\xf4\x6b\x18\xee\xe7\x4b\x7b\xc9\x09\x0e\x8a\xa5\x33\xca\x77\
\xff\x00\x0f\xc6\x88\x42\x3d\x4d\x12\xd0\xf5\x3d\x1e\xea\x29\xa5\
\x10\x44\x73\x81\xf3\x85\xc7\x1c\x0c\x1e\x3a\x67\x9a\xdb\x9a\x41\
\x12\x11\x1c\x2f\x23\x63\x3f\x22\x93\xfc\xaa\x97\x87\xf4\x3d\x3a\
\xd2\x14\x95\x22\x4f\x30\xa8\x0b\xb7\x3d\x07\x63\x9f\xeb\x5d\x64\
\x5b\x95\x36\x74\x51\xd8\x71\x5e\x84\x63\x14\xad\x1d\x8a\x8d\x37\
\x63\x9d\x8e\xdf\x5a\xb8\x00\xc5\x63\xe4\xa1\xc1\xcc\xcc\x17\x23\
\xe9\x54\xae\xbc\x23\x7d\xa8\xca\x1a\xf2\xfe\x14\x00\xf4\x89\x77\
\x1e\xb9\xef\x81\x5d\x9b\x44\xef\xf3\x16\x01\x7d\x33\x4d\x0a\xab\
\x8f\xf1\xa4\xe3\x72\xf9\x0e\x52\xc7\xe1\xf6\x91\x6c\xe1\xe6\x69\
\xe7\x7f\xf6\x9b\x68\xfd\x2b\x7e\xd3\x43\xd2\xac\x70\x6d\xec\x20\
\x52\x0f\x52\xbb\x8f\xe6\x73\x57\x09\xc1\x14\xaa\xc0\xf7\xa1\x45\
\x2d\x8b\x51\x48\x94\x01\x8c\x0e\x07\xa0\xa7\x84\x51\xcf\x7a\xaf\
\xe6\xe1\xb1\xd2\x91\xee\x16\x28\xfc\xc9\x1c\x04\x03\x39\x27\x00\
\x7d\x49\xaa\x48\x0b\x01\xb6\xe7\x9e\x29\x0a\x09\x0b\x11\xd3\x1c\
\x7d\x6b\x99\xd4\x7c\x73\xa0\x69\xe0\x87\xbf\x49\x5c\x7f\x04\x1f\
\x39\xfd\x38\xae\x5e\xf7\xe2\xa2\x85\x73\x61\xa7\xb3\x82\x76\x83\
\x24\x9c\xff\x00\xdf\x23\xfc\x68\x6d\x2d\xc5\x73\xd2\xbf\xd5\x1e\
\x54\x1c\xfa\x8c\xd5\x4b\x8d\x4e\xd6\xce\x32\xd7\x37\x11\x40\x9e\
\xb2\x38\x51\xfa\xd7\x8e\xdf\xf8\xe7\xc5\x3a\xa4\x6d\x1c\x33\xfd\
\x98\x93\xf7\x23\x5d\x83\x18\xf5\x19\x27\xf3\xac\xa8\xf4\xab\xdb\
\xd9\x1a\x4d\x46\xfa\x6d\xc0\x63\x11\x8c\x9c\xfb\x9a\x69\xa2\x5c\
\xd1\xea\x5a\x9f\xc4\x2f\x0f\xd8\x83\x8b\x86\xb8\x70\x7a\x46\xb8\
\x1f\x9b\x62\xb9\x4b\xcf\x8a\x97\x57\x0c\x61\xd2\xb4\x90\xcd\x8f\
\xbe\xe0\xc8\x7f\xa0\xfe\x75\x81\x17\x87\xec\x2d\xf7\x33\x3b\xcb\
\x30\x39\xda\x45\x5e\x86\xd6\x28\xf0\xb1\x40\x50\xe3\xf8\x41\xcf\
\xe7\x41\x3e\xd0\xcb\xbd\xd6\xfc\x59\xab\xb1\x59\x6f\x1d\x23\x3c\
\x6d\x89\xb6\x81\x9e\xdc\x63\xfa\xd5\x68\x7c\x39\x23\xbe\xfb\xa9\
\xdd\xc9\xea\xa1\xba\xfd\x6b\xa6\x36\x97\x2f\xb4\x24\x2e\xdc\x74\
\xc7\x15\x24\x1a\x75\xd3\x4f\xfb\xd5\xda\xa3\xb0\x19\xa9\x6e\xc4\
\x39\xb3\x1a\xdb\x4e\xb5\x8a\x1d\xc2\xd9\x03\xb7\x52\x38\x00\xfd\
\x3d\x2a\x58\xa1\x06\x43\xb6\x35\x1f\xee\xad\x6d\xda\x69\x40\x86\
\x2e\xa4\x80\x4f\x06\xad\x7d\x89\x23\xe8\xb8\xac\xdd\x4b\x10\xe7\
\x73\x22\x2b\x36\x74\x27\x62\x85\x1d\xf1\x56\x2d\xac\xd4\x4e\xac\
\xf9\x20\x1a\xd1\x2a\x11\x70\x3a\x54\x0e\xe1\x4e\x47\xad\x25\x52\
\xe2\xb9\xd2\xe9\xf1\x45\xe5\xa8\x08\x33\xeb\x9e\xd5\xa2\x22\x8c\
\x0e\x82\xb0\x2c\x6f\xb6\xaa\xfd\x2a\xfb\x6a\x1c\x02\x4e\x3e\xb8\
\xae\xa4\xca\x4c\xd0\x8e\xd9\xa6\x98\x20\x6c\x29\x19\xc9\x1c\xe2\
\xb5\x23\xb6\x48\x40\x8e\x31\xc7\xaf\x7a\xe4\xa3\xf1\x1c\x1a\x66\
\xa9\x0a\xdd\x38\x58\x6e\x09\x8c\xb9\xfe\x13\xd4\x1f\xa5\x75\xc9\
\x3a\xbe\xd6\x56\x04\x1e\x41\x07\x20\x8f\x6a\x6f\x63\x58\xd8\x9c\
\x42\x8a\x46\x39\x3e\xb5\x20\x03\x0c\xa4\x13\xe8\x7b\x7e\x75\x1b\
\xc8\x30\x36\x9e\xbd\x69\xc2\x45\x65\x1f\x2f\x3f\xdd\x27\x8a\xc5\
\x9b\x21\xb9\x51\x19\x01\xc1\xc9\xfe\x1e\xb4\x48\x46\x06\xf6\xda\
\xbd\x95\x7a\x9a\x43\x2e\x25\x25\x13\x0e\x46\x38\xa8\x8a\x48\x58\
\xb3\x2e\xd1\x52\x31\x7c\xa0\xc3\x2a\x0a\x01\xd4\xb1\xeb\x46\xde\
\xd9\x26\x9d\xbc\x63\x68\x07\x00\x77\xa7\xa9\x50\x09\x53\x8e\x39\
\xf7\xa6\x81\xa2\x2d\xb9\xce\x07\x4a\x63\xa9\x4e\xd5\x2b\x9e\x73\
\x8c\x7d\x2a\x19\x58\x22\x10\xcd\xc9\xed\x57\x19\x5d\xd8\x96\x34\
\x4d\x1c\x61\xda\x5c\x84\x55\xc9\x39\xc7\xe7\xed\x5e\x73\xe2\xbf\
\x88\xce\x1e\x4b\x2d\x11\x72\xe4\xfc\xd2\xfa\x0f\xe8\x3f\x5f\xa5\
\x75\xfa\xde\xa3\x0e\x9b\xa3\xdd\x5c\x4e\xc0\x01\x1b\x05\x53\xfc\
\x4c\x46\x00\xfd\x6b\xc4\x2d\x42\x14\x07\x8f\xc2\x89\x45\x19\xb9\
\xb2\x5b\x78\xc4\xf3\x3d\xd4\x93\xca\x6e\x55\x4f\xce\x0f\x5c\x9c\
\x74\x3c\x1e\xb5\xbd\xa5\xf8\xcf\x5b\xd1\xdd\x61\x27\xed\x96\xc4\
\x7f\x12\x93\xc7\xd3\xa8\xfa\x83\x58\xce\x11\x86\x38\xe6\x98\x64\
\x75\xc0\x0e\x4a\x8e\x36\xfb\x1e\xa2\xb2\xb3\x44\x73\xb3\xd6\x74\
\x4f\x1e\xe8\xfa\x8b\x30\x12\x2d\xbc\xfd\x36\xc8\x72\xb9\xf6\x3d\
\xbf\x1a\xe8\x96\x65\x60\xac\x36\x90\xdd\x1d\x4f\x5f\xc7\xa5\x7c\
\xff\x00\x32\xc7\x24\x68\x23\x1e\x5b\xae\x38\x1f\x2f\x3e\xb9\xef\
\xef\xeb\x5a\x3a\x57\x88\xb5\x9d\x07\x98\x2e\xfc\xc4\x5f\x95\xa1\
\x66\x1f\x31\xc7\x3c\x74\x3f\xa1\xa9\xe6\xee\x6a\xaa\x1e\xec\x8e\
\xd8\x3f\x2e\x40\x39\x24\xfb\x53\x4e\x7f\x8b\x82\x7b\x63\xad\x70\
\x7a\x3f\xc4\x18\x0e\xc3\xa8\x24\x91\x79\x84\x2b\xc8\x8b\xc2\xf0\
\x7f\x87\xa8\xfd\x6b\xaf\xb5\xd5\x2c\xf5\x28\xa3\x9a\xca\xe1\x27\
\x8c\xf5\x64\x6c\xe3\xdb\xeb\x4e\x32\x4f\x62\xd4\xd3\x27\xd9\x82\
\x48\xe0\x67\x3d\x69\xb3\xc3\x14\xf0\xf9\x53\xc6\x93\x46\x7e\xf2\
\x48\x32\x0d\x4c\x58\x06\xd8\x19\x58\x11\x90\xd4\xde\x70\x30\xbc\
\x7b\x8a\x76\x28\xe4\xb5\x5f\x00\x69\xb7\xa5\xa4\xb5\x77\xb4\x90\
\x9e\x17\x1b\x90\xff\x00\x51\x58\x56\xde\x14\xd5\x74\x69\xe5\x32\
\x44\x26\x88\xff\x00\x1c\x27\x70\xfc\x47\x5a\xf4\xd6\xc0\x03\x8e\
\x3d\xfb\xd0\xa4\x64\xe3\xb9\xa6\xb4\x64\x4a\x17\x3c\xc1\xf3\x92\
\x0f\x04\x76\x3d\x45\x54\x91\x09\x39\xc5\x7a\xa5\xd5\x8d\x9d\xe0\
\xc5\xcc\x31\xc8\x7f\xbc\x57\x0d\xf9\x8e\x6b\x0a\xf7\xc2\x16\xb2\
\x02\x6c\xee\x5e\x36\xfe\xe4\xa3\x72\xfe\x63\x9a\xd9\x54\xee\x60\
\xe9\x35\xb1\xc4\x25\xd4\xf6\xf1\x98\xc8\x12\x43\xff\x00\x3c\xdb\
\xa7\xe0\x7b\x55\xdb\x6b\x9b\x79\x97\xec\xf3\xfd\xa5\x09\x65\x0a\
\x1b\x18\x42\x7a\x1d\xdd\x69\x35\x5d\x2b\x51\xd2\x81\x91\xec\xe6\
\x91\x17\x91\x2c\x0b\xbd\x41\x1d\x33\x8e\x47\xe5\x56\xbc\x23\xae\
\x49\x7b\x2d\xdc\x97\xab\xfb\xd2\xa0\xec\x44\x24\xb3\x0e\x79\x23\
\xd8\x74\x35\x95\x5a\x91\x83\x56\x1a\x72\x5b\x91\x5c\x59\x49\x6f\
\xc4\x92\x07\x8b\x19\x05\x86\x58\x0f\x5c\xfa\x56\x05\xf4\x76\xde\
\x70\x46\x61\x1b\x30\xca\xf9\x9f\x2e\x47\xb1\xe8\x6a\xc3\x6a\xf0\
\x3a\xc9\x2f\x99\x18\x66\x57\x89\xd0\xa9\x5d\xa1\x9b\x70\x6e\x3a\
\x7a\x7a\xd6\x45\xe1\xb3\xd6\xef\xfc\xc8\x7e\x40\xa8\x14\x0d\xe5\
\xd7\x76\x3d\x0f\x4f\x4a\xe5\x55\xd3\x9e\xbb\x1a\xa9\xb2\x1b\xad\
\x3a\x61\xc8\x40\xc3\xd4\x73\x5c\xae\xa4\xc2\x1d\x40\xa6\x3e\x64\
\x51\xf8\x1a\xde\x97\xed\x56\x6a\x43\x46\xc8\x3a\x13\x04\xbf\xfb\
\x29\xae\x5a\x75\x85\x65\x6b\x98\xee\x1a\x62\x5b\x3b\x1d\x48\x6c\
\xfb\xf6\xae\xd8\x49\x2d\x41\xbb\x91\xde\x4c\xce\x40\xee\x7a\xd7\
\x41\xe0\xc9\x0c\x77\x32\xc4\x7a\x32\xee\xcf\xd2\xb9\xd9\x6d\xe7\
\x8d\x95\xe7\x42\xad\x27\x3c\xd6\xff\x00\x85\x95\x97\x52\xc0\xe4\
\x6c\x24\xe2\x9c\x65\xcd\x23\x37\xb5\x8f\x41\xb6\x94\x85\xf9\x8d\
\x4e\x64\x24\x76\xfc\xab\x3a\x37\x6d\xa3\x8a\x94\x39\xae\x8b\x98\
\xb4\x67\x6b\x0e\xaa\xac\x00\xe4\x0c\xf4\xae\x4c\x4a\x4b\x9d\xc7\
\xbd\x75\x1a\xba\xb3\x2b\x60\x75\x15\xca\x14\x2a\xc4\x1e\xb5\xcd\
\x55\x97\x1d\x8d\x18\x9f\x2a\x05\x4b\xbb\x8a\xa1\x1b\x15\x15\x61\
\x24\xf5\x35\xce\xc1\x93\x1e\x68\xa4\x04\x11\x9c\xd1\x48\x46\x55\
\xb5\xb2\x43\xc0\x7e\x4f\x63\xda\xad\xc6\xe5\x4e\x57\x93\xdb\x8c\
\xe0\xd6\x77\xcb\x22\x86\x24\x9d\xc7\x27\x06\xb5\x6d\xff\x00\x75\
\x14\x6a\x00\x3b\xb2\xc0\x9f\x6e\x4e\x0d\x61\x28\x36\x6e\x57\xdd\
\x77\x34\x52\x23\x22\xb9\x23\x00\xb7\x18\x1e\xde\x9c\xd2\xfd\x9f\
\x16\xcd\x90\xc5\x94\x67\x71\xeb\x5b\x3a\x7e\x9d\x7f\xab\xf9\x3f\
\x66\xb0\x9c\xc6\xe7\x02\x56\x42\xb1\x0f\x52\x5b\xd2\xba\xbb\x3f\
\x87\xf2\x95\xcd\xe5\xe4\x51\x93\xce\xd8\x94\xb1\x1f\x89\xe2\x97\
\xb3\x9f\x60\x49\x23\x86\x8a\xca\x4b\xab\xa6\x8a\xdc\xed\x75\x89\
\xe4\x0c\xc4\x60\xed\x1b\xbf\x96\x69\x3c\x3e\xed\x26\xad\x1c\x32\
\x4a\xa8\xae\xaf\x9d\xbd\x8e\xd2\x31\x5d\x0e\xa3\x67\xa4\xf8\x7f\
\x56\x96\x18\xdc\xdd\x01\x1a\x3c\x4c\x66\x03\x68\x62\x55\xc1\xc7\
\x18\xc1\xfd\x78\xaa\xba\x25\xda\xdb\x43\x3c\xf6\x9a\x61\x33\x96\
\x0d\x0b\x63\x72\x01\x8c\x67\xa6\x4e\x39\x3f\x8d\x5a\xa7\x6d\x41\
\xa2\x81\xb5\x7f\xb3\x46\xce\xcf\x00\xc6\xe5\x0c\xf9\xdf\x8f\x60\
\x78\xa8\x24\x8a\xd4\xa1\x37\x9f\xbc\x18\xc7\xc8\xdf\x77\x3d\xf1\
\x5a\x3a\xba\xb5\xc1\x8a\xea\x60\x51\x6e\x23\xf3\x13\xe6\x25\x54\
\xfb\xe3\x06\xb0\x96\x63\x1c\x9b\x36\xa6\xf7\xfb\x8d\xb3\x2c\x4f\
\xd0\xf4\xae\x4e\x57\x7d\x4c\x9a\x35\x5a\xe6\x3b\x38\x8a\xa9\x86\
\x24\xc7\xc8\xa8\xa3\x70\x07\xa6\xef\xc2\xa1\xd1\x45\xac\x97\x69\
\x71\x71\x1a\x10\x40\x20\x4a\x48\x46\xe7\x1c\xe3\xad\x42\x2d\x21\
\xdc\xd7\x12\xa9\x90\x95\x52\x14\x0e\xa7\xf8\xb8\xa6\xaa\x4b\x0c\
\x98\x28\xe9\x14\x84\x79\x6a\xdf\xc2\xa4\xf0\x3e\x9d\x7f\x1a\x6a\
\x2a\xda\x0a\xc7\xad\xe8\x97\x82\xcf\x55\xbb\xb2\xb7\xb5\x49\x62\
\x80\x79\xa4\xc4\xa1\x9e\x6e\x01\xc0\x3d\xb9\xed\xdb\x15\x89\xa8\
\x78\x92\xfe\xe2\x37\x2d\x6b\x24\xb2\x34\x99\x13\x26\xd6\x68\xd7\
\x9e\x1b\xd0\x8c\x63\x80\x7a\x75\xae\x46\xd3\x5a\x9a\xce\x55\x86\
\xdd\x1d\x25\x91\x4a\xbc\x8e\x49\x2c\x73\xce\x40\xe9\x5a\xb2\xeb\
\xdf\x64\xd3\xcd\xb4\x30\xc3\x09\x6d\xc0\x18\x8e\x24\x60\x7a\x93\
\x55\xcd\xa5\x82\xc7\x3b\x3d\xbc\xf2\x1d\xf2\x0f\x34\xc7\x19\x94\
\xee\x3f\xc5\xbb\x8f\xae\x32\x38\xad\x2d\x12\x01\x6f\x71\x1d\xc5\
\xd2\xf9\xb1\x42\x19\x65\x61\xd3\xcc\x27\xbe\x3d\x06\x6a\x95\xcd\
\xd1\x57\x79\x15\x95\x55\x80\x12\x04\xe8\xbe\x83\x9e\xe2\xa1\x17\
\xad\x2c\x3e\x5b\x86\x36\xe0\x8c\x48\xad\xf2\xfa\xe3\x3e\xbf\xe3\
\x55\x19\xca\xdb\x0d\x3b\x1f\x40\x69\x17\xd6\x93\xdb\xec\xb3\x00\
\xc3\x00\x58\xc1\x0a\x40\xc8\x1d\x8f\x71\xee\x2b\x48\xca\x30\x48\
\x15\xe3\xbe\x0f\xf1\x1a\x69\xcf\x6e\x97\xba\x80\x5b\x58\xc1\x3e\
\x58\xfb\xb9\x39\x03\x1f\xde\x20\xd7\x51\xa8\x7c\x4b\xd0\xec\x14\
\xec\x32\x4e\xdd\x01\x38\x8d\x49\xfa\x9e\x4f\xe5\x5d\xd4\x27\xcf\
\x13\x55\x23\xb9\xf3\x09\x00\x73\x48\x08\x50\x49\x3c\x77\x27\xb5\
\x79\x0d\xff\x00\xc5\x0d\x4e\xed\x08\xd3\xac\xfc\xb1\xd9\x96\x3c\
\xff\x00\xe3\xcf\x81\xfa\x56\x43\x2f\x8d\x3c\x44\xe0\xc9\x25\xc1\
\x8c\x9c\x8c\xe5\x87\xf4\x5a\xde\xc1\xcc\x7b\x05\xff\x00\x89\x34\
\xab\x02\x45\xce\xa1\x00\x65\x1f\x32\xab\x6e\x6f\xc8\x66\xb9\x7b\
\xff\x00\x8a\xba\x64\x65\x92\xc2\xd6\xe2\xea\x41\xc0\xde\xc2\x35\
\xcf\xe1\x93\x5c\xe5\x97\xc3\x8b\xa9\x08\x92\xfe\xf0\x1e\xe5\x0b\
\x16\xfd\x06\x05\x6b\x58\xf8\x22\xc6\xd7\x3b\xed\x1a\x42\x5f\x3f\
\x33\xed\x53\xea\x70\x3f\xad\x26\x9f\x42\x5c\xcc\x6b\x9f\x88\x5e\
\x21\xd4\x77\xfd\x96\x34\xb4\x4f\xba\xa2\x24\xcb\x36\x4e\x3e\xf1\
\xc9\xfc\x80\xac\xe6\xb1\xf1\x06\xa8\xeb\x3e\xa3\x73\x70\x54\xf2\
\xa3\x39\xcf\xb7\xcd\xfd\x05\x7a\x12\xe8\xb6\x90\xe1\x96\x05\x46\
\x03\xf8\x14\x00\x38\xf4\x1d\xea\x7f\x26\x25\x6c\xf9\x4a\x5c\x71\
\xbc\xf2\x71\x4b\x95\xf5\x21\xc8\xe0\xe1\xf0\x4c\x8c\xa5\x67\xdc\
\x15\xb8\x20\x8c\xfb\x8a\xb9\x1f\x84\x9e\x20\xc6\x23\xe5\x92\x7e\
\xf3\x36\x48\x1f\xfe\xba\xec\xbe\x63\xdf\x02\x9f\x19\xc0\xc1\x19\
\xa5\xc9\x15\xb9\x0e\x4c\xe7\xad\xb4\x07\x31\x30\x92\x4d\xe7\x3f\
\xc2\x98\x5c\x56\x94\x3a\x00\x03\xa2\x81\xf5\xad\x74\x39\xe9\x56\
\x63\xe6\xa9\x59\x6c\x23\x31\x74\x18\x59\xc1\x60\x0d\x5c\x8b\x4b\
\xb7\x85\x70\xb1\xa7\xe0\x2a\xde\xe2\xb5\x5a\x5b\xb7\x56\xc0\xc0\
\x1f\x4a\x4e\x43\x17\xec\x90\xa8\x23\xcb\x5f\xca\xab\xdc\x24\x70\
\xc4\xed\xb4\x0c\x0e\x29\xad\x74\xe7\x3c\x9e\x6b\x3a\xf6\xe1\x99\
\x4a\xe7\x83\x58\xce\xa2\xb1\x2d\x95\xed\x65\xcd\xbb\x03\x8d\xc0\
\x9c\x9c\xd3\xe6\xe4\x0a\xa3\x9d\xa7\x8e\x0d\x4e\x24\xca\x72\x6b\
\x99\x4a\xe4\x5c\x6c\x9c\xad\x57\x6b\x69\x24\x19\x03\x02\xad\xa3\
\x80\xc3\x80\x6b\x42\x38\x0c\xab\x93\xf2\xe7\xda\xb4\xa6\x34\x73\
\xcb\x33\xc3\xd7\x3c\x7a\x54\x86\xf0\xb9\x0b\xd7\x07\xb7\x6a\xdc\
\x97\x4f\x46\x5f\xbb\x83\xeb\xeb\x55\x25\xd3\xc2\x90\x71\xc0\x39\
\x07\x1d\x2b\xad\x3d\x0a\xb1\xcf\x6a\xd6\xc3\x52\xb7\x68\x1d\xb0\
\x3a\xa3\x77\x04\x56\x6e\x97\xe2\xcd\x73\xc3\x38\x82\x50\xd7\x16\
\x8a\x7a\x30\xce\x3f\x0e\xa3\xea\x3f\x2a\xe9\x67\xb5\x51\x92\xae\
\x03\x63\x9d\xc7\x24\xd6\x45\xcd\xbc\x4e\xa4\x32\x97\xef\xc8\xe3\
\xf0\xa7\xcc\xca\x8c\xad\xb9\xd5\xe9\x5f\x12\x74\x7d\x41\x43\x4a\
\xef\x6e\xdd\x1b\x3f\x38\xfd\x39\x1f\x88\xae\x92\xdf\xc4\x1a\x75\
\xda\x86\x82\xf2\xda\x5f\x65\x94\x03\xf9\x57\x88\x5e\x68\xb6\xf2\
\xbf\x0b\xb1\xfa\x83\x8e\x7f\x3a\xcf\x6d\x2a\xe5\x18\x88\xae\xa4\
\xe3\xfb\xc7\x77\xf3\xa5\x74\xf7\x35\x53\x3e\x8e\x5b\xf4\x09\x84\
\x8c\x8f\x71\xcd\x3c\xde\xee\x1f\x36\xe3\xe8\x31\x5f\x3a\xc0\x35\
\xa8\x00\x11\x5e\x95\xfc\x08\xfe\x46\xa6\xfe\xd4\xf1\x2a\x70\xba\
\x83\x1f\xa4\xb2\x0f\xeb\x4d\x38\x95\xce\xcf\xa0\x85\xc2\x83\x90\
\xa7\xf0\xa6\xbd\xca\xaa\xe4\xfc\x83\xfd\xa3\x8a\xf9\xfb\xfb\x53\
\xc4\x72\x9c\x49\x7f\x9c\x7f\x7a\x59\x0f\xf5\xa8\x8c\xba\x94\x8c\
\x7c\xdd\x40\x0f\x5c\x21\x6f\xe6\x68\xbc\x41\xc9\x9e\xe5\x75\xe2\
\x3d\x3a\xcc\x1f\x3a\xfa\x04\x3f\xdd\x57\x0c\xdf\x90\xae\x3b\x57\
\xf8\x9d\xa7\xda\xb1\x86\xca\x27\x9e\x6c\x70\x5f\x81\xf9\x75\xfe\
\x55\xe7\x46\xd3\x79\xfd\xed\xc5\xc4\xc3\xd0\xb6\xd1\xf9\x0a\x7c\
\x76\x90\xc7\x9d\x91\x2a\x7f\xba\x28\xe6\x5d\x09\x72\x2d\xdf\xeb\
\x5a\x9e\xb7\x3f\x9f\xa8\xc9\x95\x1c\x24\x3d\x97\xf0\x1c\x55\x68\
\xe3\xd8\xa0\x62\x9e\x00\x5e\x94\x19\x00\xed\x59\xb9\x19\xdc\x55\
\x19\xa7\x6c\x27\xa7\x5a\x48\xb7\x39\xc2\xae\x7d\xeb\x4a\x2b\x71\
\xb7\xee\xe5\x8d\x4b\x95\x85\x73\x22\x75\xda\x30\xe3\x8c\x55\x09\
\xb0\xbb\x1a\x37\xc3\x2b\x6e\x1f\x5a\xe9\x5e\xcb\x72\x9c\x8c\x8f\
\x4a\xcd\x9f\x49\x00\xee\x4f\xc8\xd2\xe6\x8b\x1a\x68\xcf\xb5\xd5\
\x2e\x44\x8c\xb3\xec\x70\x4e\x50\x93\xb7\xe6\xed\x56\xac\xb5\x89\
\xad\xe6\x0f\x6b\x72\x61\x95\x1c\x93\xe5\xfc\xa5\xb8\xe8\x08\xf7\
\x1d\xea\x9c\xf6\xfb\x3e\x57\x4c\x55\x43\x00\x8d\xb7\x46\x4a\x36\
\x31\x90\x6a\x1d\x35\xbc\x4a\x3d\x2b\x48\xf8\x96\x2d\x26\x16\x9a\
\x9c\x48\xe8\x58\x01\x2a\x1c\x30\x63\xd7\x3d\x01\xe7\x27\x8c\x57\
\x7f\xa7\xeb\x56\x5a\x9e\xd3\x65\x70\x92\x1c\x73\x1f\x47\x1e\xb9\
\x06\xbe\x7c\x6b\xa6\x69\x03\xcc\x03\x1e\x83\x8f\xba\x7d\x47\xa5\
\x4d\x6f\x70\xf0\x5b\xc4\x6c\xf7\xc7\xb1\xcb\x60\x33\x12\x32\x7a\
\xfa\x83\xee\x2a\x94\xac\xb5\x34\x53\x6b\x73\xe8\xbf\x35\x0f\x07\
\x27\x8e\x29\x03\x1c\x0a\xf2\x6d\x37\xc7\xda\x9e\x94\xde\x4d\xfc\
\x6f\x78\x80\x2e\x44\x8a\x37\x9c\x9f\x97\x63\x2f\x5f\xc4\x57\x6d\
\xa6\x78\xd3\x47\xd4\x91\x76\xde\x2c\x12\xe7\x6b\x45\x3f\xca\xc0\
\xfa\x67\xa1\xab\x52\x4f\x62\xd4\xd1\xd2\x79\x83\x1d\x69\xbe\x68\
\x61\x8a\x88\xca\x0f\x21\x43\x8c\x64\x1f\x5a\x24\x91\x42\x16\xd9\
\x85\x1d\xf3\x4e\xe5\x99\xfa\xd7\xda\x25\xb4\x2b\x6c\x49\x38\x72\
\x48\x1d\x0e\x38\xe7\xb7\x52\x0f\xd6\xbc\xaa\x3d\x59\x34\x77\xbd\
\x86\xcc\x2c\x26\x78\xc2\xa7\x95\x2e\xe2\x1b\xa1\x19\x3d\x54\xfa\
\xfe\xb5\xe9\x97\xda\xc5\xa6\x27\xb6\x86\x64\x6b\xa0\x87\xe5\xde\
\x14\x03\x8e\x9b\xbd\x7b\xd7\x8c\xf8\x8e\x78\xae\x2f\x23\x99\x50\
\xa4\x8d\x12\x99\xc4\x2a\xa3\x69\x5f\x94\x90\x7d\x0e\x05\x73\xd4\
\x57\x66\x73\x2d\xc5\x22\xcd\x02\x59\x9d\xa2\x51\x31\x95\xc3\x2b\
\x30\xdf\xd8\x82\xbc\xe3\xb5\x46\x6f\x6d\xe6\xbf\xdc\x7c\xdd\x80\
\x70\x0e\x13\x68\xeb\x8e\x09\xac\x58\xe7\x5b\x51\x3c\xf6\x92\x3b\
\x3a\xa6\x09\x2f\xb4\xed\x3d\xc0\x07\xa8\xad\x4b\x07\x82\x78\x59\
\x9e\x78\xd5\xf6\xa8\x89\xb6\x61\x58\x7f\x16\x71\xd0\xf4\xfc\xab\
\x19\x41\x45\x5c\xce\xc4\xcd\x6d\x69\x39\x0c\x67\x79\x08\xf9\xb7\
\x16\xe3\x1e\x98\xab\x4b\xa7\xe9\x4c\x11\x8c\x2b\xe7\x00\x1f\x71\
\x27\x6b\x1c\xf2\x7f\xfa\xd5\x99\x77\x14\xa6\xcd\xe5\x31\xed\x77\
\x6d\xc2\x4c\xe0\x64\x1c\x37\x3f\x95\x41\x26\xa1\x2a\xe5\x41\x6c\
\x65\x41\x18\xe7\x38\xcf\xeb\x52\xd4\xed\xa3\x15\x8d\x89\x22\xb4\
\x4d\xe1\x21\xdc\xfc\x96\xdf\x86\xe0\xf5\xc0\x34\xbe\x1d\xb0\x09\
\x24\xd7\x2a\xbf\x29\x1b\x41\xc5\x50\x86\xe5\x46\x25\x27\x72\xe3\
\x86\x07\x21\x86\x7d\x3f\x2a\xda\x1a\x8a\x5a\xd9\x0f\x21\x32\x4f\
\xcd\x80\x47\x4f\x7a\xdb\x0d\x3e\x57\x66\x4b\xb9\xa4\x46\x3b\x53\
\x95\x97\x3d\x0d\x32\x19\x3c\xd8\x91\xc9\xea\x33\x9a\x9d\x55\x7b\
\x63\x35\xe9\x73\x5d\x10\x56\xbf\x48\xfc\x90\x4e\x73\x5c\x9d\xdc\
\x40\x49\x9c\x8c\x1f\x6a\xed\xa4\x84\x3a\xe0\xe0\xe3\xde\xb0\xf5\
\x5b\x17\xd9\x90\x80\xfd\x08\xcd\x61\x52\xe3\x4c\xe7\x95\x46\x7e\
\xf0\x14\xec\xaa\xf5\x71\xf8\x0a\x49\x22\x64\x6c\x10\x41\xa8\xdd\
\x19\x7a\x82\x3f\x0a\xc8\xa2\x74\x75\x73\x80\x7a\xd1\x50\x42\xac\
\x5c\x6d\x52\x71\xe8\x28\xa7\x61\xd8\xdd\xfe\xc5\x92\x18\x7c\xa1\
\x0c\x10\x4a\xae\x03\xcb\x36\x08\x0a\xd8\xda\x06\x78\x3e\xb9\xfe\
\x74\xf8\x74\x8d\x3d\xde\xd9\x6e\x2e\x2e\x3c\x89\x04\x82\x25\x89\
\x83\xb4\x87\x18\x2d\x8e\x89\xd3\x81\x56\x27\xd4\xa5\x9e\xe2\x16\
\x92\xe0\xac\xd6\xe1\x51\x01\x8f\x08\xc1\x48\xc6\x78\xeb\xfe\x35\
\x7e\xda\xc2\x2b\xab\x6b\x27\xfb\x7c\x6c\x62\x0d\x34\x88\x8f\xb0\
\x83\xc7\xcb\xed\xd8\x71\xeb\x56\x95\x8d\x6c\x68\x78\x52\xdd\x74\
\x7b\xc8\x61\x7d\x4e\xe1\x62\x95\x4e\xe8\xe7\xb8\xfd\xda\x93\x9c\
\x71\x83\xcf\x1e\xa3\xad\x74\x9a\xe6\xab\x65\xa3\xd8\xb4\xb7\x57\
\x71\xfc\xea\x76\xc6\xa7\x99\x38\xed\x5e\x77\x69\x77\x6f\xbb\x50\
\xb9\x86\xcc\x3f\x97\xb4\xc4\x44\x85\xba\x1c\x93\xce\x01\x07\x18\
\xaa\x1a\x8f\x88\x60\xd7\x5e\x18\xe3\x80\xed\x89\x1c\x08\xdd\xf3\
\xef\xc1\xec\x07\x61\x54\xe4\x2b\x99\xfa\x85\xdc\x57\x7a\x11\x66\
\x70\xb2\xf9\xf9\x89\x31\xf3\x60\xfa\x9e\xb8\xe9\xc5\x5b\x59\x7e\
\xc5\x62\xa6\xdd\xda\x34\xb8\xfd\xdc\x91\xaf\x0c\xa0\x01\x9f\xa7\
\x63\x9e\x2b\x2b\x55\x68\x5b\x4f\x47\x48\x3c\x92\x76\x8f\x30\x1d\
\xc0\x7b\x03\xd8\xf7\xc5\x5e\xb3\xba\xfe\xd1\x46\xb9\x6b\x55\x01\
\x0e\xc4\xc7\xcc\xce\xed\xc7\x42\x7a\x60\x64\xfd\x2b\x26\x1d\x09\
\xee\x35\xab\xd8\xb4\xe5\xd3\xe4\x84\x0b\x44\x88\x14\x0c\xc0\xee\
\x07\x90\x7a\xf0\x78\xe3\x1d\xab\x33\x4f\x82\x39\xe5\x0c\x16\x5c\
\xe4\x17\x92\x4f\x9a\x38\xc1\xee\x42\xf2\x73\x53\xcd\x1d\xbc\x4e\
\xeb\x37\x9a\x5a\x35\x21\xd9\x5f\x24\x00\x70\x00\xf6\xce\x69\x63\
\x9a\x0b\x58\x9e\x14\xce\x08\x19\x21\x4f\x3c\x70\x5b\xa6\x71\x5c\
\xb2\x6a\xe4\x32\xdd\xb6\x9e\xcf\x79\x1a\x7f\xaa\xcc\xa1\x01\xf9\
\xf0\xfd\x40\x03\x19\xf4\x35\xad\x7f\xa6\xce\x2f\x2e\x4c\x28\xd6\
\xd1\xc3\x11\x95\xe3\x97\x0b\xb4\x74\xfc\xb3\xd0\x56\x0d\xa5\xdd\
\xf4\x53\xb4\xb1\xdc\xcd\xbd\x4e\x55\x81\x03\x1c\x75\xf6\xeb\xfa\
\xd4\x77\xda\xa5\xc9\x9a\x49\xee\x25\x79\x1c\x2e\x3e\x67\x2d\xb8\
\x7b\xd6\x7a\x74\x11\x2d\xac\xeb\x6f\x01\x59\x6e\x1b\x32\x82\x0a\
\x74\xdb\xeb\xd3\x9a\x68\xd5\x9e\xd3\xfd\x12\xce\x53\xe4\x9c\x33\
\x33\x20\x24\x60\x1e\x33\xe9\xed\x54\xa1\x58\xe2\x22\x42\x98\x72\
\x72\xc6\x4e\x39\x3d\xbd\x0d\x55\xf3\x8f\x98\x8e\xd2\x2a\xab\x9f\
\xe1\x19\xda\x33\xd3\xf4\xaa\x51\x02\xc4\xb7\xbf\x6a\x11\xee\x21\
\x95\x77\x16\xf2\xd4\x2f\x04\xf6\xfc\x85\x3a\x78\x5e\x0f\x2a\x22\
\xc2\x54\x72\x1f\x68\x62\x41\xc7\x5c\xfb\xfa\xfd\x2a\x9c\xef\x08\
\x8d\x52\x38\xe2\x70\x41\x54\xc0\x3f\x2f\x34\x4b\x2b\x2c\x71\x47\
\x03\x92\xea\x48\x3c\xf0\x3f\xc9\xab\xe5\xec\x33\x56\xca\xe2\xd9\
\x0a\xdb\xba\xe4\x8f\xba\xcb\xdf\x23\xa5\x75\xfe\x1f\xf0\xee\x89\
\x77\x28\x95\xe3\x6d\xea\x48\x9a\x38\x13\x95\xfe\xe9\xce\x09\x39\
\xe7\xd2\xb8\x0b\x65\x48\x33\x1d\xcc\x64\x1c\x16\x6e\xc4\x1e\xdc\
\xf4\xae\xf3\x41\xf1\x4c\xba\x74\x70\x47\x06\xcf\x28\xe5\x98\x0c\
\x06\x62\x7f\x84\xfb\xd2\x84\x94\x27\xe4\x23\xd1\x2d\xb4\x4d\x32\
\xc4\x83\x05\xa4\x41\x97\xa3\xb2\xee\x6f\xcc\xd5\xc6\x2b\x90\x07\
\x3c\x7e\x55\xc9\x68\x5a\xe4\xfa\x9e\xa2\x67\x6f\x31\xdc\x28\x49\
\xa3\x52\x15\x50\xe7\x1f\x77\xd7\xa9\xfc\x6b\xa1\xba\xbb\x16\xd0\
\x49\x31\x05\xb6\x8e\x80\x64\xd7\xa5\x0a\x91\x94\x6e\x84\x4d\x35\
\xda\x5b\x83\xc8\x27\x19\x5c\xf5\x34\xf4\xba\x12\xfd\xd0\x4e\x7b\
\x82\x30\x6b\x82\xbb\xd5\x66\x3a\xd2\x7d\xa8\x71\xe6\x07\xdb\x90\
\xa1\x57\xb7\x3f\x5e\x2b\x47\x4b\xd5\xa5\x80\xad\x9c\xbe\x59\xbc\
\x69\x1b\x03\x3f\x2a\xaf\x5e\xbf\x8d\x70\xcf\x10\xe3\x2b\x88\xe9\
\xa4\x66\x62\x78\xc0\xf4\xa8\xc0\xf5\xa7\xc7\x22\xb4\x40\x9c\x03\
\xd0\xfd\x69\xdb\x0b\xfd\xd2\x31\xea\x2b\x78\xd4\xe6\x57\x44\xb2\
\x30\x29\xd8\xa9\x44\x00\x0f\xbd\x46\xcc\x1c\x53\xd4\x44\x7d\x0e\
\x45\x4c\xae\xf8\xc6\x69\xc9\x18\x26\xa7\x44\x02\x81\x8b\x18\x25\
\x72\x6a\x85\xe9\x60\xc7\x67\x06\xb4\x8b\x05\xeb\x58\xd7\x92\xbb\
\x3b\x10\x00\x1e\xb4\x9e\xc0\xca\x2c\x64\xc9\x25\x8f\x5a\xa7\x23\
\x92\xd8\x39\xe2\xa6\x99\xe4\x03\x68\x3c\xf5\xe9\x50\xb2\x3e\x32\
\x14\x93\x5c\xcd\x32\x06\x7c\x85\xb9\x35\x3a\xaa\xf1\x81\xc5\x40\
\x21\x76\x6f\xb8\x49\xf5\x06\xae\xc3\x6c\xdb\x40\x04\x9a\x51\x8b\
\x15\x87\x41\x0a\x06\xcf\x7a\xd7\xb7\x8c\xb2\x8c\x0a\xab\x05\xa3\
\x02\x0b\x62\xb5\x20\x01\x45\x74\x42\x36\x45\xa1\x7e\xce\x7d\x69\
\xad\x68\x1b\x8e\xc7\xad\x58\x0c\x29\xd9\x15\xb2\x2c\xc3\xb9\xd2\
\x12\x4c\xf0\x40\xf4\x02\xb0\xaf\x34\x79\x02\x38\x8b\x1e\x98\x35\
\xdc\xf1\x54\xee\x2d\xc3\x02\x70\xbf\x8d\x26\xc5\x63\xcc\x2e\x6c\
\xa6\x8e\x36\xf9\x4e\xe0\x09\x39\x3d\x05\x64\x3b\x4a\x8d\xc8\x35\
\xdf\x6a\xb0\xa0\x0e\xa0\x74\x1d\xbb\xd7\x2f\x25\xb8\x2c\x48\xae\
\x69\x54\x49\x8e\xf6\x31\x9e\xe6\x44\xe7\x19\xa8\x1a\xf9\xc9\xe1\
\x70\x3d\x2b\x69\xed\x89\xed\x50\x9b\x31\xfd\xd1\xf9\x53\x55\x50\
\x73\x23\x19\xee\x9d\x8f\x43\x9a\x60\x95\xc9\xad\xbf\xb0\x82\x7e\
\xe0\x1f\x85\x3c\x58\x8f\x41\xf9\x53\xf6\xa8\x4e\x68\xc7\x59\x18\
\x8e\x87\xf2\xa9\xd1\x25\x6e\x02\x1a\xd6\x4b\x20\x2a\xca\x59\xa0\
\x18\x34\x7b\x54\x4f\x3a\x31\x16\xd2\x52\x72\xc7\x02\xac\x45\x60\
\xa1\x81\x20\x93\xef\x5b\x2b\x6e\x83\xb0\x35\x28\x8d\x47\x4a\xcd\
\xd6\x25\xcc\xa3\x15\xa6\x3a\xe3\x1e\xc2\xae\xa4\x21\x71\x8a\x77\
\x02\x97\x75\x63\x29\xb6\x2b\xdc\x0a\x7b\x54\x32\xdb\xab\x29\xf9\
\x79\xa9\x77\x52\x31\xe6\xa3\x99\x82\x32\xe7\xb0\x04\x72\x32\x2b\
\x1e\xe7\x4b\xc9\x26\x2f\x94\xfa\x1a\xea\x58\x1c\x90\x06\x6a\x37\
\x88\x32\x8d\xca\x6b\x48\xd7\xb1\xa4\x5d\x8e\x36\x4b\x59\x22\xe2\
\x48\xcf\xd7\x15\x59\x86\xc2\x59\x72\x1b\x1c\x10\x71\x5d\x6d\xc4\
\x96\xae\xfe\x40\x0a\x8e\x7e\xee\xe1\x8f\xc3\x9a\xcc\xba\xb3\x86\
\x74\x63\x12\x6c\x6c\xff\x00\x7b\x20\x56\xb0\xae\xa5\xa1\xaa\x77\
\x31\x9b\x51\x05\x92\x4f\x98\xb2\xae\x18\x70\x39\x1d\x31\xc5\x35\
\x2e\x9a\x4d\xce\x5b\xe4\x71\xdc\x82\xab\xdb\xa5\x58\x7b\x02\x8d\
\x92\xbd\x6a\x41\xa7\x33\xc4\xcb\x12\x0c\x01\xeb\x8e\x7d\x2b\x75\
\x4d\x3d\x87\xa1\xaf\xa6\x78\xbf\x52\xd2\x40\xdb\x74\xd7\x30\x00\
\x14\x43\x27\xcc\x98\x1e\x87\xaa\xd7\x75\xa5\x78\xe7\x49\xd4\x4a\
\xc5\x70\xc2\xca\x6d\x83\x25\xdf\x72\x12\x7d\xfa\x81\xd3\xad\x78\
\xfb\x43\x73\x11\xd9\x30\x93\xcb\xe4\x30\x4e\x31\xf8\x9a\x23\x84\
\x32\x16\x33\x3e\xe6\x07\x80\x31\xc6\x3a\x9e\x39\xa9\xb4\xa3\xb8\
\x29\x34\x7b\x0e\xb5\xa2\x3d\xbd\xe5\xbe\xb1\x6b\x23\x63\xee\xe5\
\x08\x6d\xc7\x38\x52\xa4\x0f\x42\x47\x3d\x8d\x79\xaf\x8a\x15\xf4\
\xeb\xeb\x9b\x4b\x88\x15\x25\x9b\x05\x64\x88\x9d\xa4\x13\x92\x0e\
\x3f\x8b\xa7\x07\x8a\x8b\x49\xd7\xb5\x7d\x17\x10\x43\x78\xfb\x06\
\x49\x4e\xaa\x7d\xb6\xf4\xad\x3b\x8f\x15\x26\xa3\x2d\x9c\x97\x50\
\xc2\x81\x03\x2b\x84\x5d\xbb\xc1\x1d\x0f\x1d\x38\xe6\x93\xdc\xbe\
\x64\xce\x02\x20\x23\x96\x6d\xdf\x77\x04\x80\xbd\x19\x4f\x71\x9a\
\xea\xbc\x38\x7e\xcc\x60\x92\x4d\x89\xb6\x4d\xca\x8e\x32\x0a\xf4\
\x39\xff\x00\x3c\xd5\x2d\x46\xd6\xc3\x51\xd5\x26\x9a\x11\x0c\x28\
\xb0\x87\x64\x8f\x71\x4c\xe4\xe4\xaf\x7c\x67\xf9\xd4\x29\x63\x7b\
\x1d\xc1\x92\x4b\x27\xb6\x84\x10\x5c\xab\x1f\x94\x1e\x3a\x75\xeb\
\x4a\x76\x92\xb0\x8e\x97\x50\x31\x5e\x47\x71\x1a\x79\x31\x47\x03\
\x30\x03\x79\x19\x24\x92\x18\x7e\x18\xac\x09\x6e\xfc\xd8\x22\x88\
\x48\x03\x33\x09\x1d\xb6\xed\xc0\xc6\x31\xef\xc5\x69\xcd\x2a\x5a\
\x5a\x94\x92\x34\x69\xcb\xc6\x09\x77\x23\xe5\x03\x04\x7b\x1e\xf8\
\xa8\x2c\xf4\xfd\xf2\x43\x75\x6a\x06\xd8\xb0\x27\xde\xb8\x51\xbb\
\x85\x23\x39\xcf\xaf\xe2\x2a\x23\x1b\x02\x44\x92\xd9\xc5\x05\x84\
\x12\x2e\x47\x24\x64\x3e\x00\x62\x3a\xe3\xde\x99\xa6\x49\x6c\xf7\
\x66\xc6\xf5\x39\x65\x60\x24\xdd\x82\x18\x67\xaf\xe3\x8a\xe9\xb4\
\x9b\x65\xbd\xd2\x8e\x9f\x73\x16\x5a\x11\x33\xaf\xcb\x83\x90\xa4\
\x8e\x7d\x2a\xac\x7e\x1a\xbb\x4d\x4c\x4a\xd0\x20\x40\xd1\xbe\x4f\
\xab\x1c\x8c\x55\x5a\xe3\xb1\x7b\x47\xf0\xdd\xed\xd4\x12\x8b\x69\
\xd5\xda\x06\xd9\xb2\x46\xda\xc7\x8c\x8f\xe7\xdf\x14\xeb\xab\x1b\
\xeb\x0c\x7d\xa2\x09\x63\x07\xb9\x5e\x3f\x3e\x95\xda\x68\x36\x2d\
\x6f\x25\xd3\xbc\x7b\x5d\xbc\xb0\x0f\xaa\x81\xc6\x7d\xeb\x63\x69\
\x01\x86\x57\x69\xfe\x12\x32\x3f\x2a\xe9\xa7\x26\x90\x7b\x34\xcf\
\x2a\xfb\x63\x46\x46\x72\xc3\xb7\x19\xa5\x6b\xa8\x2e\x90\xac\xa8\
\x47\xbe\x2b\xbc\xbe\xf0\xce\x9b\x7c\x4b\x18\x7c\x87\x3d\x5a\x0e\
\x3f\x4e\x95\xce\xde\xf8\x2e\xf6\x1d\xcd\x67\x34\x77\x0b\xd9\x5b\
\xe5\x6f\xf0\x3f\xa5\x69\x74\xcc\xdd\x36\x8e\x57\xec\x51\xcb\x3a\
\xf2\xd8\xcf\x24\x0a\xb9\x25\x95\xaa\x02\x76\x96\x7c\x70\x58\xd4\
\x37\x62\xe7\x4d\x6d\xb7\x30\xcb\x14\x99\xc0\x57\x18\xcf\xd0\xd6\
\x6c\x9a\xc7\xcd\x10\x70\x41\x76\xe9\xdc\x0a\x96\xe0\x9d\x85\xca\
\xc9\x64\x8b\xec\xd1\xc9\x22\x2f\x63\xd0\xd1\x52\xbd\xcc\x4d\xbc\
\xc5\x97\x4c\x64\x29\xc1\x38\xa2\x9d\xe1\xdc\x08\x75\xdb\xc1\x2c\
\xd2\xbc\xbe\x7c\xb2\xba\xbc\x6d\x19\x0a\xbb\x17\x04\x28\x1b\x7a\
\x10\x70\x69\x34\xdd\x42\x29\x22\xb5\xb6\xba\x8a\x13\xb2\x26\x4d\
\xac\x4a\xe3\xd3\x6e\x06\x39\xf5\xe7\xbd\x73\x37\x7a\xbb\x3c\xf2\
\x9f\x97\x74\xac\x4e\x57\x8e\xa7\xa5\x47\x1c\xb2\xbe\x0e\xe6\x4c\
\x70\xb9\xe2\xb1\x6c\xd2\xe7\x4d\x77\xac\x58\x9b\x34\x89\xf6\x2c\
\x99\xc4\x76\xf0\xa1\x2a\x06\x7a\x16\x27\xb0\xae\x39\xaf\x0c\x53\
\xca\xa8\x13\x61\x27\xf8\x7f\xad\x58\xf3\x25\x25\xc4\x78\xc8\x3f\
\xc7\xc1\x20\x7a\x56\x67\x2c\xc7\x38\xe7\x3d\xe9\xad\x40\xbf\x1a\
\xcf\x7a\xc9\x0a\x39\x77\x73\xf7\x49\xe3\xfc\x2b\x52\xd6\xe6\xee\
\xd6\x38\xe1\x73\xb6\x25\x3c\x34\x27\x0c\x7f\xfa\xff\x00\xad\x61\
\xc3\x70\x6d\x91\xbc\xa9\x08\x2c\x36\x9d\xa7\x19\x15\x62\x3b\xb9\
\x2e\x08\xf2\xe2\xdb\x81\xb5\x40\x6e\x98\xef\x59\x54\x8c\x9e\xc0\
\xd1\xa3\xf6\x87\x6b\x93\x02\x2f\xca\xee\x4a\xa3\x60\x92\x7d\xcf\
\xa5\x43\x2d\xcc\xa6\x65\x47\x72\xd8\xc9\xc1\xc7\xcc\x47\x76\xa8\
\x23\xb9\x01\x8b\x18\xa3\x04\x7b\xe0\xe7\xeb\x44\xb1\xef\xb8\x12\
\x06\x04\x6e\xca\xae\x32\x6b\x3e\x5b\x6e\x4d\x8b\xd1\x5c\x48\xad\
\x94\x5d\x8c\xc7\x80\xcb\xc6\x71\xd8\xf7\xa9\x36\xcd\x34\xcf\x32\
\x61\x14\x2e\xe3\xb8\x8c\x15\xe7\x35\x59\x04\xc6\x68\xd0\x93\xb8\
\xfc\xa3\x3f\x75\x72\x09\xc7\xb1\xe2\xa6\x92\x68\xe6\x8b\x6c\x9b\
\xd0\x81\x86\xda\xb9\xce\x3b\x54\x3b\x05\x86\xf9\xd2\xcd\x07\xef\
\x72\x16\x33\xb7\x1b\x7e\x54\xe3\xae\x3d\x7d\xea\xb3\x42\xf7\x0c\
\xb2\x36\x4a\xb9\xc0\x23\x80\xdf\x41\x56\x4a\x3b\x5c\x6e\x82\x43\
\xe5\x93\x96\x07\x9c\x7a\x7e\x94\xfb\x48\xd3\xed\x1b\x77\x16\x8e\
\x3e\x77\x28\xfb\xa6\x8b\xd9\x5d\x05\x88\x26\xb2\xfb\x34\x51\x48\
\x92\x89\x4b\x83\x94\x5c\xe4\x7b\x0a\x7d\xb4\x4b\x3a\x94\x6c\xa3\
\x03\x80\x3a\xf3\xea\x6a\xe4\xb7\xf0\x02\xc7\xc9\x1b\xc3\x6d\x07\
\x1d\xbf\xcf\x6a\x73\xdd\x2c\x50\x90\x14\x05\x7e\x76\x81\x82\x72\
\x3b\xfe\x55\x1c\xee\xda\x81\x1d\xd7\xef\x77\x86\xdc\xac\x46\xdc\
\x05\xe3\x23\xad\x5a\x06\x40\xa9\xb1\x44\x88\x81\x4b\xb0\x4e\x10\
\x9e\x01\x26\xab\xc0\x4c\x84\xc9\x2c\x64\x8e\x18\x32\x8c\x00\x3f\
\xc6\xb4\xae\x2f\x33\x64\x96\xbb\x51\xa3\xc0\x7c\x20\xc6\x73\xd8\
\xfa\xf4\xa9\x6a\xfa\x31\x1a\x3a\x5d\xbd\xd4\x73\x25\xeb\xc9\xe5\
\xba\x90\x51\x33\x8e\x39\xc7\xf3\xab\xb7\x5e\x31\xbc\x01\x2c\x5e\
\x00\xd2\xb1\x18\x74\xe4\x9c\x1c\x9e\xbf\x85\x45\x69\x3c\x56\xd1\
\xb7\xee\x4b\x63\x0b\xb5\xb8\x64\x3b\x47\xff\x00\xae\xa2\x8e\xca\
\x07\xb9\xb8\x9c\xcb\x24\x08\xac\xb9\x22\x43\xc9\x1d\x79\xff\x00\
\x3d\x2b\xb2\x36\xe4\xe5\x88\xec\x67\x5d\xdc\x5c\x5e\x5e\x1b\x99\
\x8f\x96\xb9\x0b\xb4\x73\x93\x83\xcf\xe6\x33\x45\xbe\xa1\x24\x6f\
\xe6\xb2\xc8\xe7\x9e\x80\x6e\x20\x75\x1e\xd5\x1e\xa8\x71\x21\x0b\
\xb8\x2a\x90\x78\x3f\x7f\x1c\xf3\xe9\x59\xe9\x78\xa8\x4a\x33\xb6\
\xe9\x58\xe3\x6a\xf4\x5e\x38\xfc\xc5\x73\x54\x82\x7a\x13\x63\xd0\
\x21\xf1\x1a\x2c\x10\xcb\x86\x69\x00\x0c\x23\x32\x7c\xc7\x9e\xe7\
\xda\xba\x38\x35\x9d\xd1\x86\x31\x90\x0e\x0e\x73\xd8\xd7\x93\xc1\
\x3f\x99\x02\xc6\x92\x6e\x75\x39\x19\x1f\xa1\x35\xd9\xe8\xf3\xe7\
\x4e\x0a\xc4\xe6\x3f\x97\xe9\xed\x5a\x61\x5b\xe6\xe5\x22\x48\xec\
\xe3\xd4\x63\x75\xc8\x38\xfa\xd4\xa2\xe9\x0f\xa6\x6b\x89\xb8\xb8\
\x21\xbe\xf1\xc7\xb5\x2d\xb5\xfd\xc2\x37\xca\xdb\x97\xd1\xab\xd1\
\x70\x26\xe7\x74\x93\x83\xd0\xe2\x9c\x66\xff\x00\x6a\xb0\xad\x6e\
\x9e\x44\x05\x86\x0d\x68\x44\xe5\xce\x2b\x26\x2b\x96\xcb\x96\x1e\
\xb5\x0b\xa8\x6a\x78\xe0\x53\x1a\xa5\x81\x09\x8d\x49\xe7\xf9\x52\
\xf9\x51\xe3\xa0\xa5\xc9\xce\x29\x32\xd9\xc1\xa9\xb2\x01\xc1\x17\
\xdb\xf2\xa7\x80\x07\x4a\x8f\xa7\x7a\x55\x75\xa6\x05\x98\xf8\xe8\
\x7a\xd4\xaa\x71\x55\x43\x0e\xc6\xa5\x07\x14\xc6\x99\x67\x75\x28\
\x6a\x80\x31\xa5\x0f\x4e\xe3\xb9\x63\x7e\x29\x92\xc8\x36\xf2\x29\
\x9b\xc7\xad\x43\x24\xc1\x81\x1c\xd0\xc2\xe6\x3e\xa5\x11\x70\xc5\
\x86\x54\x83\x85\xf5\xae\x69\xe2\xc3\x10\x41\x38\x38\x35\xd6\xdc\
\xe0\xee\xc9\xf9\x71\xc7\xd6\xb0\xee\x61\x2c\x58\x9c\x73\xc1\xae\
\x2a\xab\x52\x6e\x63\x36\x01\xa8\xc9\xe6\xad\xc9\x6a\x73\x91\x8e\
\x9d\x6a\x03\x6c\xc4\x67\x35\x8a\xd0\x4d\x8c\xdc\x38\xe6\x9c\x29\
\x16\x1f\xef\x38\x18\xa5\x0c\xa9\xc8\xe7\xde\x98\x87\x8a\x78\xcf\
\x5c\x53\x45\xcb\x81\x8c\x01\xf8\x52\x19\xde\x41\xcd\x21\x12\xee\
\xc7\x5a\x37\xd5\x75\x7d\xcd\xb7\xbf\xd6\x94\xb7\x6c\xf2\x28\x02\
\x53\x21\xa4\xde\x7b\xd4\x1b\xf3\xc0\xa4\x2f\x8e\xf4\x58\x65\x8d\
\xf4\xd6\x97\x03\x35\x0f\x99\x4d\x2e\x7b\x75\xa2\xc3\x28\xea\x1a\
\xa5\xc5\x9c\x92\x15\x4d\xcb\xb4\x70\x1b\x9f\xad\x61\x5e\x78\x86\
\xe4\xa2\xc8\x25\x70\x0f\x0c\xaa\x3e\xee\x0f\x73\x56\x35\xfb\x59\
\xa7\x84\xc9\x08\x63\x28\xf9\x8e\x07\x1b\x40\xae\x52\x0f\xb4\xdd\
\x83\x0e\x21\x0c\xbf\xc4\x0f\xce\x7d\xb9\xeb\x5a\x42\x8a\x92\xe6\
\x66\xb1\x8a\xb1\xb5\x6b\xa9\xee\x90\x93\x37\x9b\xbf\x90\x24\xe3\
\x07\xdf\x3d\xab\xa3\x82\xfe\xda\x54\x21\xb6\xa0\x55\x07\x86\x07\
\x3e\xb5\xc4\xcb\x6e\x6d\x8e\xc4\x20\x48\x5c\x05\x0e\x31\xd7\xb9\
\xff\x00\xf5\x55\x82\x59\xa5\x8e\xc0\x29\x33\xee\xc1\xdc\xbc\x28\
\x3f\xd6\xa9\xd3\xbe\xa8\x76\xb1\xd5\x0d\x42\xd4\xca\xab\x0a\x12\
\x59\x82\x05\x7e\x84\x1e\xfc\xd6\xa7\xd8\x4c\x90\x07\x05\x95\x89\
\xce\x00\xe2\xb9\xcf\x0f\x69\xc5\xe6\x82\x4b\xc9\x77\x2a\x13\xe5\
\xa0\xe7\x76\x79\xfc\x3e\x95\xdd\xc1\x19\x0a\x77\x63\x19\xe9\xe8\
\x3d\x2b\x5a\x7e\xeb\x25\xca\xc7\x3d\x71\x6b\x28\x60\x4a\x60\x91\
\x8f\xc2\xb1\x35\x0d\x30\xcf\x24\x6f\x12\xc9\xb8\x0e\x57\xa0\xc6\
\x7f\xfd\x75\xe8\x32\x43\xb8\x03\x8e\x31\x8a\xa5\x2d\xa4\x67\x90\
\x00\xe3\x3e\xc2\xbb\x13\x4d\x6a\x0a\x67\x0f\x75\xa7\x4a\x31\x3e\
\xc2\xcf\x26\x41\xdd\xc6\xd0\x3a\x64\xf6\xcd\x62\x5e\x89\xd0\x0c\
\x92\x55\x78\xda\x1b\x20\x73\xd6\xbd\x45\xec\x03\x26\xd7\x41\xb4\
\xd6\x0e\xb5\xa7\xc6\xd7\x70\x17\x94\x45\x11\x19\x24\x27\x07\x1e\
\xff\x00\xd2\xa2\x74\xd3\xd5\x14\xa4\x71\x76\xf7\xd2\xdb\x5d\x16\
\x2f\xb4\x94\x55\xc1\x60\x30\x07\x23\xd8\xfe\x39\xae\xad\x3c\x59\
\x6f\x3e\x9f\x2d\xb5\xec\x22\xe2\x49\x30\x3c\xe6\x27\x70\x5e\xe3\
\xa7\xd0\x83\xfe\x35\x86\x9a\x79\xb9\xd6\x6d\xed\x7f\x77\x22\x32\
\xb1\x2a\x80\xe1\x46\x73\xb7\x8e\x95\x66\xe7\xc2\xec\xf6\xee\xc2\
\x4d\x91\x8c\xb2\x82\xd9\xe3\xea\x39\xe3\xde\xb2\xf6\x4d\xea\x8d\
\x13\x2d\x6a\xb7\x31\x5c\x8b\x73\x1c\xe2\x45\x11\x10\xa5\x97\x91\
\x8e\x54\x1f\xa6\x71\x9f\x6a\x9b\x43\xbb\x16\x60\x43\x2b\x2c\x89\
\x20\x2e\xe3\x07\x28\xd8\xed\xfa\x63\xf1\xae\x66\xf2\xce\x6d\x3a\
\x20\x64\x77\xd8\x1b\x70\x3d\x46\x33\xce\x0f\x7a\xd0\xd2\xf5\x51\
\x15\xc8\x13\xa8\x70\x06\x48\xf4\xee\x2a\x1c\x5a\x2a\xe7\xab\xd9\
\x41\x6f\x22\xef\x08\x14\xb8\x0a\x0b\x12\x03\x00\x0f\x6e\xdd\xc5\
\x6a\x6a\x36\x91\x1d\x22\x44\x5e\x63\x8f\x6c\xb8\x5e\x0b\x63\x1c\
\x13\xe9\x5c\xd7\x83\xf5\x9b\x33\x64\xb0\xcb\x72\xa6\x60\x40\x11\
\xb7\x55\xce\x78\xc7\x7a\xea\xe7\x9c\x2c\x25\x80\x57\x1b\x79\xe7\
\xa0\xaa\x86\xc6\x88\xbd\x00\x2f\x18\x9d\x23\x74\x12\x28\x3c\x1e\
\x94\xff\x00\x30\x8c\x89\x19\xfd\x89\x19\xaa\x96\xe8\x51\x42\xc6\
\xac\x55\x78\xce\x6a\x67\x63\xd8\x6d\x3e\xfc\xd6\xa8\x63\xcc\xcb\
\xd0\x90\x3f\x1a\x40\x47\x50\x45\x53\x94\x4a\xa7\xe7\xc1\xa9\x51\
\x10\xa8\x24\x60\x8a\xab\x0a\xe2\x5e\x43\x15\xd4\x06\x39\x63\x59\
\x10\x8e\x43\x0c\xd7\x1f\xaa\x78\x2f\x49\xb9\xce\xc1\x2c\x12\xb1\
\xe1\x95\xf3\xfa\x1e\x9f\x85\x76\x3b\xa2\xc8\xc0\x6f\xc5\xb0\x33\
\xef\x54\xaf\x41\x93\x23\xc8\x3d\x40\xda\x08\x3c\xff\x00\x8f\xf8\
\x8a\xce\x70\x4d\xdd\x86\x87\x99\xdd\xf8\x3f\x53\xb2\x67\x92\xdd\
\x0d\xd4\x68\x70\x59\x5f\x0e\x07\xfb\xbd\xff\x00\x5a\x2b\xb7\xb6\
\xb9\x16\x7a\x83\xe7\x71\x0e\xe0\x2b\x31\xe1\x86\x38\xe3\xd4\x1f\
\xd0\xd1\x53\xc8\x83\x95\x1f\xff\xd9\
"

qt_resource_name = b"\
\x00\x03\
\x00\x00\x7b\x99\
\x00\x74\
\x00\x72\x00\x79\
\x00\x0a\
\x06\x50\x62\x87\
\x00\x73\
\x00\x63\x00\x68\x00\x6f\x00\x6f\x00\x6c\x00\x2e\x00\x6a\x00\x70\x00\x67\
"

qt_resource_struct_v1 = b"\
\x00\x00\x00\x00\x00\x02\x00\x00\x00\x01\x00\x00\x00\x01\
\x00\x00\x00\x00\x00\x02\x00\x00\x00\x01\x00\x00\x00\x02\
\x00\x00\x00\x0c\x00\x00\x00\x00\x00\x01\x00\x00\x00\x00\
"

qt_resource_struct_v2 = b"\
\x00\x00\x00\x00\x00\x02\x00\x00\x00\x01\x00\x00\x00\x01\
\x00\x00\x00\x00\x00\x00\x00\x00\
\x00\x00\x00\x00\x00\x02\x00\x00\x00\x01\x00\x00\x00\x02\
\x00\x00\x00\x00\x00\x00\x00\x00\
\x00\x00\x00\x0c\x00\x00\x00\x00\x00\x01\x00\x00\x00\x00\
\x00\x00\x01\xa0\xdd\xed\x25\xdc\
"

qt_version = [int(v) for v in QtCore.qVersion().split('.')]
if qt_version < [5, 8, 0]:
    rcc_version = 1
    qt_resource_struct = qt_resource_struct_v1
else:
    rcc_version = 2
    qt_resource_struct = qt_resource_struct_v2

def qInitResources():
    QtCore.qRegisterResourceData(rcc_version, qt_resource_struct, qt_resource_name, qt_resource_data)

def qCleanupResources():
    QtCore.qUnregisterResourceData(rcc_version, qt_resource_struct, qt_resource_name, qt_resource_data)

qInitResources()
